# ************************************************************
# Sequel Pro SQL dump
# Version 4541
#
# http://www.sequelpro.com/
# https://github.com/sequelpro/sequelpro
#
# Host: 127.0.0.1 (MySQL 5.7.13)
# Database: bazy
# Generation Time: 2016-11-09 17:20:51 +0000
# ************************************************************


/*!40101 SET @OLD_CHARACTER_SET_CLIENT=@@CHARACTER_SET_CLIENT */;
/*!40101 SET @OLD_CHARACTER_SET_RESULTS=@@CHARACTER_SET_RESULTS */;
/*!40101 SET @OLD_COLLATION_CONNECTION=@@COLLATION_CONNECTION */;
/*!40101 SET NAMES utf8 */;
/*!40014 SET @OLD_FOREIGN_KEY_CHECKS=@@FOREIGN_KEY_CHECKS, FOREIGN_KEY_CHECKS=0 */;
/*!40101 SET @OLD_SQL_MODE=@@SQL_MODE, SQL_MODE='NO_AUTO_VALUE_ON_ZERO' */;
/*!40111 SET @OLD_SQL_NOTES=@@SQL_NOTES, SQL_NOTES=0 */;


# Dump of table BierzeUdzial
# ------------------------------------------------------------

DROP TABLE IF EXISTS `BierzeUdzial`;

CREATE TABLE `BierzeUdzial` (
  `IdBierze` int(11) NOT NULL AUTO_INCREMENT,
  `IdPostepowania` int(11) NOT NULL,
  `IdWindykatora` int(11) NOT NULL,
  PRIMARY KEY (`IdBierze`),
  KEY `BierzeUdzial_fk0` (`IdPostepowania`),
  KEY `BierzeUdzial_fk1` (`IdWindykatora`),
  CONSTRAINT `BierzeUdzial_fk0` FOREIGN KEY (`IdPostepowania`) REFERENCES `Postepowania` (`IdPostepowania`),
  CONSTRAINT `BierzeUdzial_fk1` FOREIGN KEY (`IdWindykatora`) REFERENCES `Windykatorzy` (`IdWindykatora`)
) ENGINE=InnoDB DEFAULT CHARSET=utf8;

LOCK TABLES `BierzeUdzial` WRITE;
/*!40000 ALTER TABLE `BierzeUdzial` DISABLE KEYS */;

INSERT INTO `BierzeUdzial` (`IdBierze`, `IdPostepowania`, `IdWindykatora`)
VALUES
	(1,1,56),
	(2,2,58),
	(3,3,69),
	(4,4,100),
	(5,5,100),
	(6,6,91),
	(7,7,81),
	(8,8,47),
	(9,9,72),
	(10,10,48),
	(11,11,94),
	(12,12,15),
	(13,13,26),
	(14,14,29),
	(15,15,57),
	(16,16,68),
	(17,17,92),
	(18,18,61),
	(19,19,10),
	(20,20,71),
	(21,21,13),
	(22,22,25),
	(23,23,19),
	(24,24,11),
	(25,25,22),
	(26,26,61),
	(27,27,68),
	(28,28,15),
	(29,29,27),
	(30,30,95),
	(31,31,81),
	(32,32,83),
	(33,33,52),
	(34,34,50),
	(35,35,82),
	(36,36,52),
	(37,37,40),
	(38,38,63),
	(39,39,98),
	(40,40,12),
	(41,41,10),
	(42,42,91),
	(43,43,27),
	(44,44,36),
	(45,45,20),
	(46,46,83),
	(47,47,4),
	(48,48,12),
	(49,49,43),
	(50,50,13),
	(51,51,82),
	(52,52,56),
	(53,53,38),
	(54,54,1),
	(55,55,66),
	(56,56,59),
	(57,57,62),
	(58,58,33),
	(59,59,74),
	(60,60,89),
	(61,61,27),
	(62,62,54),
	(63,63,71),
	(64,64,79),
	(65,65,4),
	(66,66,53),
	(67,67,31),
	(68,68,44),
	(69,69,15),
	(70,70,28),
	(71,71,55),
	(72,72,25),
	(73,73,19),
	(74,74,82),
	(75,75,60),
	(76,76,38),
	(77,77,64),
	(78,78,63),
	(79,79,49),
	(80,80,7),
	(81,81,75),
	(82,82,31),
	(83,83,62),
	(84,84,12),
	(85,85,32),
	(86,86,27),
	(87,87,71),
	(88,88,93),
	(89,89,60),
	(90,90,44),
	(91,91,81),
	(92,92,87),
	(93,93,98),
	(94,94,52),
	(95,95,66),
	(96,96,1),
	(97,97,4),
	(98,98,96),
	(99,99,44),
	(100,100,19),
	(101,101,23),
	(102,102,99),
	(103,103,43),
	(104,104,42),
	(105,105,80),
	(106,106,2),
	(107,107,79),
	(108,108,43),
	(109,109,65),
	(110,110,28),
	(111,111,50),
	(112,112,39),
	(113,113,58),
	(114,114,11),
	(115,115,51),
	(116,116,89),
	(117,117,38),
	(118,118,21),
	(119,119,82),
	(120,120,97),
	(121,121,64),
	(122,122,63),
	(123,123,84),
	(124,124,62),
	(125,125,14),
	(126,126,49),
	(127,127,62),
	(128,128,18),
	(129,129,45),
	(130,130,5),
	(131,131,36),
	(132,132,67),
	(133,133,4),
	(134,134,79),
	(135,135,9),
	(136,136,83),
	(137,137,81),
	(138,138,87),
	(139,139,26),
	(140,140,45),
	(141,141,15),
	(142,142,75),
	(143,143,83),
	(144,144,72),
	(145,145,86),
	(146,146,34),
	(147,147,61),
	(148,148,23),
	(149,149,55),
	(150,150,43),
	(151,151,20),
	(152,152,19),
	(153,153,5),
	(154,154,3),
	(155,155,80),
	(156,156,18),
	(157,157,52),
	(158,158,41),
	(159,159,35),
	(160,160,96),
	(161,161,46),
	(162,162,71),
	(163,163,63),
	(164,164,49),
	(165,165,50),
	(166,166,71),
	(167,167,32),
	(168,168,30),
	(169,169,58),
	(170,170,57),
	(171,171,75),
	(172,172,72),
	(173,173,31),
	(174,174,58),
	(175,175,44),
	(176,176,16),
	(177,177,91),
	(178,178,5),
	(179,179,39),
	(180,180,45),
	(181,181,47),
	(182,182,58),
	(183,183,63),
	(184,184,51),
	(185,185,61),
	(186,186,42),
	(187,187,69),
	(188,188,13),
	(189,189,83),
	(190,190,4),
	(191,191,8),
	(192,192,28),
	(193,193,75),
	(194,194,70),
	(195,195,77),
	(196,196,24),
	(197,197,41),
	(198,198,8),
	(199,199,54);

/*!40000 ALTER TABLE `BierzeUdzial` ENABLE KEYS */;
UNLOCK TABLES;


# Dump of table Dlugi
# ------------------------------------------------------------

DROP TABLE IF EXISTS `Dlugi`;

CREATE TABLE `Dlugi` (
  `IdDlugu` int(11) NOT NULL AUTO_INCREMENT,
  `IdDluznika` int(11) NOT NULL,
  `IdWierzyciela` int(11) NOT NULL,
  `KwotaZobowiazania` float(15,2) NOT NULL,
  `DataPowstania` date NOT NULL,
  `DataPlanowanejSplaty` date NOT NULL,
  `KosztObslugi` float NOT NULL,
  `Waluta` varchar(3) NOT NULL,
  `Odsetki` float NOT NULL,
  PRIMARY KEY (`IdDlugu`),
  KEY `Dlugi_fk0` (`IdDluznika`),
  KEY `Dlugi_fk1` (`IdWierzyciela`),
  CONSTRAINT `Dlugi_fk0` FOREIGN KEY (`IdDluznika`) REFERENCES `Podmioty` (`IdPodmiotu`),
  CONSTRAINT `Dlugi_fk1` FOREIGN KEY (`IdWierzyciela`) REFERENCES `Podmioty` (`IdPodmiotu`)
) ENGINE=InnoDB DEFAULT CHARSET=utf8;

LOCK TABLES `Dlugi` WRITE;
/*!40000 ALTER TABLE `Dlugi` DISABLE KEYS */;

INSERT INTO `Dlugi` (`IdDlugu`, `IdDluznika`, `IdWierzyciela`, `KwotaZobowiazania`, `DataPowstania`, `DataPlanowanejSplaty`, `KosztObslugi`, `Waluta`, `Odsetki`)
VALUES
	(1,9,3,5884874.50,'2016-11-09','2016-11-16',3377.42,'NOK',3542),
	(2,9,6,4004833.00,'2016-11-09','2020-02-12',333.84,'PL',7883),
	(3,6,5,1842006.75,'2016-11-09','2022-09-12',253.67,'NOK',559),
	(4,3,2,23461746.00,'2016-11-09','2023-07-02',100.37,'USD',3129),
	(5,2,10,7559348.00,'2016-11-09','2022-09-30',283.41,'PL',9872),
	(6,4,6,25331230.00,'2016-11-09','2023-04-02',268.36,'USD',4343),
	(7,1,7,12638409.00,'2016-11-09','2020-01-06',119.23,'USD',4431),
	(8,2,7,1134852.50,'2016-11-09','2021-10-10',333.17,'PL',7378),
	(9,10,4,11584323.00,'2016-11-09','2022-11-29',243.03,'PL',1116),
	(10,8,5,919664.25,'2016-11-09','2017-01-15',37.04,'PL',5592),
	(11,7,3,2047344.50,'2016-11-09','2020-04-14',56.4,'USD',2311),
	(12,3,7,2350788.00,'2016-11-09','2018-03-06',1298.05,'USD',4155),
	(13,4,8,26213648.00,'2016-11-09','2018-08-12',210.94,'USD',8013),
	(14,5,2,15872155.00,'2016-11-09','2018-09-27',319.58,'USD',8673),
	(15,4,10,16717605.00,'2016-11-09','2018-01-30',1099.25,'USD',8483),
	(16,10,8,3196818.00,'2016-11-09','2024-11-01',479.6,'USD',6716),
	(17,2,8,5380251.00,'2016-11-09','2026-04-15',236.2,'NOK',5302),
	(18,3,7,4457345.50,'2016-11-09','2020-03-04',612.04,'PL',657),
	(19,5,10,5259260.50,'2016-11-09','2017-07-13',1082.45,'NOK',8900),
	(20,1,10,2116504.50,'2016-11-09','2021-01-10',496.28,'USD',3460),
	(21,3,10,5531533.50,'2016-11-09','2020-11-15',523.52,'USD',8436),
	(22,8,5,10150845.00,'2016-11-09','2025-10-18',150.65,'USD',2477),
	(23,4,1,13488954.00,'2016-11-09','2017-05-18',190.93,'USD',9894),
	(24,10,5,586111.75,'2016-11-09','2019-06-26',129.39,'PL',1148),
	(25,1,9,29936060.00,'2016-11-09','2025-03-24',49.92,'NOK',6429),
	(26,5,7,68668.53,'2016-11-09','2021-03-01',323.5,'NOK',2334),
	(27,8,9,3131553.25,'2016-11-09','2022-07-16',1.18,'PL',8638),
	(28,6,2,550093.75,'2016-11-09','2026-03-28',135.22,'USD',1655),
	(29,2,5,58466.15,'2016-11-09','2024-12-05',221.42,'NOK',6711),
	(30,3,1,11342746.00,'2016-11-09','2022-03-18',212.41,'NOK',5351),
	(31,2,7,23803174.00,'2016-11-09','2020-04-04',72.65,'NOK',6463),
	(32,5,7,731045.88,'2016-11-09','2023-03-30',673.12,'NOK',636),
	(33,10,7,5423415.00,'2016-11-09','2025-03-30',150.62,'PL',6664),
	(34,8,4,7408340.50,'2016-11-09','2020-11-06',589.02,'PL',834),
	(35,10,7,13330321.00,'2016-11-09','2021-01-10',161.66,'PL',2798),
	(36,1,7,9319954.00,'2016-11-09','2022-05-30',1081.77,'PL',2374),
	(37,1,4,15631086.00,'2016-11-09','2018-05-07',220.23,'PL',9618),
	(38,10,9,1003409.12,'2016-11-09','2026-01-08',190.7,'USD',8155),
	(39,6,7,934513.38,'2016-11-09','2020-07-17',713.14,'PL',2778),
	(40,8,2,514001.88,'2016-11-09','2023-04-11',5.67,'PL',7191),
	(41,5,2,6119868.00,'2016-11-09','2021-09-18',261.49,'NOK',4980),
	(42,2,9,9364333.00,'2016-11-09','2022-12-18',22.86,'USD',3867),
	(43,2,5,6420161.50,'2016-11-09','2021-05-21',234.92,'NOK',5106),
	(44,8,7,5411317.00,'2016-11-09','2019-12-15',1571.62,'NOK',7873),
	(45,4,2,4789787.00,'2016-11-09','2023-12-29',45.4,'USD',6755),
	(46,5,10,2695854.25,'2016-11-09','2025-11-17',225.74,'PL',5582),
	(47,1,8,26760520.00,'2016-11-09','2022-01-27',553.23,'PL',2859),
	(48,3,10,1180825.75,'2016-11-09','2026-05-17',372.76,'PL',2325),
	(49,9,1,9113637.00,'2016-11-09','2026-01-08',129.38,'PL',3534),
	(50,3,8,4306313.00,'2016-11-09','2025-05-16',1700.73,'USD',7911),
	(51,3,4,30579330.00,'2016-11-09','2026-01-12',712.71,'USD',4249),
	(52,7,1,16187212.00,'2016-11-09','2017-12-16',606.2,'PL',6907),
	(53,3,9,3526675.25,'2016-11-09','2023-04-28',936.09,'PL',7001),
	(54,2,9,1643426.62,'2016-11-09','2017-08-04',634.21,'USD',505),
	(55,9,2,10702056.00,'2016-11-09','2022-08-26',1471.4,'USD',4175),
	(56,4,7,262086.30,'2016-11-09','2019-09-13',803.81,'USD',3881),
	(57,3,10,662479.06,'2016-11-09','2018-05-03',633.11,'NOK',1357),
	(58,5,4,9922708.00,'2016-11-09','2018-08-14',83,'NOK',8226),
	(59,4,1,7597218.00,'2016-11-09','2025-08-02',89.42,'USD',5073),
	(60,6,7,3145655.75,'2016-11-09','2020-07-23',814.63,'NOK',3654),
	(61,10,1,3796913.50,'2016-11-09','2021-01-24',283.38,'USD',6106),
	(62,7,10,5577389.00,'2016-11-09','2017-03-27',553.13,'PL',825),
	(63,9,7,1062453.50,'2016-11-09','2023-03-24',525.03,'NOK',6567),
	(64,2,6,6551274.50,'2016-11-09','2020-04-12',51.13,'PL',6931),
	(65,6,7,12120842.00,'2016-11-09','2026-05-30',38.58,'USD',3721),
	(66,5,3,823087.25,'2016-11-09','2019-04-21',328.48,'USD',1993),
	(67,9,6,207983.95,'2016-11-09','2023-11-10',1287.32,'PL',8841),
	(68,6,7,3655500.25,'2016-11-09','2024-03-05',4552.18,'NOK',8090),
	(69,10,8,9068402.00,'2016-11-09','2019-11-06',350.55,'USD',7897),
	(70,7,9,7465609.00,'2016-11-09','2022-11-15',1314.5,'NOK',54),
	(71,6,9,138043.08,'2016-11-09','2025-02-19',20.59,'PL',6439),
	(72,9,2,5823493.00,'2016-11-09','2020-08-26',528.17,'PL',2075),
	(73,2,1,8809998.00,'2016-11-09','2017-09-06',3404.06,'PL',6631),
	(74,2,6,11315407.00,'2016-11-09','2017-03-04',565.92,'USD',3365),
	(75,7,5,859462.25,'2016-11-09','2021-08-28',362.7,'PL',4800),
	(76,3,1,1944748.75,'2016-11-09','2020-10-30',56.88,'USD',6242),
	(77,4,2,4549688.50,'2016-11-09','2018-05-17',2949.09,'NOK',5663),
	(78,2,10,13688951.00,'2016-11-09','2025-09-28',899.92,'USD',3746),
	(79,7,10,869524.31,'2016-11-09','2025-01-09',1614.43,'PL',4595),
	(80,6,2,4718428.50,'2016-11-09','2026-02-06',297.94,'PL',4897),
	(81,2,10,8904385.00,'2016-11-09','2023-09-11',1808.2,'PL',5689),
	(82,3,5,1008354.31,'2016-11-09','2019-04-11',200.51,'USD',6923),
	(83,3,1,180683.30,'2016-11-09','2017-03-18',103.89,'USD',6038),
	(84,1,7,1594996.50,'2016-11-09','2025-12-26',269.86,'USD',9501),
	(85,6,4,26963526.00,'2016-11-09','2024-02-27',41.95,'NOK',3960),
	(86,10,1,12635683.00,'2016-11-09','2026-01-17',635.56,'USD',987),
	(87,6,5,2600422.25,'2016-11-09','2023-05-22',788.13,'NOK',8772),
	(88,3,7,20048308.00,'2016-11-09','2025-07-12',360.24,'NOK',9321),
	(89,2,10,1643393.88,'2016-11-09','2023-05-17',1401,'PL',7617),
	(90,1,9,3907217.00,'2016-11-09','2019-02-02',33.3,'USD',8198),
	(91,4,3,2289795.75,'2016-11-09','2022-05-23',1201.38,'PL',301),
	(92,9,10,15767555.00,'2016-11-09','2023-11-07',234.67,'NOK',8625),
	(93,8,5,3567953.75,'2016-11-09','2026-02-05',1.62,'NOK',706),
	(94,2,8,673474.81,'2016-11-09','2017-01-27',7.07,'USD',4562),
	(95,4,5,9467264.00,'2016-11-09','2025-05-25',550.29,'USD',8985),
	(96,6,5,3767940.00,'2016-11-09','2021-03-27',351.12,'NOK',5242),
	(97,10,3,4104277.25,'2016-11-09','2024-03-22',152.14,'USD',5320),
	(98,2,9,15875866.00,'2016-11-09','2018-12-27',175.77,'NOK',9545),
	(99,5,3,30201936.00,'2016-11-09','2017-09-08',352.47,'NOK',4751),
	(100,7,1,1240766.38,'2016-11-09','2020-12-23',692.5,'PL',934);

/*!40000 ALTER TABLE `Dlugi` ENABLE KEYS */;
UNLOCK TABLES;


# Dump of table Faktury
# ------------------------------------------------------------

DROP TABLE IF EXISTS `Faktury`;

CREATE TABLE `Faktury` (
  `IdFaktury` int(11) NOT NULL AUTO_INCREMENT,
  `DataWystawienia` date NOT NULL,
  `IdPostepowania` int(11) NOT NULL,
  `NumerFaktury` varchar(15) NOT NULL,
  `TerminPlatnosci` date NOT NULL,
  PRIMARY KEY (`IdFaktury`),
  KEY `Faktury_fk0` (`IdPostepowania`),
  CONSTRAINT `Faktury_fk0` FOREIGN KEY (`IdPostepowania`) REFERENCES `Postepowania` (`IdPostepowania`)
) ENGINE=InnoDB DEFAULT CHARSET=utf8;

LOCK TABLES `Faktury` WRITE;
/*!40000 ALTER TABLE `Faktury` DISABLE KEYS */;

INSERT INTO `Faktury` (`IdFaktury`, `DataWystawienia`, `IdPostepowania`, `NumerFaktury`, `TerminPlatnosci`)
VALUES
	(1,'2016-11-09',682,'69835597','2016-12-10'),
	(2,'2016-11-09',963,'79642','2016-12-10'),
	(3,'2016-11-09',84,'1','2016-12-10'),
	(4,'2016-11-09',453,'6408','2016-12-10'),
	(5,'2016-11-09',340,'3757','2016-12-10'),
	(6,'2016-11-09',502,'511488000','2016-12-10'),
	(7,'2016-11-09',840,'771981','2016-12-10'),
	(8,'2016-11-09',120,'414','2016-12-10'),
	(9,'2016-11-09',459,'768704','2016-12-10'),
	(10,'2016-11-09',996,'4687913','2016-12-10'),
	(11,'2016-11-09',973,'5283159','2016-12-10'),
	(12,'2016-11-09',495,'54220','2016-12-10'),
	(13,'2016-11-08',25,'625123','2016-12-09'),
	(14,'2016-11-08',240,'7','2016-12-09'),
	(15,'2016-11-09',420,'3939','2016-12-10'),
	(16,'2016-11-09',140,'781254','2016-12-10'),
	(17,'2016-11-08',241,'932905','2016-12-09'),
	(18,'2016-11-08',941,'96697','2016-12-09'),
	(19,'2016-11-08',882,'3975','2016-12-09'),
	(20,'2016-11-09',820,'34386570','2016-12-10'),
	(21,'2016-11-08',863,'586956','2016-12-09'),
	(22,'2016-11-08',676,'72','2016-12-09'),
	(23,'2016-11-09',889,'409','2016-12-10'),
	(24,'2016-11-09',445,'7354127','2016-12-10'),
	(25,'2016-11-09',444,'647258','2016-12-10'),
	(26,'2016-11-09',298,'61','2016-12-10'),
	(27,'2016-11-09',111,'911','2016-12-10'),
	(28,'2016-11-09',620,'4412','2016-12-10'),
	(29,'2016-11-08',76,'65','2016-12-09'),
	(30,'2016-11-09',744,'43530442','2016-12-10'),
	(31,'2016-11-09',657,'7192','2016-12-10'),
	(32,'2016-11-09',596,'726','2016-12-10'),
	(33,'2016-11-09',986,'524950608','2016-12-10'),
	(34,'2016-11-09',221,'5','2016-12-10'),
	(35,'2016-11-09',928,'222844758','2016-12-10'),
	(36,'2016-11-08',87,'8','2016-12-09'),
	(37,'2016-11-09',362,'245894924','2016-12-10'),
	(38,'2016-11-09',492,'8092688','2016-12-10'),
	(39,'2016-11-08',559,'33485483','2016-12-09'),
	(40,'2016-11-09',597,'94877','2016-12-10'),
	(41,'2016-11-08',377,'92271','2016-12-09'),
	(42,'2016-11-09',419,'2630838','2016-12-10'),
	(43,'2016-11-09',686,'5','2016-12-10'),
	(44,'2016-11-08',622,'3371794','2016-12-09'),
	(45,'2016-11-09',897,'4','2016-12-10'),
	(46,'2016-11-09',256,'605881','2016-12-10'),
	(47,'2016-11-09',249,'121561','2016-12-10'),
	(48,'2016-11-09',450,'1911','2016-12-10'),
	(49,'2016-11-08',386,'753','2016-12-09'),
	(50,'2016-11-09',100,'615','2016-12-10'),
	(51,'2016-11-08',710,'64372589','2016-12-09'),
	(52,'2016-11-08',104,'217594','2016-12-09'),
	(53,'2016-11-08',950,'1','2016-12-09'),
	(54,'2016-11-09',321,'22408466','2016-12-10'),
	(55,'2016-11-09',532,'7281','2016-12-10'),
	(56,'2016-11-09',510,'14877','2016-12-10'),
	(57,'2016-11-09',812,'0','2016-12-10'),
	(58,'2016-11-09',395,'4418','2016-12-10'),
	(59,'2016-11-09',966,'46','2016-12-10'),
	(60,'2016-11-08',258,'64','2016-12-09'),
	(61,'2016-11-09',382,'928527394','2016-12-10'),
	(62,'2016-11-09',416,'97554246','2016-12-10'),
	(63,'2016-11-09',363,'462999919','2016-12-10'),
	(64,'2016-11-09',864,'48','2016-12-10'),
	(65,'2016-11-09',536,'24455','2016-12-10'),
	(66,'2016-11-09',62,'51291','2016-12-10'),
	(67,'2016-11-08',150,'39','2016-12-09'),
	(68,'2016-11-08',317,'7723','2016-12-09'),
	(69,'2016-11-08',761,'2343978','2016-12-09'),
	(70,'2016-11-09',607,'973201755','2016-12-10'),
	(71,'2016-11-08',554,'6492','2016-12-09'),
	(72,'2016-11-08',200,'0','2016-12-09'),
	(73,'2016-11-09',45,'1821','2016-12-10'),
	(74,'2016-11-09',862,'2331270','2016-12-10'),
	(75,'2016-11-08',611,'3527788','2016-12-09'),
	(76,'2016-11-08',873,'7047','2016-12-09'),
	(77,'2016-11-09',632,'87772931','2016-12-10'),
	(78,'2016-11-08',623,'505284554','2016-12-09'),
	(79,'2016-11-09',155,'76','2016-12-10'),
	(80,'2016-11-09',744,'601','2016-12-10'),
	(81,'2016-11-09',449,'502644608','2016-12-10'),
	(82,'2016-11-09',935,'2','2016-12-10'),
	(83,'2016-11-09',971,'1358','2016-12-10'),
	(84,'2016-11-08',698,'9598687','2016-12-09'),
	(85,'2016-11-09',888,'526838','2016-12-10'),
	(86,'2016-11-08',22,'45550','2016-12-09'),
	(87,'2016-11-09',421,'12593565','2016-12-10'),
	(88,'2016-11-08',807,'260486330','2016-12-09'),
	(89,'2016-11-09',815,'7','2016-12-10'),
	(90,'2016-11-09',475,'68195','2016-12-10'),
	(91,'2016-11-09',788,'641542','2016-12-10'),
	(92,'2016-11-09',418,'58','2016-12-10'),
	(93,'2016-11-09',637,'97633867','2016-12-10'),
	(94,'2016-11-08',415,'22141','2016-12-09'),
	(95,'2016-11-09',526,'33','2016-12-10'),
	(96,'2016-11-08',480,'5','2016-12-09'),
	(97,'2016-11-09',963,'4708069','2016-12-10'),
	(98,'2016-11-09',573,'72949','2016-12-10'),
	(99,'2016-11-09',666,'3919','2016-12-10'),
	(100,'2016-11-08',664,'1968420','2016-12-09');

/*!40000 ALTER TABLE `Faktury` ENABLE KEYS */;
UNLOCK TABLES;


# Dump of table Miasta
# ------------------------------------------------------------

DROP TABLE IF EXISTS `Miasta`;

CREATE TABLE `Miasta` (
  `IdMiasta` int(11) NOT NULL AUTO_INCREMENT,
  `NazwaMiasta` varchar(40) NOT NULL,
  PRIMARY KEY (`IdMiasta`)
) ENGINE=InnoDB DEFAULT CHARSET=utf8;

LOCK TABLES `Miasta` WRITE;
/*!40000 ALTER TABLE `Miasta` DISABLE KEYS */;

INSERT INTO `Miasta` (`IdMiasta`, `NazwaMiasta`)
VALUES
	(1,'Radom'),
	(2,'Iława'),
	(3,'Poznań'),
	(4,'Kalisz'),
	(5,'Jelenia Góra'),
	(6,'Jaworzno'),
	(7,'Legnica'),
	(8,'Pisz'),
	(9,'Iława'),
	(10,'Oświęcim'),
	(11,'Gdańsk'),
	(12,'Kamienica Królewska'),
	(13,'Kraków'),
	(14,'Jeziorna'),
	(15,'Koło'),
	(16,'Dębica'),
	(17,'Dąbrowa Górnicza'),
	(18,'Jastarnia'),
	(19,'Ostrołęka'),
	(20,'Chrzanów'),
	(21,'Kętrzyn'),
	(22,'Puławy'),
	(23,'Nowy Dwór Mazowiecki'),
	(24,'Ostróda'),
	(25,'Bartoszyce'),
	(26,'Tarnobrzeg'),
	(27,'Białystok'),
	(28,'Jarosław'),
	(29,'Mikołów'),
	(30,'Grudziądz'),
	(31,'Lędziny'),
	(32,'Radomsko'),
	(33,'Szwecja'),
	(34,'Świecie'),
	(35,'Lubin'),
	(36,'Brodnica'),
	(37,'Bartoszyce'),
	(38,'Przemyśl'),
	(39,'Kędzierzyn-Koźle'),
	(40,'Knurów'),
	(41,'Pruszków'),
	(42,'Stargard Szczeciński'),
	(43,'Ostrów Mazowiecka'),
	(44,'Jaworzno'),
	(45,'Legionowo'),
	(46,'Wola Kiedrzyńska'),
	(47,'Tarnów'),
	(48,'Lidzbark Warmiński'),
	(49,'Ostrzeszów'),
	(50,'Brodnica'),
	(51,'Pruszków'),
	(52,'Warszawa'),
	(53,'Pieszyce'),
	(54,'Przędzel'),
	(55,'Kościerzyna'),
	(56,'Busko-Zdrój'),
	(57,'Brodnica'),
	(58,'Kołobrzeg'),
	(59,'Legionowo'),
	(60,'Włocławek'),
	(61,'Legionowo'),
	(62,'Bezrzecze'),
	(63,'Łomża'),
	(64,'Racibórz'),
	(65,'Kościan'),
	(66,'Tomaszów Mazowiecki'),
	(67,'Tarnowskie Góry'),
	(68,'Kalisz'),
	(69,'Koło'),
	(70,'Magdalenka'),
	(71,'Zborowskie'),
	(72,'Mikołów'),
	(73,'Dzierżoniów'),
	(74,'Giżycko'),
	(75,'Ruda Śląska'),
	(76,'Szczytno'),
	(77,'Świecie'),
	(78,'Szwecja'),
	(79,'Ostrowiec Świętokrzyski'),
	(80,'Magdalenka'),
	(81,'Jaroszowa Wola'),
	(82,'Jastrzębie'),
	(83,'Kamień'),
	(84,'Ostrowiec Świętokrzyski'),
	(85,'Przemyśl'),
	(86,'Pułtusk'),
	(87,'Kamienica Królewska'),
	(88,'Świdnik'),
	(89,'Otwock'),
	(90,'Starogard Gdański'),
	(91,'Lębork'),
	(92,'Kamienica Królewska'),
	(93,'Przemyśl'),
	(94,'Osówiec'),
	(95,'Żyrardów'),
	(96,'Nowy Dwór Mazowiecki'),
	(97,'Szteklin'),
	(98,'Dębica'),
	(99,'Jadowniki'),
	(100,'Wola Kiedrzyńska'),
	(101,'Żary'),
	(102,'Inowrocław'),
	(103,'Chrzanów'),
	(104,'Rumia'),
	(105,'Gdańsk'),
	(106,'Zduńska Wola'),
	(107,'Inowrocław'),
	(108,'Zgierz'),
	(109,'Dębogórze'),
	(110,'Siedlce'),
	(111,'Łomża'),
	(112,'Babienica'),
	(113,'Żory'),
	(114,'Świebodzin'),
	(115,'Śrem'),
	(116,'Jastrzębie-Zdrój'),
	(117,'Krępiec'),
	(118,'Śrem'),
	(119,'Toruń'),
	(120,'Jeziorna'),
	(121,'Bielsko-Biała'),
	(122,'Konstancin-Jeziorna'),
	(123,'Kutno'),
	(124,'Piotrków Trybunalski'),
	(125,'Świecie'),
	(126,'Kołobrzeg'),
	(127,'Magdalenka'),
	(128,'Żory'),
	(129,'Krotoszyn'),
	(130,'Lublin'),
	(131,'Darłowo'),
	(132,'Bielsko-Biała'),
	(133,'Chorzów'),
	(134,'Rumia'),
	(135,'Łowicz'),
	(136,'Czaplinek'),
	(137,'Kłodzko'),
	(138,'Włocławek'),
	(139,'Ostrów Wielkopolski'),
	(140,'Bytom'),
	(141,'Tomaszów Mazowiecki'),
	(142,'Oświęcim'),
	(143,'Wejherowo'),
	(144,'Chełm'),
	(145,'Lubin'),
	(146,'Kołobrzeg'),
	(147,'Sanok'),
	(148,'Świecie'),
	(149,'Legionowo'),
	(150,'Zawiercie'),
	(151,'Pęcice'),
	(152,'Myszków'),
	(153,'Mikołów'),
	(154,'Kozienice'),
	(155,'Osówiec'),
	(156,'Szówsko'),
	(157,'Sandomierz'),
	(158,'Tomaszów Mazowiecki'),
	(159,'Katowice'),
	(160,'Mysłowice'),
	(161,'Bełchatów'),
	(162,'Kościerzyna'),
	(163,'Chorzów'),
	(164,'Dębica'),
	(165,'Łomża'),
	(166,'Wilkowice'),
	(167,'Sosnowiec'),
	(168,'Iława'),
	(169,'Bieruń'),
	(170,'Zgierz'),
	(171,'Kuźnica Masłońska'),
	(172,'Jasło'),
	(173,'Świętochłowice'),
	(174,'Rybnik'),
	(175,'Police'),
	(176,'Żary'),
	(177,'Lębork'),
	(178,'Ruda Śląska'),
	(179,'Bolesławiec'),
	(180,'Jasło'),
	(181,'Nowy Dwór Mazowiecki'),
	(182,'Jeziorna'),
	(183,'Luboń'),
	(184,'Luboń'),
	(185,'Ełk'),
	(186,'Kraśnik'),
	(187,'Jaroszowa Wola'),
	(188,'Starachowice'),
	(189,'Szteklin'),
	(190,'Żary'),
	(191,'Mikołów'),
	(192,'Koszalin'),
	(193,'Kościan'),
	(194,'Zgorzelec'),
	(195,'Mokrzyska'),
	(196,'Oświęcim'),
	(197,'Knurów'),
	(198,'Kutno'),
	(199,'Dębogórze');

/*!40000 ALTER TABLE `Miasta` ENABLE KEYS */;
UNLOCK TABLES;


# Dump of table Podmioty
# ------------------------------------------------------------

DROP TABLE IF EXISTS `Podmioty`;

CREATE TABLE `Podmioty` (
  `IdPodmiotu` int(11) NOT NULL AUTO_INCREMENT,
  `IdMiasta` int(11) NOT NULL,
  `Imie` varchar(40) DEFAULT NULL,
  `Nazwisko` varchar(40) DEFAULT NULL,
  `NazwaFirmy` varchar(40) DEFAULT NULL,
  `PESEL` varchar(40) DEFAULT NULL,
  `NIP` varchar(40) DEFAULT NULL,
  `REGON` varchar(40) DEFAULT NULL,
  `NrTelefonu` varchar(255) NOT NULL,
  `Adres` varchar(255) NOT NULL,
  `Email` varchar(255) NOT NULL,
  `NrKonta` varchar(255) NOT NULL,
  PRIMARY KEY (`IdPodmiotu`),
  UNIQUE KEY `PESEL` (`PESEL`),
  UNIQUE KEY `NIP` (`NIP`),
  UNIQUE KEY `REGON` (`REGON`),
  KEY `Podmioty_fk0` (`IdMiasta`),
  CONSTRAINT `Podmioty_fk0` FOREIGN KEY (`IdMiasta`) REFERENCES `Miasta` (`IdMiasta`)
) ENGINE=InnoDB DEFAULT CHARSET=utf8;

LOCK TABLES `Podmioty` WRITE;
/*!40000 ALTER TABLE `Podmioty` DISABLE KEYS */;

INSERT INTO `Podmioty` (`IdPodmiotu`, `IdMiasta`, `Imie`, `Nazwisko`, `NazwaFirmy`, `PESEL`, `NIP`, `REGON`, `NrTelefonu`, `Adres`, `Email`, `NrKonta`)
VALUES
	(1,110,'Matylda Wiśniewska','Wasilewski','Szewczyk sp. j.','02310673017','1941562759','611795009','0048 208 937 759','70-731 Kasprzaka Marcina 43/86','slewandowski@wieczorek.pl','PL92644505376960371714708455'),
	(2,60,'Adam Krajewski','Krupa','Król s. c.','60111799118','1748382820','475762348','(86) 163 59 60','53-158 Łączna 49A/31','jaworski.sylwia@lis.com','PL20897202229828440805386422'),
	(3,164,'Barbara Włodarczyk','Jakubowska','Kaczmarczyk S.A.','91091632856','9452983514','992216542','+48(54)9358537','17-430 Nadbrzeżna 65A/10','karina79@ziolkowski.pl','PL80735092576602712464564035'),
	(4,67,'dr Katarzyna Kwiatkowska','Sokołowska','Majewska sp. j.','84021715428','6284722727','950351770','946390096','22-170 Fałata Juliana 45','matylda.krupa@chmielewski.pl','PL50309836654740761090786215'),
	(5,70,'Anna Szewczyk','Przybylska','Borkowska S.K.A','58072144450','4270648517','770644830','+48(27)3427654','30-702 Sowia 66/53','piotr.wojciechowska@yahoo.com','PL57018575338096011608660351'),
	(6,42,'Tymoteusz Baranowski','Głowacka','Kowalczyk sp. k.','64042790796','6182038246','255992047','+48(69)0426831','07-258 Kleeberga Franciszka 46','emil47@interia.pl','PL34512173583998267571583269'),
	(7,29,'mgr Artur Wiśniewski','Mazurek','Maciejewska sp. z o.o.','99011299271','2732104786','916034659','0048(04)5024554','41-075 Kujawska 49/94','marciniak.laura@malinowska.pl','PL39822102187455439443581249'),
	(8,88,'mgr Igor Olszewski','Wysocki','Duda-Tomaszewska','59012154836','3772483649','031004324','+48 773 479 552','37-849 Dobra 27A','zurbanska@interia.pl','PL70625443939162400997360048'),
	(9,92,'Elżbieta Borkowska','Kalinowska','Zieliński','15302705746','5674772477','019475004','+48 74 449 50 53','76-396 Słowiańska 39','olaf.wieczorek@szulc.pl','PL02649823577441196128911188'),
	(10,180,'Maurycy Wojciechowski','Baranowski','Wróbel sp. j.','59060771722','5268023684','850323794','+48(26)5619427','93-164 Żabia 48/78','nikodem.grabowska@grabowska.pl','PL50318442282946747337567608');

/*!40000 ALTER TABLE `Podmioty` ENABLE KEYS */;
UNLOCK TABLES;


# Dump of table Ponaglenia
# ------------------------------------------------------------

DROP TABLE IF EXISTS `Ponaglenia`;

CREATE TABLE `Ponaglenia` (
  `IdPonaglenia` int(11) NOT NULL AUTO_INCREMENT,
  `IdPostepowania` int(11) NOT NULL,
  `DataWyslania` date NOT NULL,
  `PotwierdzenieOdbioru` tinyint(1) NOT NULL,
  `KosztObslugi` float NOT NULL,
  PRIMARY KEY (`IdPonaglenia`),
  KEY `Ponaglenia_fk0` (`IdPostepowania`),
  CONSTRAINT `Ponaglenia_fk0` FOREIGN KEY (`IdPostepowania`) REFERENCES `Postepowania` (`IdPostepowania`)
) ENGINE=InnoDB DEFAULT CHARSET=utf8;

LOCK TABLES `Ponaglenia` WRITE;
/*!40000 ALTER TABLE `Ponaglenia` DISABLE KEYS */;

INSERT INTO `Ponaglenia` (`IdPonaglenia`, `IdPostepowania`, `DataWyslania`, `PotwierdzenieOdbioru`, `KosztObslugi`)
VALUES
	(1,44,'2016-11-09',1,2130),
	(2,695,'2016-11-09',0,7358),
	(3,957,'2016-11-09',0,3912),
	(4,302,'2016-11-09',1,5434),
	(5,5,'2016-11-09',1,4426),
	(6,911,'2016-11-09',1,4705),
	(7,743,'2016-11-09',0,7176),
	(8,12,'2016-11-09',1,3242),
	(9,730,'2016-11-09',0,3890),
	(10,95,'2016-11-09',1,4352),
	(11,362,'2016-11-09',1,9425),
	(12,575,'2016-11-09',1,7680),
	(13,310,'2016-11-09',1,1140),
	(14,701,'2016-11-09',0,839),
	(15,244,'2016-11-09',0,1286),
	(16,686,'2016-11-09',0,4535),
	(17,156,'2016-11-09',1,7729),
	(18,873,'2016-11-09',1,5852),
	(19,197,'2016-11-09',0,3585),
	(20,585,'2016-11-09',0,730),
	(21,20,'2016-11-09',1,8297),
	(22,962,'2016-11-09',0,2819),
	(23,730,'2016-11-09',0,6897),
	(24,843,'2016-11-09',1,3997),
	(25,926,'2016-11-09',1,1142),
	(26,54,'2016-11-09',1,7385),
	(27,507,'2016-11-09',0,1060),
	(28,279,'2016-11-09',0,4842),
	(29,864,'2016-11-09',1,5924),
	(30,222,'2016-11-09',1,7952),
	(31,294,'2016-11-09',0,3605),
	(32,123,'2016-11-09',1,4996),
	(33,405,'2016-11-09',1,9481),
	(34,94,'2016-11-09',1,981),
	(35,493,'2016-11-09',0,4904),
	(36,606,'2016-11-09',1,5684),
	(37,345,'2016-11-09',0,8016),
	(38,450,'2016-11-09',0,9075),
	(39,934,'2016-11-09',1,2104),
	(40,526,'2016-11-09',1,972),
	(41,320,'2016-11-09',1,32),
	(42,680,'2016-11-09',1,8699),
	(43,179,'2016-11-09',0,4670),
	(44,127,'2016-11-09',1,9056),
	(45,225,'2016-11-09',0,2707),
	(46,715,'2016-11-09',1,6880),
	(47,283,'2016-11-09',0,6119),
	(48,84,'2016-11-09',1,8144),
	(49,991,'2016-11-09',0,8804),
	(50,201,'2016-11-09',1,1686),
	(51,297,'2016-11-09',0,7490),
	(52,300,'2016-11-09',0,4533),
	(53,169,'2016-11-09',0,5613),
	(54,636,'2016-11-09',1,7628),
	(55,541,'2016-11-09',0,4573),
	(56,811,'2016-11-09',1,7573),
	(57,499,'2016-11-09',1,4019),
	(58,110,'2016-11-09',0,4954),
	(59,925,'2016-11-09',1,5221),
	(60,805,'2016-11-09',0,741),
	(61,973,'2016-11-09',0,9450),
	(62,721,'2016-11-09',0,4969),
	(63,174,'2016-11-09',1,2277),
	(64,735,'2016-11-09',0,852),
	(65,498,'2016-11-09',1,1668),
	(66,954,'2016-11-09',1,9617),
	(67,711,'2016-11-09',0,403),
	(68,113,'2016-11-09',1,2012),
	(69,608,'2016-11-09',0,3530),
	(70,129,'2016-11-09',0,7049),
	(71,202,'2016-11-09',1,3542),
	(72,147,'2016-11-09',0,3023),
	(73,644,'2016-11-09',1,4190),
	(74,871,'2016-11-09',1,1711),
	(75,955,'2016-11-09',1,4635),
	(76,121,'2016-11-09',0,5668),
	(77,83,'2016-11-09',1,1690),
	(78,122,'2016-11-09',0,8801),
	(79,322,'2016-11-09',1,5163),
	(80,675,'2016-11-09',0,9562),
	(81,379,'2016-11-09',1,3691),
	(82,733,'2016-11-09',1,5023),
	(83,34,'2016-11-09',0,8090),
	(84,453,'2016-11-09',0,8504),
	(85,623,'2016-11-09',0,3893),
	(86,86,'2016-11-09',0,8812),
	(87,653,'2016-11-09',0,850),
	(88,821,'2016-11-09',0,4000),
	(89,701,'2016-11-09',1,3224),
	(90,217,'2016-11-09',0,3733),
	(91,173,'2016-11-09',1,6259),
	(92,541,'2016-11-09',1,261),
	(93,43,'2016-11-09',0,689),
	(94,852,'2016-11-09',0,9809),
	(95,702,'2016-11-09',0,8484),
	(96,91,'2016-11-09',0,8361),
	(97,972,'2016-11-09',0,9057),
	(98,56,'2016-11-09',0,976),
	(99,455,'2016-11-09',0,6102),
	(100,777,'2016-11-09',1,7972),
	(101,150,'2016-11-09',0,3637),
	(102,775,'2016-11-09',1,6619),
	(103,800,'2016-11-09',1,9940),
	(104,868,'2016-11-09',1,7790),
	(105,849,'2016-11-09',0,1870),
	(106,698,'2016-11-09',1,6799),
	(107,533,'2016-11-09',0,8251),
	(108,439,'2016-11-09',0,7908),
	(109,536,'2016-11-09',0,4571),
	(110,145,'2016-11-09',1,3393),
	(111,942,'2016-11-09',1,3936),
	(112,306,'2016-11-09',0,9881),
	(113,967,'2016-11-09',0,6261),
	(114,961,'2016-11-09',1,1155),
	(115,740,'2016-11-09',0,3060),
	(116,926,'2016-11-09',0,5866),
	(117,605,'2016-11-09',1,8385),
	(118,430,'2016-11-09',1,1467),
	(119,221,'2016-11-09',0,9084),
	(120,678,'2016-11-09',1,4477),
	(121,16,'2016-11-09',1,1361),
	(122,409,'2016-11-09',0,5986),
	(123,397,'2016-11-09',1,8612),
	(124,23,'2016-11-09',1,9919),
	(125,138,'2016-11-09',0,9716),
	(126,443,'2016-11-09',1,6485),
	(127,29,'2016-11-09',0,8579),
	(128,867,'2016-11-09',0,5063),
	(129,13,'2016-11-09',0,6894),
	(130,921,'2016-11-09',1,183),
	(131,369,'2016-11-09',1,2884),
	(132,504,'2016-11-09',0,8631),
	(133,102,'2016-11-09',0,4054),
	(134,963,'2016-11-09',0,9072),
	(135,955,'2016-11-09',1,1494),
	(136,927,'2016-11-09',0,3162),
	(137,575,'2016-11-09',1,884),
	(138,433,'2016-11-09',0,2900),
	(139,938,'2016-11-09',0,7120),
	(140,627,'2016-11-09',0,8113),
	(141,645,'2016-11-09',1,9262),
	(142,933,'2016-11-09',0,4504),
	(143,796,'2016-11-09',1,3709),
	(144,200,'2016-11-09',0,3137),
	(145,107,'2016-11-09',0,3936),
	(146,256,'2016-11-09',1,9153),
	(147,572,'2016-11-09',0,4665),
	(148,659,'2016-11-09',0,8837),
	(149,948,'2016-11-09',0,3146),
	(150,660,'2016-11-09',0,6656),
	(151,471,'2016-11-09',1,3853),
	(152,397,'2016-11-09',0,6081),
	(153,847,'2016-11-09',1,9325),
	(154,217,'2016-11-09',1,2205),
	(155,530,'2016-11-09',1,4623),
	(156,923,'2016-11-09',0,6303),
	(157,839,'2016-11-09',0,3730),
	(158,305,'2016-11-09',1,5474),
	(159,188,'2016-11-09',0,6597),
	(160,502,'2016-11-09',1,3993),
	(161,167,'2016-11-09',1,7827),
	(162,552,'2016-11-09',1,991),
	(163,160,'2016-11-09',0,2098),
	(164,92,'2016-11-09',1,5203),
	(165,312,'2016-11-09',1,9375),
	(166,774,'2016-11-09',0,6110),
	(167,404,'2016-11-09',1,8551),
	(168,776,'2016-11-09',0,7581),
	(169,323,'2016-11-09',1,6090),
	(170,982,'2016-11-09',1,1198),
	(171,381,'2016-11-09',1,1009),
	(172,163,'2016-11-09',1,4783),
	(173,261,'2016-11-09',1,7024),
	(174,471,'2016-11-09',0,1440),
	(175,990,'2016-11-09',1,1149),
	(176,928,'2016-11-09',1,88),
	(177,538,'2016-11-09',0,7400),
	(178,393,'2016-11-09',0,7758),
	(179,151,'2016-11-09',0,9991),
	(180,760,'2016-11-09',0,7244),
	(181,879,'2016-11-09',0,6163),
	(182,979,'2016-11-09',0,601),
	(183,457,'2016-11-09',0,6620),
	(184,159,'2016-11-09',1,3563),
	(185,302,'2016-11-09',0,3616),
	(186,416,'2016-11-09',1,1403),
	(187,424,'2016-11-09',0,3216),
	(188,163,'2016-11-09',0,2786),
	(189,939,'2016-11-09',0,5576),
	(190,938,'2016-11-09',0,8184),
	(191,662,'2016-11-09',0,4600),
	(192,278,'2016-11-09',0,2643),
	(193,337,'2016-11-09',1,3293),
	(194,999,'2016-11-09',1,8639),
	(195,354,'2016-11-09',0,3893),
	(196,715,'2016-11-09',0,8412),
	(197,855,'2016-11-09',1,8314),
	(198,176,'2016-11-09',0,2150),
	(199,454,'2016-11-09',1,7482),
	(200,11,'2016-11-09',1,417),
	(201,829,'2016-11-09',0,2127),
	(202,289,'2016-11-09',0,3620),
	(203,552,'2016-11-09',0,9669),
	(204,881,'2016-11-09',1,7307),
	(205,745,'2016-11-09',1,7954),
	(206,133,'2016-11-09',1,2759),
	(207,974,'2016-11-09',0,1793),
	(208,806,'2016-11-09',1,2454),
	(209,20,'2016-11-09',0,2500),
	(210,768,'2016-11-09',0,1922),
	(211,808,'2016-11-09',0,7954),
	(212,20,'2016-11-09',0,6766),
	(213,382,'2016-11-09',0,8943),
	(214,349,'2016-11-09',1,1111),
	(215,79,'2016-11-09',1,6807),
	(216,874,'2016-11-09',0,9655),
	(217,150,'2016-11-09',0,1058),
	(218,328,'2016-11-09',0,4205),
	(219,573,'2016-11-09',0,1889),
	(220,822,'2016-11-09',1,9669),
	(221,13,'2016-11-09',1,5745),
	(222,809,'2016-11-09',0,4701),
	(223,485,'2016-11-09',1,9169),
	(224,379,'2016-11-09',1,2451),
	(225,489,'2016-11-09',1,3168),
	(226,170,'2016-11-09',0,5213),
	(227,135,'2016-11-09',0,6996),
	(228,240,'2016-11-09',1,6832),
	(229,660,'2016-11-09',0,6861),
	(230,848,'2016-11-09',0,4563),
	(231,815,'2016-11-09',0,348),
	(232,389,'2016-11-09',0,6322),
	(233,858,'2016-11-09',1,6116),
	(234,775,'2016-11-09',1,9389),
	(235,20,'2016-11-09',1,3456),
	(236,336,'2016-11-09',0,6253),
	(237,857,'2016-11-09',0,548),
	(238,556,'2016-11-09',0,8106),
	(239,239,'2016-11-09',0,1398),
	(240,925,'2016-11-09',0,2898),
	(241,380,'2016-11-09',1,4527),
	(242,414,'2016-11-09',1,4237),
	(243,46,'2016-11-09',0,8786),
	(244,657,'2016-11-09',0,7125),
	(245,596,'2016-11-09',0,356),
	(246,941,'2016-11-09',0,5266),
	(247,566,'2016-11-09',0,1529),
	(248,620,'2016-11-09',0,184),
	(249,430,'2016-11-09',0,5426),
	(250,569,'2016-11-09',1,9145),
	(251,858,'2016-11-09',0,1018),
	(252,310,'2016-11-09',1,6763),
	(253,734,'2016-11-09',0,1097),
	(254,612,'2016-11-09',0,3173),
	(255,324,'2016-11-09',0,5440),
	(256,359,'2016-11-09',0,1067),
	(257,885,'2016-11-09',0,5247),
	(258,37,'2016-11-09',1,4985),
	(259,54,'2016-11-09',0,7103),
	(260,597,'2016-11-09',0,8462),
	(261,511,'2016-11-09',1,3626),
	(262,612,'2016-11-09',0,2922),
	(263,288,'2016-11-09',1,2672),
	(264,397,'2016-11-09',1,8984),
	(265,713,'2016-11-09',1,1264),
	(266,257,'2016-11-09',1,2940),
	(267,363,'2016-11-09',0,275),
	(268,887,'2016-11-09',0,3797),
	(269,385,'2016-11-09',1,1623),
	(270,95,'2016-11-09',1,5130),
	(271,941,'2016-11-09',1,7218),
	(272,303,'2016-11-09',0,2412),
	(273,594,'2016-11-09',1,4930),
	(274,861,'2016-11-09',0,3568),
	(275,759,'2016-11-09',0,5439),
	(276,885,'2016-11-09',1,900),
	(277,178,'2016-11-09',1,5198),
	(278,205,'2016-11-09',0,9860),
	(279,584,'2016-11-09',0,5071),
	(280,745,'2016-11-09',0,6237),
	(281,258,'2016-11-09',1,2512),
	(282,979,'2016-11-09',1,4897),
	(283,220,'2016-11-09',0,162),
	(284,712,'2016-11-09',1,9378),
	(285,68,'2016-11-09',0,5734),
	(286,612,'2016-11-09',0,4652),
	(287,701,'2016-11-09',1,7190),
	(288,220,'2016-11-09',0,8593),
	(289,206,'2016-11-09',0,3846),
	(290,713,'2016-11-09',1,42),
	(291,336,'2016-11-09',1,5633),
	(292,587,'2016-11-09',1,4255),
	(293,76,'2016-11-09',0,8809),
	(294,91,'2016-11-09',0,1978),
	(295,29,'2016-11-09',1,2727),
	(296,602,'2016-11-09',0,2318),
	(297,66,'2016-11-09',1,3683),
	(298,785,'2016-11-09',0,7086),
	(299,644,'2016-11-09',1,6325),
	(300,28,'2016-11-09',0,3012),
	(301,31,'2016-11-09',0,2270),
	(302,594,'2016-11-09',1,1314),
	(303,19,'2016-11-09',0,2549),
	(304,900,'2016-11-09',0,904),
	(305,97,'2016-11-09',0,9927),
	(306,369,'2016-11-09',0,5076),
	(307,600,'2016-11-09',0,7223),
	(308,968,'2016-11-09',0,1575),
	(309,676,'2016-11-09',0,7973),
	(310,308,'2016-11-09',1,1506),
	(311,609,'2016-11-09',0,8383),
	(312,835,'2016-11-09',1,1132),
	(313,965,'2016-11-09',1,4624),
	(314,220,'2016-11-09',0,9020),
	(315,309,'2016-11-09',1,3707),
	(316,302,'2016-11-09',0,4399),
	(317,809,'2016-11-09',1,5748),
	(318,531,'2016-11-09',0,4946),
	(319,687,'2016-11-09',0,583),
	(320,485,'2016-11-09',0,6488),
	(321,634,'2016-11-09',0,2711),
	(322,472,'2016-11-09',1,4866),
	(323,585,'2016-11-09',0,7208),
	(324,47,'2016-11-09',1,8545),
	(325,949,'2016-11-09',1,856),
	(326,319,'2016-11-09',0,6839),
	(327,758,'2016-11-09',0,8821),
	(328,332,'2016-11-09',0,484),
	(329,826,'2016-11-09',0,8886),
	(330,884,'2016-11-09',1,379),
	(331,532,'2016-11-09',0,7937),
	(332,803,'2016-11-09',1,3849),
	(333,289,'2016-11-09',0,9401),
	(334,9,'2016-11-09',1,7151),
	(335,863,'2016-11-09',0,7983),
	(336,948,'2016-11-09',1,1833),
	(337,632,'2016-11-09',0,3759),
	(338,514,'2016-11-09',0,992),
	(339,561,'2016-11-09',1,5088),
	(340,449,'2016-11-09',1,4029),
	(341,486,'2016-11-09',0,9303),
	(342,280,'2016-11-09',1,9301),
	(343,664,'2016-11-09',0,5146),
	(344,604,'2016-11-09',0,1452),
	(345,319,'2016-11-09',0,7230),
	(346,117,'2016-11-09',0,6195),
	(347,300,'2016-11-09',1,2737),
	(348,675,'2016-11-09',1,2595),
	(349,773,'2016-11-09',1,713),
	(350,282,'2016-11-09',0,7656),
	(351,684,'2016-11-09',1,9921),
	(352,614,'2016-11-09',1,217),
	(353,544,'2016-11-09',1,3384),
	(354,58,'2016-11-09',0,6637),
	(355,203,'2016-11-09',0,8521),
	(356,925,'2016-11-09',0,9883),
	(357,544,'2016-11-09',0,7559),
	(358,817,'2016-11-09',1,371),
	(359,76,'2016-11-09',1,8774),
	(360,147,'2016-11-09',0,1681),
	(361,912,'2016-11-09',1,9434),
	(362,904,'2016-11-09',1,9987),
	(363,925,'2016-11-09',1,7181),
	(364,263,'2016-11-09',0,416),
	(365,926,'2016-11-09',0,6825),
	(366,778,'2016-11-09',1,4408),
	(367,766,'2016-11-09',1,4981),
	(368,522,'2016-11-09',0,2302),
	(369,558,'2016-11-09',1,7344),
	(370,435,'2016-11-09',1,5204),
	(371,603,'2016-11-09',0,9892),
	(372,546,'2016-11-09',0,729),
	(373,545,'2016-11-09',0,6988),
	(374,262,'2016-11-09',0,3834),
	(375,303,'2016-11-09',1,2700),
	(376,985,'2016-11-09',0,814),
	(377,426,'2016-11-09',0,4363),
	(378,923,'2016-11-09',1,6084),
	(379,153,'2016-11-09',1,8561),
	(380,887,'2016-11-09',1,2508),
	(381,407,'2016-11-09',0,5562),
	(382,396,'2016-11-09',1,7654),
	(383,468,'2016-11-09',0,8990),
	(384,166,'2016-11-09',1,2954),
	(385,549,'2016-11-09',0,6166),
	(386,818,'2016-11-09',0,7155),
	(387,899,'2016-11-09',1,5803),
	(388,335,'2016-11-09',0,9660),
	(389,943,'2016-11-09',0,9097),
	(390,799,'2016-11-09',1,2887),
	(391,49,'2016-11-09',1,2693),
	(392,604,'2016-11-09',1,7948),
	(393,370,'2016-11-09',1,8648),
	(394,268,'2016-11-09',0,1974),
	(395,563,'2016-11-09',1,8313),
	(396,179,'2016-11-09',0,4508),
	(397,895,'2016-11-09',1,4950),
	(398,474,'2016-11-09',0,4619),
	(399,440,'2016-11-09',1,5807),
	(400,350,'2016-11-09',1,5859),
	(401,638,'2016-11-09',1,9968),
	(402,907,'2016-11-09',0,8034),
	(403,701,'2016-11-09',0,777),
	(404,566,'2016-11-09',1,5167),
	(405,762,'2016-11-09',1,5047),
	(406,593,'2016-11-09',1,3107),
	(407,44,'2016-11-09',1,151),
	(408,538,'2016-11-09',1,534),
	(409,1000,'2016-11-09',1,339),
	(410,580,'2016-11-09',0,8118),
	(411,165,'2016-11-09',0,6387),
	(412,162,'2016-11-09',1,699),
	(413,965,'2016-11-09',1,8688),
	(414,42,'2016-11-09',1,9363),
	(415,558,'2016-11-09',1,5667),
	(416,63,'2016-11-09',0,3759),
	(417,372,'2016-11-09',0,792),
	(418,387,'2016-11-09',1,2559),
	(419,439,'2016-11-09',1,8722),
	(420,472,'2016-11-09',1,8385),
	(421,284,'2016-11-09',1,4425),
	(422,922,'2016-11-09',0,9517),
	(423,991,'2016-11-09',1,1627),
	(424,860,'2016-11-09',1,9375),
	(425,796,'2016-11-09',1,4754),
	(426,362,'2016-11-09',1,6056),
	(427,738,'2016-11-09',0,7791),
	(428,816,'2016-11-09',0,4908),
	(429,71,'2016-11-09',0,2016),
	(430,943,'2016-11-09',1,4913),
	(431,781,'2016-11-09',0,9456),
	(432,223,'2016-11-09',1,5622),
	(433,175,'2016-11-09',0,1435),
	(434,337,'2016-11-09',1,7654),
	(435,274,'2016-11-09',1,9456),
	(436,749,'2016-11-09',0,1886),
	(437,354,'2016-11-09',0,8024),
	(438,133,'2016-11-09',0,8029),
	(439,624,'2016-11-09',0,2426),
	(440,824,'2016-11-09',0,1536),
	(441,315,'2016-11-09',1,3476),
	(442,261,'2016-11-09',1,4635),
	(443,822,'2016-11-09',1,5700),
	(444,965,'2016-11-09',0,5360),
	(445,730,'2016-11-09',0,2977),
	(446,676,'2016-11-09',0,4209),
	(447,863,'2016-11-09',1,2814),
	(448,666,'2016-11-09',1,9566),
	(449,468,'2016-11-09',0,7031),
	(450,710,'2016-11-09',0,3924),
	(451,863,'2016-11-09',0,8618),
	(452,210,'2016-11-09',0,5547),
	(453,673,'2016-11-09',0,4219),
	(454,242,'2016-11-09',0,6251),
	(455,778,'2016-11-09',1,1027),
	(456,75,'2016-11-09',0,3283),
	(457,495,'2016-11-09',0,9073),
	(458,776,'2016-11-09',0,6199),
	(459,732,'2016-11-09',1,9549),
	(460,435,'2016-11-09',0,1149),
	(461,827,'2016-11-09',0,5882),
	(462,688,'2016-11-09',1,3224),
	(463,243,'2016-11-09',0,8776),
	(464,664,'2016-11-09',0,3982),
	(465,289,'2016-11-09',1,6479),
	(466,391,'2016-11-09',0,5730),
	(467,718,'2016-11-09',0,3611),
	(468,625,'2016-11-09',1,8138),
	(469,245,'2016-11-09',1,7346),
	(470,200,'2016-11-09',0,3653),
	(471,314,'2016-11-09',1,8574),
	(472,902,'2016-11-09',0,5596),
	(473,223,'2016-11-09',0,9334),
	(474,101,'2016-11-09',0,5497),
	(475,498,'2016-11-09',1,9425),
	(476,146,'2016-11-09',0,4105),
	(477,718,'2016-11-09',0,3725),
	(478,79,'2016-11-09',0,1101),
	(479,893,'2016-11-09',1,5786),
	(480,627,'2016-11-09',0,4823),
	(481,992,'2016-11-09',1,2124),
	(482,849,'2016-11-09',1,6299),
	(483,408,'2016-11-09',0,2903),
	(484,341,'2016-11-09',1,6137),
	(485,890,'2016-11-09',1,2259),
	(486,833,'2016-11-09',1,2278),
	(487,243,'2016-11-09',1,9468),
	(488,615,'2016-11-09',0,2919),
	(489,724,'2016-11-09',0,8803),
	(490,302,'2016-11-09',1,6685),
	(491,784,'2016-11-09',1,7697),
	(492,996,'2016-11-09',1,7719),
	(493,625,'2016-11-09',1,9968),
	(494,915,'2016-11-09',1,3226),
	(495,528,'2016-11-09',1,1459),
	(496,753,'2016-11-09',1,1144),
	(497,980,'2016-11-09',0,8002),
	(498,927,'2016-11-09',0,5653),
	(499,218,'2016-11-09',0,2224),
	(500,98,'2016-11-09',0,5053),
	(501,767,'2016-11-09',0,7793),
	(502,536,'2016-11-09',0,9017),
	(503,308,'2016-11-09',0,4321),
	(504,304,'2016-11-09',1,3029),
	(505,626,'2016-11-09',0,637),
	(506,771,'2016-11-09',0,6562),
	(507,885,'2016-11-09',0,4915),
	(508,685,'2016-11-09',1,9405),
	(509,250,'2016-11-09',1,1139),
	(510,471,'2016-11-09',0,5877),
	(511,976,'2016-11-09',1,8450),
	(512,755,'2016-11-09',1,983),
	(513,657,'2016-11-09',0,9746),
	(514,88,'2016-11-09',0,7662),
	(515,391,'2016-11-09',0,858),
	(516,453,'2016-11-09',1,1573),
	(517,109,'2016-11-09',0,2086),
	(518,600,'2016-11-09',0,1865),
	(519,541,'2016-11-09',1,3820),
	(520,654,'2016-11-09',1,6752),
	(521,241,'2016-11-09',0,7347),
	(522,86,'2016-11-09',0,3300),
	(523,183,'2016-11-09',0,2322),
	(524,158,'2016-11-09',0,4380),
	(525,924,'2016-11-09',0,2699),
	(526,8,'2016-11-09',0,8719),
	(527,165,'2016-11-09',0,3594),
	(528,373,'2016-11-09',1,5307),
	(529,558,'2016-11-09',1,9509),
	(530,940,'2016-11-09',0,8425),
	(531,615,'2016-11-09',0,7097),
	(532,349,'2016-11-09',0,3320),
	(533,678,'2016-11-09',1,6100),
	(534,910,'2016-11-09',0,9757),
	(535,347,'2016-11-09',0,7320),
	(536,616,'2016-11-09',0,9407),
	(537,488,'2016-11-09',0,2589),
	(538,847,'2016-11-09',0,1762),
	(539,377,'2016-11-09',0,6331),
	(540,328,'2016-11-09',1,7433),
	(541,170,'2016-11-09',1,945),
	(542,880,'2016-11-09',1,5299),
	(543,211,'2016-11-09',0,1485),
	(544,821,'2016-11-09',0,9231),
	(545,796,'2016-11-09',1,6217),
	(546,528,'2016-11-09',1,3282),
	(547,468,'2016-11-09',0,1989),
	(548,727,'2016-11-09',0,4414),
	(549,902,'2016-11-09',0,2422),
	(550,535,'2016-11-09',0,9814),
	(551,278,'2016-11-09',0,3360),
	(552,371,'2016-11-09',0,388),
	(553,901,'2016-11-09',1,4189),
	(554,48,'2016-11-09',1,7084),
	(555,971,'2016-11-09',0,3454),
	(556,593,'2016-11-09',1,5977),
	(557,920,'2016-11-09',1,3382),
	(558,118,'2016-11-09',0,9244),
	(559,559,'2016-11-09',1,8877),
	(560,801,'2016-11-09',1,1792),
	(561,782,'2016-11-09',1,6392),
	(562,117,'2016-11-09',1,9784),
	(563,155,'2016-11-09',0,5288),
	(564,573,'2016-11-09',0,8985),
	(565,282,'2016-11-09',0,649),
	(566,626,'2016-11-09',0,7572),
	(567,224,'2016-11-09',1,9178),
	(568,561,'2016-11-09',1,8046),
	(569,485,'2016-11-09',1,5930),
	(570,373,'2016-11-09',0,9150),
	(571,551,'2016-11-09',0,5148),
	(572,190,'2016-11-09',0,4850),
	(573,169,'2016-11-09',0,3556),
	(574,697,'2016-11-09',1,2740),
	(575,595,'2016-11-09',0,1633),
	(576,659,'2016-11-09',1,6443),
	(577,416,'2016-11-09',1,460),
	(578,334,'2016-11-09',0,5645),
	(579,138,'2016-11-09',0,6419),
	(580,731,'2016-11-09',0,5197),
	(581,646,'2016-11-09',0,1791),
	(582,160,'2016-11-09',1,9543),
	(583,644,'2016-11-09',0,8849),
	(584,999,'2016-11-09',0,3889),
	(585,273,'2016-11-09',1,1737),
	(586,435,'2016-11-09',1,5839),
	(587,79,'2016-11-09',1,2178),
	(588,124,'2016-11-09',1,4120),
	(589,688,'2016-11-09',0,916),
	(590,330,'2016-11-09',0,1434),
	(591,849,'2016-11-09',0,7457),
	(592,27,'2016-11-09',1,5384),
	(593,981,'2016-11-09',0,4990),
	(594,866,'2016-11-09',1,1564),
	(595,254,'2016-11-09',1,4082),
	(596,427,'2016-11-09',0,3191),
	(597,11,'2016-11-09',0,6454),
	(598,228,'2016-11-09',0,3056),
	(599,639,'2016-11-09',0,1036),
	(600,730,'2016-11-09',1,6313),
	(601,873,'2016-11-09',1,8045),
	(602,618,'2016-11-09',0,1380),
	(603,156,'2016-11-09',1,1148),
	(604,654,'2016-11-09',0,906),
	(605,810,'2016-11-09',1,3383),
	(606,218,'2016-11-09',0,212),
	(607,536,'2016-11-09',1,7817),
	(608,181,'2016-11-09',0,6667),
	(609,486,'2016-11-09',1,2397),
	(610,589,'2016-11-09',1,1416),
	(611,220,'2016-11-09',0,8913),
	(612,24,'2016-11-09',0,6685),
	(613,161,'2016-11-09',1,4267),
	(614,275,'2016-11-09',1,507),
	(615,365,'2016-11-09',1,9275),
	(616,703,'2016-11-09',1,2326),
	(617,723,'2016-11-09',0,5472),
	(618,504,'2016-11-09',1,898),
	(619,171,'2016-11-09',0,2707),
	(620,410,'2016-11-09',1,1814),
	(621,551,'2016-11-09',1,9634),
	(622,442,'2016-11-09',1,3643),
	(623,110,'2016-11-09',0,9195),
	(624,536,'2016-11-09',1,1298),
	(625,586,'2016-11-09',0,1490),
	(626,513,'2016-11-09',1,3852),
	(627,745,'2016-11-09',1,1574),
	(628,292,'2016-11-09',0,1099),
	(629,381,'2016-11-09',0,5476),
	(630,651,'2016-11-09',0,5739),
	(631,831,'2016-11-09',1,8191),
	(632,795,'2016-11-09',0,887),
	(633,158,'2016-11-09',0,5179),
	(634,77,'2016-11-09',0,2223),
	(635,206,'2016-11-09',1,2907),
	(636,355,'2016-11-09',0,615),
	(637,739,'2016-11-09',0,5539),
	(638,896,'2016-11-09',0,5506),
	(639,5,'2016-11-09',1,7173),
	(640,552,'2016-11-09',0,2938),
	(641,125,'2016-11-09',0,4198),
	(642,944,'2016-11-09',1,9866),
	(643,32,'2016-11-09',1,6635),
	(644,550,'2016-11-09',1,8752),
	(645,771,'2016-11-09',0,6726),
	(646,61,'2016-11-09',0,9820),
	(647,122,'2016-11-09',1,369),
	(648,675,'2016-11-09',1,3818),
	(649,225,'2016-11-09',0,1073),
	(650,942,'2016-11-09',1,4823),
	(651,235,'2016-11-09',0,6880),
	(652,655,'2016-11-09',0,6879),
	(653,641,'2016-11-09',0,8453),
	(654,304,'2016-11-09',1,806),
	(655,180,'2016-11-09',1,5207),
	(656,852,'2016-11-09',0,3156),
	(657,834,'2016-11-09',1,8486),
	(658,870,'2016-11-09',0,2779),
	(659,251,'2016-11-09',1,7107),
	(660,357,'2016-11-09',1,6955),
	(661,839,'2016-11-09',0,8051),
	(662,527,'2016-11-09',1,8587),
	(663,214,'2016-11-09',0,9440),
	(664,60,'2016-11-09',0,5788),
	(665,139,'2016-11-09',1,9836),
	(666,660,'2016-11-09',0,4499),
	(667,974,'2016-11-09',0,375),
	(668,823,'2016-11-09',1,2991),
	(669,100,'2016-11-09',1,7854),
	(670,811,'2016-11-09',0,2144),
	(671,506,'2016-11-09',1,8774),
	(672,311,'2016-11-09',0,1959),
	(673,169,'2016-11-09',0,1545),
	(674,113,'2016-11-09',0,4169),
	(675,691,'2016-11-09',0,8581),
	(676,675,'2016-11-09',0,1516),
	(677,124,'2016-11-09',0,2775),
	(678,161,'2016-11-09',0,2727),
	(679,459,'2016-11-09',1,5181),
	(680,244,'2016-11-09',1,1211),
	(681,458,'2016-11-09',0,5619),
	(682,335,'2016-11-09',0,5295),
	(683,530,'2016-11-09',0,7108),
	(684,684,'2016-11-09',1,9511),
	(685,100,'2016-11-09',1,3310),
	(686,958,'2016-11-09',1,3693),
	(687,109,'2016-11-09',1,3815),
	(688,386,'2016-11-09',1,2164),
	(689,658,'2016-11-09',0,1507),
	(690,175,'2016-11-09',0,8944),
	(691,296,'2016-11-09',1,1447),
	(692,857,'2016-11-09',1,7039),
	(693,386,'2016-11-09',0,4325),
	(694,97,'2016-11-09',1,2735),
	(695,48,'2016-11-09',1,8047),
	(696,378,'2016-11-09',1,115),
	(697,747,'2016-11-09',0,3409),
	(698,128,'2016-11-09',0,8306),
	(699,343,'2016-11-09',1,7794),
	(700,493,'2016-11-09',0,9719),
	(701,387,'2016-11-09',1,6223),
	(702,531,'2016-11-09',0,6073),
	(703,235,'2016-11-09',1,1225),
	(704,667,'2016-11-09',0,3207),
	(705,940,'2016-11-09',0,6188),
	(706,744,'2016-11-09',1,8747),
	(707,755,'2016-11-09',0,2400),
	(708,95,'2016-11-09',0,9893),
	(709,925,'2016-11-09',1,3972),
	(710,705,'2016-11-09',1,9790),
	(711,676,'2016-11-09',0,8567),
	(712,298,'2016-11-09',0,5911),
	(713,905,'2016-11-09',0,7108),
	(714,27,'2016-11-09',1,9266),
	(715,347,'2016-11-09',0,1904),
	(716,965,'2016-11-09',0,8305),
	(717,840,'2016-11-09',1,2178),
	(718,79,'2016-11-09',1,7312),
	(719,68,'2016-11-09',1,5880),
	(720,465,'2016-11-09',1,9370),
	(721,444,'2016-11-09',1,6734),
	(722,300,'2016-11-09',0,9402),
	(723,891,'2016-11-09',1,4422),
	(724,601,'2016-11-09',0,6099),
	(725,528,'2016-11-09',0,7169),
	(726,718,'2016-11-09',1,5678),
	(727,548,'2016-11-09',1,1732),
	(728,765,'2016-11-09',1,8721),
	(729,496,'2016-11-09',1,4969),
	(730,83,'2016-11-09',1,8251),
	(731,20,'2016-11-09',1,8294),
	(732,693,'2016-11-09',0,1321),
	(733,633,'2016-11-09',1,3387),
	(734,75,'2016-11-09',0,5716),
	(735,685,'2016-11-09',0,1514),
	(736,401,'2016-11-09',1,6952),
	(737,968,'2016-11-09',1,794),
	(738,141,'2016-11-09',0,5411),
	(739,13,'2016-11-09',1,714),
	(740,509,'2016-11-09',0,657),
	(741,334,'2016-11-09',0,5031),
	(742,163,'2016-11-09',1,2409),
	(743,295,'2016-11-09',1,8685),
	(744,633,'2016-11-09',1,983),
	(745,204,'2016-11-09',0,8542),
	(746,354,'2016-11-09',0,3282),
	(747,49,'2016-11-09',1,3491),
	(748,128,'2016-11-09',1,1344),
	(749,668,'2016-11-09',0,4146),
	(750,739,'2016-11-09',1,7775),
	(751,804,'2016-11-09',1,1611),
	(752,306,'2016-11-09',0,2367),
	(753,547,'2016-11-09',1,9448),
	(754,415,'2016-11-09',1,7281),
	(755,512,'2016-11-09',1,1958),
	(756,366,'2016-11-09',0,636),
	(757,694,'2016-11-09',1,8987),
	(758,42,'2016-11-09',0,8749),
	(759,176,'2016-11-09',0,8634),
	(760,590,'2016-11-09',1,3611),
	(761,367,'2016-11-09',0,1921),
	(762,527,'2016-11-09',1,1857),
	(763,763,'2016-11-09',1,4731),
	(764,708,'2016-11-09',1,3930),
	(765,436,'2016-11-09',1,5160),
	(766,631,'2016-11-09',0,9926),
	(767,694,'2016-11-09',0,5189),
	(768,592,'2016-11-09',1,1724),
	(769,467,'2016-11-09',0,4932),
	(770,330,'2016-11-09',0,5527),
	(771,691,'2016-11-09',1,4156),
	(772,882,'2016-11-09',1,5840),
	(773,67,'2016-11-09',0,2989),
	(774,539,'2016-11-09',1,4278),
	(775,932,'2016-11-09',0,691),
	(776,447,'2016-11-09',1,759),
	(777,440,'2016-11-09',0,7756),
	(778,958,'2016-11-09',1,5180),
	(779,130,'2016-11-09',1,4357),
	(780,622,'2016-11-09',0,9424),
	(781,175,'2016-11-09',1,8164),
	(782,590,'2016-11-09',1,2178),
	(783,173,'2016-11-09',1,3815),
	(784,472,'2016-11-09',0,2531),
	(785,899,'2016-11-09',0,5598),
	(786,967,'2016-11-09',0,4973),
	(787,42,'2016-11-09',1,1282),
	(788,817,'2016-11-09',0,3503),
	(789,335,'2016-11-09',1,394),
	(790,770,'2016-11-09',0,578),
	(791,712,'2016-11-09',0,7657),
	(792,528,'2016-11-09',1,3560),
	(793,745,'2016-11-09',0,125),
	(794,126,'2016-11-09',0,2074),
	(795,379,'2016-11-09',0,3337),
	(796,938,'2016-11-09',0,9063),
	(797,435,'2016-11-09',0,9187),
	(798,562,'2016-11-09',0,8889),
	(799,912,'2016-11-09',1,9884),
	(800,950,'2016-11-09',0,7101),
	(801,7,'2016-11-09',1,6059),
	(802,773,'2016-11-09',0,912),
	(803,128,'2016-11-09',0,7483),
	(804,140,'2016-11-09',1,8769),
	(805,346,'2016-11-09',1,9038),
	(806,679,'2016-11-09',1,8973),
	(807,585,'2016-11-09',0,9322),
	(808,504,'2016-11-09',1,7841),
	(809,393,'2016-11-09',1,9700),
	(810,381,'2016-11-09',0,9255),
	(811,91,'2016-11-09',1,5931),
	(812,696,'2016-11-09',0,7881),
	(813,787,'2016-11-09',1,7284),
	(814,535,'2016-11-09',0,7944),
	(815,411,'2016-11-09',1,2392),
	(816,315,'2016-11-09',1,6207),
	(817,212,'2016-11-09',1,4372),
	(818,144,'2016-11-09',1,8149),
	(819,928,'2016-11-09',1,1050),
	(820,898,'2016-11-09',1,3442),
	(821,823,'2016-11-09',0,5902),
	(822,416,'2016-11-09',0,6085),
	(823,204,'2016-11-09',0,7543),
	(824,932,'2016-11-09',0,400),
	(825,726,'2016-11-09',1,6703),
	(826,965,'2016-11-09',0,9796),
	(827,585,'2016-11-09',0,8743),
	(828,22,'2016-11-09',0,2729),
	(829,836,'2016-11-09',0,634),
	(830,940,'2016-11-09',1,2343),
	(831,284,'2016-11-09',0,4954),
	(832,874,'2016-11-09',0,4527),
	(833,482,'2016-11-09',1,1965),
	(834,236,'2016-11-09',1,4741),
	(835,275,'2016-11-09',0,1632),
	(836,945,'2016-11-09',1,1667),
	(837,925,'2016-11-09',0,3818),
	(838,799,'2016-11-09',1,7407),
	(839,71,'2016-11-09',1,283),
	(840,133,'2016-11-09',1,2126),
	(841,367,'2016-11-09',0,2201),
	(842,862,'2016-11-09',1,6429),
	(843,314,'2016-11-09',0,2699),
	(844,510,'2016-11-09',1,8277),
	(845,983,'2016-11-09',0,1124),
	(846,146,'2016-11-09',0,3604),
	(847,312,'2016-11-09',0,1933),
	(848,693,'2016-11-09',0,472),
	(849,433,'2016-11-09',1,7362),
	(850,461,'2016-11-09',1,3660),
	(851,673,'2016-11-09',0,2792),
	(852,892,'2016-11-09',0,657),
	(853,534,'2016-11-09',1,3333),
	(854,804,'2016-11-09',1,8361),
	(855,631,'2016-11-09',1,6142),
	(856,743,'2016-11-09',1,3370),
	(857,103,'2016-11-09',1,9831),
	(858,295,'2016-11-09',0,4285),
	(859,341,'2016-11-09',0,9433),
	(860,77,'2016-11-09',1,5919),
	(861,443,'2016-11-09',1,6065),
	(862,721,'2016-11-09',1,4827),
	(863,786,'2016-11-09',0,6720),
	(864,119,'2016-11-09',0,3711),
	(865,955,'2016-11-09',0,531),
	(866,568,'2016-11-09',0,8792),
	(867,905,'2016-11-09',0,181),
	(868,888,'2016-11-09',1,8479),
	(869,316,'2016-11-09',1,1120),
	(870,259,'2016-11-09',0,8349),
	(871,850,'2016-11-09',1,2312),
	(872,456,'2016-11-09',1,5180),
	(873,939,'2016-11-09',1,3391),
	(874,610,'2016-11-09',1,9627),
	(875,981,'2016-11-09',0,2182),
	(876,33,'2016-11-09',1,2153),
	(877,912,'2016-11-09',0,3143),
	(878,929,'2016-11-09',1,7077),
	(879,777,'2016-11-09',1,4425),
	(880,888,'2016-11-09',0,2539),
	(881,723,'2016-11-09',1,5071),
	(882,953,'2016-11-09',0,4811),
	(883,471,'2016-11-09',0,2408),
	(884,809,'2016-11-09',1,1185),
	(885,772,'2016-11-09',0,9493),
	(886,989,'2016-11-09',0,3493),
	(887,204,'2016-11-09',0,6526),
	(888,517,'2016-11-09',1,8433),
	(889,225,'2016-11-09',1,3497),
	(890,667,'2016-11-09',0,1143),
	(891,920,'2016-11-09',1,7278),
	(892,427,'2016-11-09',0,7978),
	(893,907,'2016-11-09',1,8058),
	(894,147,'2016-11-09',1,4239),
	(895,265,'2016-11-09',1,223),
	(896,214,'2016-11-09',0,6521),
	(897,563,'2016-11-09',0,1945),
	(898,215,'2016-11-09',1,6647),
	(899,58,'2016-11-09',0,9114),
	(900,407,'2016-11-09',0,467),
	(901,521,'2016-11-09',1,9026),
	(902,248,'2016-11-09',1,7122),
	(903,46,'2016-11-09',0,9915),
	(904,851,'2016-11-09',1,806),
	(905,275,'2016-11-09',1,9393),
	(906,296,'2016-11-09',1,7877),
	(907,948,'2016-11-09',1,8391),
	(908,142,'2016-11-09',0,4079),
	(909,806,'2016-11-09',0,2007),
	(910,717,'2016-11-09',1,6592),
	(911,763,'2016-11-09',1,382),
	(912,665,'2016-11-09',0,8419),
	(913,377,'2016-11-09',1,5534),
	(914,369,'2016-11-09',0,4115),
	(915,448,'2016-11-09',0,5338),
	(916,388,'2016-11-09',0,8696),
	(917,175,'2016-11-09',1,7682),
	(918,14,'2016-11-09',1,8812),
	(919,421,'2016-11-09',0,528),
	(920,621,'2016-11-09',1,6300),
	(921,280,'2016-11-09',0,7279),
	(922,317,'2016-11-09',1,743),
	(923,159,'2016-11-09',0,4652),
	(924,712,'2016-11-09',1,7070),
	(925,123,'2016-11-09',1,2237),
	(926,656,'2016-11-09',0,357),
	(927,526,'2016-11-09',1,7942),
	(928,294,'2016-11-09',0,6945),
	(929,175,'2016-11-09',0,4004),
	(930,227,'2016-11-09',0,8222),
	(931,856,'2016-11-09',0,75),
	(932,584,'2016-11-09',1,8562),
	(933,657,'2016-11-09',1,832),
	(934,122,'2016-11-09',0,6772),
	(935,829,'2016-11-09',0,7197),
	(936,52,'2016-11-09',0,1499),
	(937,86,'2016-11-09',0,7538),
	(938,880,'2016-11-09',1,3721),
	(939,574,'2016-11-09',1,4109),
	(940,974,'2016-11-09',1,708),
	(941,796,'2016-11-09',0,102),
	(942,803,'2016-11-09',0,2662),
	(943,659,'2016-11-09',0,6808),
	(944,741,'2016-11-09',1,8071),
	(945,418,'2016-11-09',0,567),
	(946,137,'2016-11-09',1,9606),
	(947,287,'2016-11-09',0,3910),
	(948,40,'2016-11-09',1,1142),
	(949,412,'2016-11-09',0,115),
	(950,822,'2016-11-09',0,1346),
	(951,892,'2016-11-09',0,1135),
	(952,901,'2016-11-09',0,6752),
	(953,167,'2016-11-09',0,8939),
	(954,847,'2016-11-09',0,2347),
	(955,654,'2016-11-09',1,4029),
	(956,710,'2016-11-09',1,6220),
	(957,670,'2016-11-09',0,9268),
	(958,60,'2016-11-09',1,1124),
	(959,174,'2016-11-09',1,8705),
	(960,184,'2016-11-09',0,6032),
	(961,318,'2016-11-09',0,1319),
	(962,431,'2016-11-09',0,4621),
	(963,106,'2016-11-09',0,4510),
	(964,999,'2016-11-09',1,1808),
	(965,233,'2016-11-09',0,3278),
	(966,636,'2016-11-09',0,6115),
	(967,257,'2016-11-09',1,1820),
	(968,184,'2016-11-09',0,7910),
	(969,295,'2016-11-09',0,8117),
	(970,166,'2016-11-09',0,6537),
	(971,769,'2016-11-09',0,3872),
	(972,900,'2016-11-09',1,213),
	(973,361,'2016-11-09',1,8203),
	(974,812,'2016-11-09',0,4669),
	(975,992,'2016-11-09',0,7661),
	(976,319,'2016-11-09',1,7748),
	(977,930,'2016-11-09',1,4534),
	(978,111,'2016-11-09',1,1920),
	(979,902,'2016-11-09',0,1038),
	(980,713,'2016-11-09',0,1993),
	(981,367,'2016-11-09',1,6122),
	(982,753,'2016-11-09',1,4561),
	(983,774,'2016-11-09',0,4050),
	(984,594,'2016-11-09',1,3530),
	(985,60,'2016-11-09',0,5337),
	(986,826,'2016-11-09',1,3501),
	(987,601,'2016-11-09',0,4230),
	(988,54,'2016-11-09',0,6792),
	(989,245,'2016-11-09',1,2310),
	(990,348,'2016-11-09',0,9471),
	(991,546,'2016-11-09',0,4323),
	(992,158,'2016-11-09',0,8160),
	(993,614,'2016-11-09',0,5610),
	(994,18,'2016-11-09',0,1173),
	(995,370,'2016-11-09',0,6640),
	(996,904,'2016-11-09',0,5297),
	(997,253,'2016-11-09',0,3249),
	(998,676,'2016-11-09',0,2306),
	(999,354,'2016-11-09',1,380),
	(1000,585,'2016-11-09',0,5577);

/*!40000 ALTER TABLE `Ponaglenia` ENABLE KEYS */;
UNLOCK TABLES;


# Dump of table Postepowania
# ------------------------------------------------------------

DROP TABLE IF EXISTS `Postepowania`;

CREATE TABLE `Postepowania` (
  `IdPostepowania` int(11) NOT NULL AUTO_INCREMENT,
  `IdUpowaznienia` int(11) NOT NULL,
  `IdRodzaju` int(11) NOT NULL,
  PRIMARY KEY (`IdPostepowania`),
  KEY `Postepowania_fk0` (`IdUpowaznienia`),
  KEY `Postepowania_fk1` (`IdRodzaju`),
  CONSTRAINT `Postepowania_fk0` FOREIGN KEY (`IdUpowaznienia`) REFERENCES `Upowaznienia` (`IdUpowaznienia`),
  CONSTRAINT `Postepowania_fk1` FOREIGN KEY (`IdRodzaju`) REFERENCES `Rodzaje` (`IdRodzaju`)
) ENGINE=InnoDB DEFAULT CHARSET=utf8;

LOCK TABLES `Postepowania` WRITE;
/*!40000 ALTER TABLE `Postepowania` DISABLE KEYS */;

INSERT INTO `Postepowania` (`IdPostepowania`, `IdUpowaznienia`, `IdRodzaju`)
VALUES
	(1,4,1),
	(2,5,3),
	(3,3,2),
	(4,10,4),
	(5,10,3),
	(6,3,3),
	(7,4,4),
	(8,10,3),
	(9,4,2),
	(10,8,4),
	(11,2,3),
	(12,8,3),
	(13,3,3),
	(14,1,3),
	(15,1,2),
	(16,3,2),
	(17,5,3),
	(18,1,3),
	(19,1,4),
	(20,6,1),
	(21,8,3),
	(22,7,1),
	(23,8,3),
	(24,7,1),
	(25,10,2),
	(26,9,1),
	(27,1,3),
	(28,7,2),
	(29,3,3),
	(30,1,1),
	(31,9,2),
	(32,6,2),
	(33,10,3),
	(34,1,1),
	(35,7,3),
	(36,1,2),
	(37,4,3),
	(38,4,1),
	(39,4,1),
	(40,2,1),
	(41,5,4),
	(42,4,2),
	(43,6,4),
	(44,8,4),
	(45,6,4),
	(46,1,2),
	(47,1,3),
	(48,8,1),
	(49,3,4),
	(50,1,4),
	(51,5,1),
	(52,3,4),
	(53,8,3),
	(54,10,1),
	(55,7,1),
	(56,4,1),
	(57,1,3),
	(58,6,3),
	(59,6,2),
	(60,5,1),
	(61,2,2),
	(62,6,1),
	(63,1,2),
	(64,3,2),
	(65,2,2),
	(66,2,3),
	(67,4,2),
	(68,5,1),
	(69,10,2),
	(70,3,3),
	(71,4,3),
	(72,8,2),
	(73,3,2),
	(74,1,4),
	(75,7,2),
	(76,10,4),
	(77,9,3),
	(78,1,4),
	(79,9,2),
	(80,2,4),
	(81,6,2),
	(82,6,4),
	(83,7,1),
	(84,1,3),
	(85,4,2),
	(86,2,3),
	(87,10,4),
	(88,1,1),
	(89,2,1),
	(90,2,4),
	(91,6,1),
	(92,6,2),
	(93,7,3),
	(94,3,2),
	(95,10,2),
	(96,5,2),
	(97,7,1),
	(98,5,2),
	(99,1,2),
	(100,9,2),
	(101,8,1),
	(102,1,3),
	(103,10,1),
	(104,10,1),
	(105,3,1),
	(106,9,4),
	(107,2,2),
	(108,3,4),
	(109,1,3),
	(110,3,1),
	(111,10,3),
	(112,6,3),
	(113,8,4),
	(114,9,4),
	(115,4,4),
	(116,2,1),
	(117,8,2),
	(118,9,3),
	(119,5,4),
	(120,9,3),
	(121,9,3),
	(122,6,1),
	(123,2,4),
	(124,10,1),
	(125,4,1),
	(126,3,1),
	(127,10,4),
	(128,9,3),
	(129,7,3),
	(130,5,1),
	(131,5,3),
	(132,3,2),
	(133,9,1),
	(134,1,2),
	(135,9,4),
	(136,1,4),
	(137,5,3),
	(138,9,3),
	(139,5,4),
	(140,9,4),
	(141,10,1),
	(142,1,4),
	(143,10,4),
	(144,6,3),
	(145,6,1),
	(146,8,1),
	(147,7,4),
	(148,4,3),
	(149,1,2),
	(150,9,4),
	(151,2,4),
	(152,8,3),
	(153,7,3),
	(154,3,1),
	(155,4,1),
	(156,9,2),
	(157,4,4),
	(158,2,2),
	(159,8,3),
	(160,10,2),
	(161,8,3),
	(162,5,2),
	(163,6,4),
	(164,9,3),
	(165,2,3),
	(166,5,2),
	(167,8,1),
	(168,10,2),
	(169,8,2),
	(170,5,1),
	(171,5,2),
	(172,4,4),
	(173,2,3),
	(174,1,4),
	(175,3,4),
	(176,4,4),
	(177,7,3),
	(178,4,1),
	(179,6,1),
	(180,8,3),
	(181,10,1),
	(182,1,3),
	(183,5,4),
	(184,10,1),
	(185,3,2),
	(186,3,3),
	(187,7,3),
	(188,5,4),
	(189,2,3),
	(190,8,2),
	(191,6,1),
	(192,5,1),
	(193,8,3),
	(194,4,2),
	(195,10,1),
	(196,1,4),
	(197,4,1),
	(198,5,3),
	(199,10,2),
	(200,10,1),
	(201,9,1),
	(202,10,2),
	(203,9,2),
	(204,3,1),
	(205,10,4),
	(206,5,3),
	(207,1,4),
	(208,7,4),
	(209,7,1),
	(210,2,3),
	(211,1,1),
	(212,4,2),
	(213,3,4),
	(214,2,1),
	(215,4,1),
	(216,5,1),
	(217,3,2),
	(218,6,1),
	(219,8,4),
	(220,2,3),
	(221,8,3),
	(222,3,4),
	(223,6,4),
	(224,7,1),
	(225,10,4),
	(226,8,1),
	(227,1,1),
	(228,5,2),
	(229,10,3),
	(230,5,2),
	(231,7,4),
	(232,4,4),
	(233,3,4),
	(234,1,1),
	(235,8,2),
	(236,8,3),
	(237,10,4),
	(238,4,3),
	(239,10,1),
	(240,8,4),
	(241,10,3),
	(242,9,1),
	(243,7,2),
	(244,3,3),
	(245,9,4),
	(246,9,2),
	(247,7,1),
	(248,4,4),
	(249,2,2),
	(250,10,4),
	(251,8,3),
	(252,5,3),
	(253,7,4),
	(254,3,3),
	(255,10,4),
	(256,5,4),
	(257,5,2),
	(258,10,1),
	(259,7,1),
	(260,7,2),
	(261,10,3),
	(262,10,3),
	(263,8,2),
	(264,6,4),
	(265,8,2),
	(266,10,3),
	(267,2,2),
	(268,2,4),
	(269,3,2),
	(270,5,1),
	(271,4,4),
	(272,2,4),
	(273,2,1),
	(274,10,4),
	(275,3,3),
	(276,3,1),
	(277,2,1),
	(278,8,4),
	(279,6,2),
	(280,10,2),
	(281,8,4),
	(282,9,4),
	(283,3,1),
	(284,8,3),
	(285,5,1),
	(286,8,4),
	(287,1,4),
	(288,7,1),
	(289,9,3),
	(290,1,1),
	(291,4,2),
	(292,3,2),
	(293,5,1),
	(294,5,1),
	(295,4,2),
	(296,4,1),
	(297,3,1),
	(298,2,2),
	(299,2,4),
	(300,10,3),
	(301,1,3),
	(302,5,1),
	(303,6,1),
	(304,3,2),
	(305,8,2),
	(306,6,1),
	(307,6,4),
	(308,6,1),
	(309,10,4),
	(310,1,2),
	(311,4,2),
	(312,5,3),
	(313,6,3),
	(314,10,4),
	(315,5,4),
	(316,4,2),
	(317,8,4),
	(318,6,2),
	(319,9,4),
	(320,8,3),
	(321,2,2),
	(322,7,3),
	(323,3,1),
	(324,8,1),
	(325,2,4),
	(326,5,3),
	(327,3,4),
	(328,1,4),
	(329,5,1),
	(330,6,4),
	(331,1,4),
	(332,4,3),
	(333,7,4),
	(334,1,3),
	(335,8,4),
	(336,2,4),
	(337,2,4),
	(338,7,2),
	(339,2,2),
	(340,6,2),
	(341,2,4),
	(342,8,2),
	(343,9,4),
	(344,2,2),
	(345,9,3),
	(346,2,4),
	(347,7,3),
	(348,7,2),
	(349,5,3),
	(350,9,1),
	(351,5,1),
	(352,2,3),
	(353,10,3),
	(354,1,1),
	(355,2,3),
	(356,4,2),
	(357,6,1),
	(358,8,2),
	(359,10,4),
	(360,7,4),
	(361,6,4),
	(362,8,1),
	(363,4,2),
	(364,6,4),
	(365,1,2),
	(366,1,2),
	(367,5,1),
	(368,1,2),
	(369,9,1),
	(370,5,4),
	(371,7,4),
	(372,3,1),
	(373,10,1),
	(374,6,4),
	(375,9,1),
	(376,8,2),
	(377,10,2),
	(378,8,2),
	(379,9,1),
	(380,2,4),
	(381,6,1),
	(382,4,1),
	(383,4,2),
	(384,4,1),
	(385,5,4),
	(386,3,1),
	(387,7,2),
	(388,4,3),
	(389,6,4),
	(390,5,2),
	(391,1,1),
	(392,9,1),
	(393,7,3),
	(394,4,3),
	(395,9,3),
	(396,4,2),
	(397,7,3),
	(398,5,1),
	(399,1,4),
	(400,3,3),
	(401,7,2),
	(402,8,2),
	(403,10,1),
	(404,8,2),
	(405,9,1),
	(406,9,4),
	(407,5,3),
	(408,10,1),
	(409,4,2),
	(410,6,1),
	(411,8,4),
	(412,6,2),
	(413,7,4),
	(414,6,3),
	(415,8,3),
	(416,3,2),
	(417,2,4),
	(418,7,1),
	(419,10,2),
	(420,6,4),
	(421,7,2),
	(422,9,1),
	(423,2,3),
	(424,2,2),
	(425,1,3),
	(426,7,4),
	(427,7,1),
	(428,3,2),
	(429,1,4),
	(430,1,4),
	(431,6,2),
	(432,3,3),
	(433,3,4),
	(434,9,1),
	(435,3,2),
	(436,2,4),
	(437,9,4),
	(438,10,1),
	(439,7,1),
	(440,5,3),
	(441,9,1),
	(442,5,3),
	(443,3,4),
	(444,9,2),
	(445,6,4),
	(446,2,1),
	(447,2,2),
	(448,8,2),
	(449,3,3),
	(450,7,2),
	(451,1,4),
	(452,5,4),
	(453,7,2),
	(454,10,2),
	(455,6,2),
	(456,1,2),
	(457,6,3),
	(458,9,4),
	(459,3,4),
	(460,2,4),
	(461,7,2),
	(462,9,4),
	(463,7,3),
	(464,3,4),
	(465,4,4),
	(466,4,2),
	(467,7,3),
	(468,4,2),
	(469,2,2),
	(470,8,3),
	(471,9,3),
	(472,1,2),
	(473,3,4),
	(474,2,3),
	(475,7,2),
	(476,4,2),
	(477,7,2),
	(478,2,2),
	(479,10,2),
	(480,2,2),
	(481,4,2),
	(482,8,1),
	(483,3,1),
	(484,4,2),
	(485,6,1),
	(486,1,2),
	(487,9,1),
	(488,7,1),
	(489,10,4),
	(490,7,3),
	(491,2,1),
	(492,10,4),
	(493,3,1),
	(494,1,1),
	(495,6,1),
	(496,6,4),
	(497,7,2),
	(498,10,4),
	(499,5,2),
	(500,3,4),
	(501,4,2),
	(502,3,1),
	(503,4,4),
	(504,3,1),
	(505,8,4),
	(506,9,4),
	(507,9,4),
	(508,8,1),
	(509,10,4),
	(510,5,3),
	(511,10,4),
	(512,6,3),
	(513,3,2),
	(514,6,3),
	(515,8,4),
	(516,8,1),
	(517,1,1),
	(518,3,2),
	(519,10,3),
	(520,7,4),
	(521,5,2),
	(522,8,2),
	(523,4,2),
	(524,5,2),
	(525,3,4),
	(526,10,1),
	(527,9,2),
	(528,9,1),
	(529,10,2),
	(530,10,3),
	(531,3,3),
	(532,8,2),
	(533,7,1),
	(534,7,3),
	(535,7,2),
	(536,4,1),
	(537,8,1),
	(538,4,1),
	(539,6,4),
	(540,5,4),
	(541,8,2),
	(542,10,3),
	(543,8,4),
	(544,9,3),
	(545,3,3),
	(546,4,2),
	(547,4,1),
	(548,8,1),
	(549,3,2),
	(550,7,4),
	(551,8,1),
	(552,10,3),
	(553,2,2),
	(554,7,3),
	(555,2,1),
	(556,5,4),
	(557,5,2),
	(558,7,2),
	(559,3,2),
	(560,10,3),
	(561,2,2),
	(562,1,2),
	(563,6,4),
	(564,5,4),
	(565,3,1),
	(566,7,4),
	(567,2,3),
	(568,6,1),
	(569,9,1),
	(570,9,1),
	(571,4,2),
	(572,10,4),
	(573,8,3),
	(574,1,1),
	(575,1,1),
	(576,7,1),
	(577,4,3),
	(578,7,4),
	(579,5,1),
	(580,7,3),
	(581,3,2),
	(582,8,2),
	(583,9,1),
	(584,6,3),
	(585,5,2),
	(586,8,4),
	(587,9,3),
	(588,6,3),
	(589,4,3),
	(590,7,2),
	(591,7,2),
	(592,5,1),
	(593,10,1),
	(594,10,2),
	(595,3,3),
	(596,2,3),
	(597,10,4),
	(598,9,4),
	(599,2,2),
	(600,5,3),
	(601,10,1),
	(602,4,4),
	(603,10,4),
	(604,4,2),
	(605,6,1),
	(606,7,1),
	(607,4,1),
	(608,3,2),
	(609,3,1),
	(610,8,2),
	(611,9,4),
	(612,10,4),
	(613,9,4),
	(614,6,4),
	(615,4,1),
	(616,5,2),
	(617,3,4),
	(618,1,1),
	(619,7,2),
	(620,6,1),
	(621,5,1),
	(622,4,4),
	(623,3,3),
	(624,2,3),
	(625,9,4),
	(626,10,3),
	(627,9,4),
	(628,6,3),
	(629,9,1),
	(630,6,1),
	(631,2,1),
	(632,5,2),
	(633,8,2),
	(634,7,2),
	(635,9,1),
	(636,6,2),
	(637,4,4),
	(638,1,3),
	(639,6,1),
	(640,2,2),
	(641,1,1),
	(642,2,4),
	(643,1,3),
	(644,6,4),
	(645,9,1),
	(646,1,4),
	(647,2,2),
	(648,3,4),
	(649,10,4),
	(650,5,4),
	(651,1,4),
	(652,1,2),
	(653,10,1),
	(654,10,3),
	(655,4,1),
	(656,10,2),
	(657,2,1),
	(658,4,2),
	(659,9,4),
	(660,2,3),
	(661,2,1),
	(662,6,2),
	(663,7,4),
	(664,3,3),
	(665,8,3),
	(666,3,4),
	(667,7,2),
	(668,2,3),
	(669,5,1),
	(670,2,3),
	(671,3,1),
	(672,2,2),
	(673,3,2),
	(674,7,1),
	(675,5,4),
	(676,8,3),
	(677,10,2),
	(678,9,3),
	(679,3,1),
	(680,2,4),
	(681,8,2),
	(682,8,2),
	(683,8,4),
	(684,1,1),
	(685,1,1),
	(686,10,1),
	(687,2,1),
	(688,7,2),
	(689,6,2),
	(690,6,4),
	(691,1,2),
	(692,5,1),
	(693,7,2),
	(694,7,4),
	(695,4,3),
	(696,10,1),
	(697,2,3),
	(698,6,4),
	(699,7,3),
	(700,1,3),
	(701,8,4),
	(702,10,4),
	(703,1,3),
	(704,4,3),
	(705,9,4),
	(706,6,4),
	(707,2,1),
	(708,10,4),
	(709,4,3),
	(710,8,4),
	(711,3,3),
	(712,10,2),
	(713,4,2),
	(714,3,4),
	(715,1,2),
	(716,7,4),
	(717,3,3),
	(718,8,2),
	(719,1,1),
	(720,9,4),
	(721,9,2),
	(722,9,1),
	(723,5,4),
	(724,9,4),
	(725,4,3),
	(726,7,3),
	(727,2,3),
	(728,10,2),
	(729,1,1),
	(730,5,1),
	(731,6,1),
	(732,9,4),
	(733,6,3),
	(734,1,3),
	(735,6,4),
	(736,7,2),
	(737,4,2),
	(738,5,4),
	(739,3,2),
	(740,7,3),
	(741,8,2),
	(742,2,4),
	(743,9,1),
	(744,5,4),
	(745,4,4),
	(746,10,4),
	(747,10,4),
	(748,8,3),
	(749,4,4),
	(750,2,4),
	(751,7,4),
	(752,4,1),
	(753,3,4),
	(754,9,2),
	(755,2,3),
	(756,1,4),
	(757,9,1),
	(758,9,3),
	(759,4,2),
	(760,6,4),
	(761,2,2),
	(762,7,1),
	(763,2,2),
	(764,6,3),
	(765,2,4),
	(766,5,4),
	(767,6,4),
	(768,9,4),
	(769,7,3),
	(770,4,4),
	(771,3,2),
	(772,7,1),
	(773,6,3),
	(774,8,4),
	(775,9,2),
	(776,8,4),
	(777,8,2),
	(778,1,4),
	(779,8,3),
	(780,5,4),
	(781,4,4),
	(782,8,4),
	(783,8,3),
	(784,8,2),
	(785,3,1),
	(786,3,2),
	(787,5,4),
	(788,6,1),
	(789,5,2),
	(790,10,1),
	(791,7,3),
	(792,2,2),
	(793,1,1),
	(794,4,4),
	(795,9,4),
	(796,8,1),
	(797,7,2),
	(798,2,2),
	(799,10,4),
	(800,9,1),
	(801,10,1),
	(802,7,2),
	(803,10,1),
	(804,5,2),
	(805,6,2),
	(806,6,1),
	(807,2,4),
	(808,7,1),
	(809,1,4),
	(810,10,4),
	(811,8,3),
	(812,1,2),
	(813,2,1),
	(814,9,1),
	(815,2,3),
	(816,3,1),
	(817,8,4),
	(818,5,3),
	(819,3,4),
	(820,1,4),
	(821,4,3),
	(822,1,2),
	(823,5,3),
	(824,7,2),
	(825,7,3),
	(826,4,2),
	(827,4,2),
	(828,7,2),
	(829,7,3),
	(830,6,4),
	(831,3,4),
	(832,9,4),
	(833,8,2),
	(834,7,1),
	(835,3,3),
	(836,9,3),
	(837,4,4),
	(838,1,4),
	(839,6,3),
	(840,3,1),
	(841,3,3),
	(842,5,3),
	(843,10,1),
	(844,10,3),
	(845,7,2),
	(846,4,4),
	(847,3,1),
	(848,9,1),
	(849,6,2),
	(850,1,4),
	(851,2,4),
	(852,4,2),
	(853,8,2),
	(854,3,2),
	(855,10,2),
	(856,5,1),
	(857,10,4),
	(858,8,4),
	(859,1,3),
	(860,6,3),
	(861,2,4),
	(862,6,2),
	(863,2,2),
	(864,6,3),
	(865,9,3),
	(866,6,4),
	(867,6,4),
	(868,4,2),
	(869,4,3),
	(870,7,2),
	(871,1,1),
	(872,6,4),
	(873,1,1),
	(874,10,1),
	(875,9,2),
	(876,8,1),
	(877,4,2),
	(878,5,3),
	(879,8,4),
	(880,3,3),
	(881,7,4),
	(882,6,1),
	(883,8,4),
	(884,5,1),
	(885,6,1),
	(886,5,3),
	(887,3,4),
	(888,6,2),
	(889,2,2),
	(890,4,4),
	(891,9,1),
	(892,1,1),
	(893,6,2),
	(894,8,2),
	(895,5,1),
	(896,9,1),
	(897,9,2),
	(898,3,3),
	(899,3,4),
	(900,8,4),
	(901,9,1),
	(902,3,1),
	(903,1,4),
	(904,5,1),
	(905,3,4),
	(906,2,1),
	(907,10,1),
	(908,3,3),
	(909,7,1),
	(910,9,1),
	(911,1,3),
	(912,3,4),
	(913,1,3),
	(914,7,2),
	(915,3,2),
	(916,1,1),
	(917,6,2),
	(918,4,3),
	(919,2,4),
	(920,8,2),
	(921,6,4),
	(922,5,3),
	(923,2,3),
	(924,1,4),
	(925,8,4),
	(926,1,4),
	(927,6,2),
	(928,8,3),
	(929,8,2),
	(930,9,1),
	(931,8,4),
	(932,3,2),
	(933,4,3),
	(934,10,3),
	(935,4,3),
	(936,10,4),
	(937,7,2),
	(938,5,4),
	(939,1,3),
	(940,8,4),
	(941,5,3),
	(942,7,4),
	(943,1,2),
	(944,6,4),
	(945,9,2),
	(946,9,3),
	(947,5,1),
	(948,9,4),
	(949,8,4),
	(950,3,1),
	(951,5,1),
	(952,10,1),
	(953,6,2),
	(954,1,3),
	(955,10,4),
	(956,5,2),
	(957,6,1),
	(958,4,3),
	(959,5,4),
	(960,4,2),
	(961,4,1),
	(962,9,4),
	(963,4,3),
	(964,6,1),
	(965,6,4),
	(966,2,1),
	(967,10,1),
	(968,2,3),
	(969,6,2),
	(970,2,2),
	(971,1,3),
	(972,9,3),
	(973,7,1),
	(974,2,1),
	(975,2,2),
	(976,4,2),
	(977,8,1),
	(978,3,1),
	(979,10,3),
	(980,3,2),
	(981,5,2),
	(982,5,2),
	(983,5,3),
	(984,10,4),
	(985,10,1),
	(986,5,4),
	(987,7,2),
	(988,6,2),
	(989,6,3),
	(990,4,3),
	(991,2,3),
	(992,1,4),
	(993,10,2),
	(994,1,4),
	(995,10,1),
	(996,3,2),
	(997,7,3),
	(998,10,1),
	(999,4,4),
	(1000,1,2);

/*!40000 ALTER TABLE `Postepowania` ENABLE KEYS */;
UNLOCK TABLES;


# Dump of table Pozwy
# ------------------------------------------------------------

DROP TABLE IF EXISTS `Pozwy`;

CREATE TABLE `Pozwy` (
  `IdPozwu` int(11) NOT NULL AUTO_INCREMENT,
  `IdPostepowania` int(11) NOT NULL,
  `DataRozpoczecia` date NOT NULL,
  `NazwaSadu` varchar(60) NOT NULL,
  `KosztObslugi` float NOT NULL,
  PRIMARY KEY (`IdPozwu`),
  UNIQUE KEY `NazwaSadu` (`NazwaSadu`),
  KEY `Pozwy_fk0` (`IdPostepowania`),
  CONSTRAINT `Pozwy_fk0` FOREIGN KEY (`IdPostepowania`) REFERENCES `Postepowania` (`IdPostepowania`)
) ENGINE=InnoDB DEFAULT CHARSET=utf8;

LOCK TABLES `Pozwy` WRITE;
/*!40000 ALTER TABLE `Pozwy` DISABLE KEYS */;

INSERT INTO `Pozwy` (`IdPozwu`, `IdPostepowania`, `DataRozpoczecia`, `NazwaSadu`, `KosztObslugi`)
VALUES
	(1,357,'2016-11-04','Spółdzielnia Kwiatkowska',8057);

/*!40000 ALTER TABLE `Pozwy` ENABLE KEYS */;
UNLOCK TABLES;


# Dump of table Rodzaje
# ------------------------------------------------------------

DROP TABLE IF EXISTS `Rodzaje`;

CREATE TABLE `Rodzaje` (
  `IdRodzaju` int(11) NOT NULL AUTO_INCREMENT,
  `NazwaRodzaju` varchar(40) NOT NULL,
  PRIMARY KEY (`IdRodzaju`),
  UNIQUE KEY `NazwaRodzaju` (`NazwaRodzaju`)
) ENGINE=InnoDB DEFAULT CHARSET=utf8;

LOCK TABLES `Rodzaje` WRITE;
/*!40000 ALTER TABLE `Rodzaje` DISABLE KEYS */;

INSERT INTO `Rodzaje` (`IdRodzaju`, `NazwaRodzaju`)
VALUES
	(3,'Windykacja na zlecenie'),
	(4,'Windykacja na zlecenie polubowna'),
	(1,'Windykacja powiernicza'),
	(2,'Windykacja powiernicza z zaliczką');

/*!40000 ALTER TABLE `Rodzaje` ENABLE KEYS */;
UNLOCK TABLES;


# Dump of table Stany
# ------------------------------------------------------------

DROP TABLE IF EXISTS `Stany`;

CREATE TABLE `Stany` (
  `IdStanu` int(11) NOT NULL AUTO_INCREMENT,
  `NazwaStanu` varchar(40) NOT NULL,
  PRIMARY KEY (`IdStanu`)
) ENGINE=InnoDB DEFAULT CHARSET=utf8;

LOCK TABLES `Stany` WRITE;
/*!40000 ALTER TABLE `Stany` DISABLE KEYS */;

INSERT INTO `Stany` (`IdStanu`, `NazwaStanu`)
VALUES
	(1,'rozpoczete'),
	(2,'zakonczone'),
	(3,'w trakcie egzekucji komorniczej'),
	(4,'postepowanie sadowe'),
	(5,'przedawione'),
	(6,'stanx'),
	(7,'stany'),
	(8,'stanz');

/*!40000 ALTER TABLE `Stany` ENABLE KEYS */;
UNLOCK TABLES;


# Dump of table TypyWindykatorow
# ------------------------------------------------------------

DROP TABLE IF EXISTS `TypyWindykatorow`;

CREATE TABLE `TypyWindykatorow` (
  `IdTypuWindykatora` int(11) NOT NULL AUTO_INCREMENT,
  `NazwaTypuWindykatora` varchar(40) NOT NULL,
  PRIMARY KEY (`IdTypuWindykatora`)
) ENGINE=InnoDB DEFAULT CHARSET=utf8;

LOCK TABLES `TypyWindykatorow` WRITE;
/*!40000 ALTER TABLE `TypyWindykatorow` DISABLE KEYS */;

INSERT INTO `TypyWindykatorow` (`IdTypuWindykatora`, `NazwaTypuWindykatora`)
VALUES
	(1,'typ1'),
	(2,'typ2'),
	(3,'typ3'),
	(4,'typ4');

/*!40000 ALTER TABLE `TypyWindykatorow` ENABLE KEYS */;
UNLOCK TABLES;


# Dump of table Ugody
# ------------------------------------------------------------

DROP TABLE IF EXISTS `Ugody`;

CREATE TABLE `Ugody` (
  `IdUgody` int(11) NOT NULL AUTO_INCREMENT,
  `IdPostepowania` int(11) NOT NULL,
  `DataZawarciaUgody` date NOT NULL,
  `Warunki` varchar(2000) NOT NULL,
  `KosztObslugi` float NOT NULL,
  PRIMARY KEY (`IdUgody`),
  KEY `Ugody_fk0` (`IdPostepowania`),
  CONSTRAINT `Ugody_fk0` FOREIGN KEY (`IdPostepowania`) REFERENCES `Postepowania` (`IdPostepowania`)
) ENGINE=InnoDB DEFAULT CHARSET=utf8;

LOCK TABLES `Ugody` WRITE;
/*!40000 ALTER TABLE `Ugody` DISABLE KEYS */;

INSERT INTO `Ugody` (`IdUgody`, `IdPostepowania`, `DataZawarciaUgody`, `Warunki`, `KosztObslugi`)
VALUES
	(1,979,'2016-11-09','Ipsum quod libero sit aut. Dolores tempora repellendus vel quibusdam qui voluptatem distinctio. Ad est id excepturi atque natus libero.',278);

/*!40000 ALTER TABLE `Ugody` ENABLE KEYS */;
UNLOCK TABLES;


# Dump of table Upowaznienia
# ------------------------------------------------------------

DROP TABLE IF EXISTS `Upowaznienia`;

CREATE TABLE `Upowaznienia` (
  `IdUpowaznienia` int(11) NOT NULL AUTO_INCREMENT,
  `IdDlugu` int(11) NOT NULL,
  `DataWydania` date NOT NULL,
  `DataObowiazywania` date NOT NULL,
  PRIMARY KEY (`IdUpowaznienia`),
  KEY `Upowaznienia_fk0` (`IdDlugu`),
  CONSTRAINT `Upowaznienia_fk0` FOREIGN KEY (`IdDlugu`) REFERENCES `Dlugi` (`IdDlugu`)
) ENGINE=InnoDB DEFAULT CHARSET=utf8;

LOCK TABLES `Upowaznienia` WRITE;
/*!40000 ALTER TABLE `Upowaznienia` DISABLE KEYS */;

INSERT INTO `Upowaznienia` (`IdUpowaznienia`, `IdDlugu`, `DataWydania`, `DataObowiazywania`)
VALUES
	(1,26,'2016-11-09','2023-12-06'),
	(2,61,'2016-11-09','2018-10-01'),
	(3,82,'2016-11-09','2022-07-01'),
	(4,68,'2016-11-09','2019-05-30'),
	(5,99,'2016-11-09','2026-04-17'),
	(6,6,'2016-11-09','2026-02-22'),
	(7,12,'2016-11-09','2018-03-26'),
	(8,16,'2016-11-09','2017-05-30'),
	(9,69,'2016-11-09','2018-01-08'),
	(10,12,'2016-11-09','2018-07-03'),
	(11,26,'2016-11-09','2023-12-06'),
	(12,61,'2016-11-09','2018-10-01'),
	(13,82,'2016-11-09','2022-07-01'),
	(14,68,'2016-11-09','2019-05-30'),
	(15,99,'2016-11-09','2026-04-17'),
	(16,6,'2016-11-09','2026-02-22'),
	(17,12,'2016-11-09','2018-03-26'),
	(18,16,'2016-11-09','2017-05-30'),
	(19,69,'2016-11-09','2018-01-08'),
	(20,12,'2016-11-09','2018-07-03'),
	(21,81,'2016-11-09','2018-05-09');

/*!40000 ALTER TABLE `Upowaznienia` ENABLE KEYS */;
UNLOCK TABLES;


# Dump of table Windykatorzy
# ------------------------------------------------------------

DROP TABLE IF EXISTS `Windykatorzy`;

CREATE TABLE `Windykatorzy` (
  `IdWindykatora` int(11) NOT NULL AUTO_INCREMENT,
  `Imie` varchar(255) NOT NULL,
  `Nazwisko` varchar(255) NOT NULL,
  `Plec` varchar(1) NOT NULL,
  `DataZatrudnienia` date NOT NULL,
  `IdTypWindykatora` int(11) NOT NULL,
  `NrTelefonu` varchar(255) NOT NULL,
  `Adres` varchar(255) NOT NULL,
  `Email` varchar(255) NOT NULL,
  PRIMARY KEY (`IdWindykatora`),
  KEY `Windykatorzy_fk0` (`IdTypWindykatora`),
  CONSTRAINT `Windykatorzy_fk0` FOREIGN KEY (`IdTypWindykatora`) REFERENCES `TypyWindykatorow` (`IdTypuWindykatora`)
) ENGINE=InnoDB DEFAULT CHARSET=utf8;

LOCK TABLES `Windykatorzy` WRITE;
/*!40000 ALTER TABLE `Windykatorzy` DISABLE KEYS */;

INSERT INTO `Windykatorzy` (`IdWindykatora`, `Imie`, `Nazwisko`, `Plec`, `DataZatrudnienia`, `IdTypWindykatora`, `NrTelefonu`, `Adres`, `Email`)
VALUES
	(1,'Mikołaj Czarnecki','Duda','M','2016-11-09',1,'452 429 119','Jagiellońskie Os. 68/71. 82-628 Zgierz','krawczyk.ignacy@interia.pl'),
	(2,'Kamil Szymczak','Lis','M','2016-11-09',1,'+48 07 499 00 65','Brzozowa 72A. 73-082 Luboń','monika.wojciechowski@bak.pl'),
	(3,'mgr Igor Przybylski','Kamiński','M','2016-11-09',3,'0048(41)7921771','Portowa 22/25. 65-011 Zgierz','przemyslaw05@wilk.pl'),
	(4,'doc. inż. Natalia Mróz','Szymańska','M','2016-11-08',1,'(01) 273 53 43','Niedziałkowskiego Mieczysława 71A/68. 87-520 Starachowice','igor.sobczak@wp.pl'),
	(5,'Aleksander Mróz','Szczepański','M','2016-11-08',1,'817331829','Starowiejska 64A. 60-954 Kuźnica Masłońska','laskowska.albert@sadowski.org'),
	(6,'Laura Kozłowska','Jabłońska','K','2016-11-08',3,'+48 788 292 226','Cicha 94A. 50-174 Gniezno','ostrowski.weronika@szymczak.pl'),
	(7,'Weronika Walczak','Urbański','M','2016-11-09',2,'0048 305 275 841','Gdańska 83. 29-815 Koszalin','karina30@zawadzki.pl'),
	(8,'Inga Szewczyk','Ostrowska','M','2016-11-09',1,'195176000','Kaszubska 46A. 36-350 Konstancin-Jeziorna','ernest08@interia.pl'),
	(9,'inż. Juliusz Kubiak','Sadowski','M','2016-11-09',1,'(91) 456 03 85','Skłodowskiej-Curie Marii 38A. 28-417 Bogatynia','pawlak.nadia@wozniak.pl'),
	(10,'Ryszard Baranowski','Kaczmarek','M','2016-11-09',2,'+48 380 865 305','Bielska 15/34. 91-236 Nowy Dwór Mazowiecki','kornelia.mroz@sobczak.com'),
	(11,'Maciej Kaczmarczyk','Duda','M','2016-11-09',2,'0048 729 119 902','Piłsudskiego Józefa Al. 25/81. 87-721 Studzienice','aurelia72@ostrowski.pl'),
	(12,'Karina Dudek','Wróbel','M','2016-11-09',2,'(04) 351 00 75','Konopnickiej Marii 52/03. 44-401 Olsztyn','ekwiatkowski@baran.pl'),
	(13,'doc. Gabriel Kucharski','Nowicki','M','2016-11-09',3,'0048(03)7264966','Kielecka 47. 49-803 Łoś','pduda@wp.pl'),
	(14,'mgr dr Nadia Kamińska','Wasilewska','K','2016-11-09',2,'762815812','Turystyczna 56. 73-727 Gliwice','jagoda58@szewczyk.org'),
	(15,'Sonia Pawłowska','Krupa','K','2016-11-09',2,'0048 78 889 06 95','Podwale 73A. 27-697 Lubliniec','jacek57@jasinski.com.pl'),
	(16,'Dominik Stępień','Rutkowski','M','2016-11-09',3,'822 552 826','Lwowska 85. 92-655 Wola Kiedrzyńska','mariusz20@ziolkowska.pl'),
	(17,'Nikola Zając','Mróz','M','2016-11-09',1,'645802405','Zbożowa 21A/49. 35-000 Toruń','sandra.ostrowski@yahoo.com'),
	(18,'inż. inż. Mateusz Pawłowski','Dąbrowska','M','2016-11-08',1,'(56) 102 34 61','Gdyńska 33. 87-981 Nowy Sącz','gustaw.konieczny@piotrowski.pl'),
	(19,'Dariusz Dąbrowski','Mazurek','M','2016-11-08',1,'570553134','Kossaka Juliusza 06A/46. 70-249 Pisz','stanislaw.borkowski@interia.pl'),
	(20,'Malwina Urbańska','Zając','K','2016-11-08',1,'(92) 384 79 94','Żółkiewskiego Stanisława 28. 47-805 Lubin','adrianna91@mazur.pl'),
	(21,'Łucja Pawłowska','Adamska','K','2016-11-09',2,'(34) 878 96 58','Kartuska 14A. 51-925 Sanok','majewski.marika@gmail.com'),
	(22,'Filip Mróz','Brzezińska','M','2016-11-08',3,'0048 59 909 40 22','Szczecińska 73. 51-345 Lidzbark Warmiński','sikorska.lidia@wilk.pl'),
	(23,'mgr Bruno Woźniak','Nowak','M','2016-11-08',3,'0048 467 064 484','Pułaskiego Kazimierza 87/46. 73-798 Jaroszowa Wola','szymczak.justyna@interia.pl'),
	(24,'dr mgr Lidia Przybylska','Górska','K','2016-11-08',2,'0048(44)2031111','Piastowskie Os. 79A/60. 78-918 Bielsko-Biała','nchmielewska@gazeta.pl'),
	(25,'Małgorzata Głowacka','Wojciechowski','K','2016-11-08',3,'(61) 298 35 85','Śląska 22. 45-801 Zgorzelec','alex.mroz@wp.pl'),
	(26,'Natan Zakrzewski','Wieczorek','M','2016-11-09',2,'+48(14)6731342','Zielona 86A/81. 23-128 Babienica','xadamski@wieczorek.org'),
	(27,'Eliza Borowska','Kaczmarek','K','2016-11-08',2,'+48 84 100 07 95','Modrzejewskiej Heleny 10A/55. 40-447 Wilkowice','eliza30@interia.pl'),
	(28,'Radosław Wiśniewski','Wójcik','M','2016-11-08',3,'702 029 325','Kasprowicza Jana 44A. 78-550 Starogard Gdański','szymanski.artur@blaszczyk.com.pl'),
	(29,'Arkadiusz Wiśniewski','Mróz','M','2016-11-09',3,'0048 899 016 174','Sosnowa 64A. 09-252 Osówiec','lucja.dabrowski@gazeta.pl'),
	(30,'Dawid Sikora','Adamski','K','2016-11-09',2,'(85) 657 17 99','Urocza 05A. 98-374 Czarna Woda','rutkowska.blanka@pawlowski.pl'),
	(31,'Tymoteusz Ziółkowski','Pawlak','M','2016-11-09',3,'0048 61 718 72 49','Bohaterów Westerplatte 65A. 55-957 Gliwice','milena.szulc@wysocka.pl'),
	(32,'Maja Wysocka','Szewczyk','K','2016-11-09',1,'0048 097 084 602','Pogodna 80. 24-855 Zgorzelec','marciniak.bianka@gazeta.pl'),
	(33,'Adam Włodarczyk','Kaczmarek','M','2016-11-08',2,'0048(35)3248149','Karpacka 97A/99. 49-227 Świebodzin','natasza72@sobczak.pl'),
	(34,'Sylwia Adamska','Mazurek','K','2016-11-09',1,'+48(98)4969614','Pszenna 26. 64-725 Pęcice','blaszczyk.nela@grabowska.pl'),
	(35,'inż. doc. Szymon Głowacki','Sokołowski','M','2016-11-09',2,'200071233','Strażacka 28/26. 68-851 Pszczyna','gajewska.rozalia@ziolkowska.com'),
	(36,'Julian Szymczak','Nowak','M','2016-11-09',1,'+48(13)7946538','Radosna 00/73. 74-578 Łaziska Górne','ryszard.jaworska@rutkowski.pl'),
	(37,'Nina Borkowska','Marciniak','K','2016-11-08',2,'+48 79 826 68 68','Stalowa 30. 12-441 Brodnica','zawadzki.julita@nowicki.net'),
	(38,'Arkadiusz Michalak','Włodarczyk','M','2016-11-08',1,'335 236 674','Sportowa 97A. 87-614 Turek','sobczak.amelia@gmail.com'),
	(39,'Eliza Król','Nowicki','M','2016-11-09',1,'+48 532 174 281','Główna 01A/03. 48-197 Olkusz','aleksander33@cieslak.pl'),
	(40,'Angelika Jasińska','Bąk','K','2016-11-09',2,'(05) 469 72 38','Wiejska 08/63. 33-822 Żywiec','majewska.zofia@zalewska.pl'),
	(41,'doc. Sandra Wiśniewska','Nowak','K','2016-11-09',2,'0048 42 856 51 75','Pomorska 26. 41-344 Biała Podlaska','cgrabowska@urbanski.com.pl'),
	(42,'Ida Jabłońska','Michalski','K','2016-11-08',3,'0048 567 728 126','Turkusowa 85/37. 28-559 Czechowice-Dziedzice','hwalczak@cieslak.net'),
	(43,'Marianna Maciejewska','Chmielewska','K','2016-11-08',2,'0048(68)3034665','Świętojańska 56. 09-769 Skalbmierz','melania.zalewska@wlodarczyk.pl'),
	(44,'mgr Norbert Krawczyk','Krajewska','M','2016-11-09',2,'655 648 599','Sawickiej Hanki 49A/61. 45-776 Swarzędz','bmalinowska@jaworska.net'),
	(45,'Konrad Kowalski','Sokołowski','M','2016-11-08',1,'+48 324 004 789','Bratków 26A. 04-386 Nysa','fjakubowski@gmail.com'),
	(46,'Maria Andrzejewska','Kubiak','K','2016-11-08',2,'+48 185 753 148','Turystyczna 61A/54. 51-892 Koszwały','jozef.szulc@dudek.com.pl'),
	(47,'Hubert Pawłowski','Olszewski','M','2016-11-08',2,'660 764 454','Siemiradzkiego Henryka 51. 19-920 Bezrzecze','sawicka.kornel@gmail.com'),
	(48,'Dariusz Wójcik','Jasińska','M','2016-11-09',1,'(62) 193 61 39','Nowowiejska 21A. 41-705 Olkusz','chmielewska.karolina@duda.pl'),
	(49,'Maciej Zakrzewski','Marciniak','M','2016-11-08',1,'+48 99 041 85 03','Lawendowa 72A. 84-380 Pabianice','katarzyna25@wp.pl'),
	(50,'Grzegorz Kaczmarczyk','Laskowski','M','2016-11-09',2,'+48(67)7454723','Sowińskiego Józefa 99/63. 52-889 Żywiec','maria75@gazeta.pl'),
	(51,'Mateusz Wiśniewski','Wójcik','M','2016-11-09',3,'+48(83)0468656','Letnia 86. 79-132 Busko-Zdrój','marciniak.kinga@ostrowski.org'),
	(52,'Sandra Piotrowska','Kozłowska','K','2016-11-09',3,'0048 894 827 545','Jagodowa 88A. 52-171 Tarnowskie Góry','jacek.witkowska@yahoo.com'),
	(53,'Kinga Kowalska','Walczak','K','2016-11-08',3,'0048 26 149 75 10','Szafirowa 85. 11-653 Piaseczno','kornel73@pietrzak.com.pl'),
	(54,'Gustaw Bąk','Tomaszewski','M','2016-11-09',2,'036349069','Inżynierska 65/50. 68-927 Szczytno','juliusz.gajewska@interia.pl'),
	(55,'inż. mgr Maja Grabowska','Głowacka','K','2016-11-09',2,'(63) 438 37 31','Błękitna 94A. 96-774 Jaroszowa Wola','urszula94@walczak.pl'),
	(56,'Marcin Zakrzewski','Wojciechowska','M','2016-11-08',2,'+48 76 664 16 56','Rzemieślnicza 24A/30. 56-406 Brzeg','kowalczyk.paulina@wisniewska.info'),
	(57,'mgr Alex Wójcik','Zając','M','2016-11-08',1,'0048 790 983 975','Szeroka 63A. 69-859 Szczecin','hprzybylski@wp.pl'),
	(58,'Antoni Olszewski','Kalinowska','M','2016-11-09',2,'+48 502 444 250','Ściegiennego Piotra 76. 36-738 Rumia','hanna18@wp.pl'),
	(59,'doc. mgr Arkadiusz Walczak','Lewandowska','M','2016-11-09',1,'306 886 618','Morcinka Gustawa 28A/13. 43-445 Nysa','radoslaw57@onet.pl'),
	(60,'inż. Andrzej Cieślak','Wilk','M','2016-11-08',2,'+48 062 188 861','Czereśniowa 83A. 58-889 Lubojenka','sczarnecka@onet.pl'),
	(61,'Iga Kamińska','Jasiński','K','2016-11-09',1,'0048(88)2657138','Agrestowa 47A/16. 66-111 Ostróda','baranowski.tomasz@gazeta.pl'),
	(62,'Kalina Wróblewska','Sokołowska','K','2016-11-08',2,'+48 57 213 19 05','Jeżynowa 35/02. 49-382 Chrzanów','wojciechowska.lukasz@kaczmarczyk.org'),
	(63,'inż. dr Liliana Nowak','Kołodziej','M','2016-11-09',3,'070 252 866','Ludowa 98/13. 24-935 Jeziorna','jacek92@yahoo.com'),
	(64,'Julita Michalska','Cieślak','K','2016-11-09',3,'387 183 045','Kolejowa 42A/26. 08-407 Giżycko','sikorska.norbert@borkowska.com.pl'),
	(65,'Olga Dąbrowska','Włodarczyk','K','2016-11-09',1,'+48 594 936 254','Rejtana Tadeusza 96. 96-369 Mysłowice','barbara64@krajewski.com.pl'),
	(66,'Katarzyna Ostrowska','Górska','K','2016-11-09',2,'0048 812 568 246','Powstańców 47. 34-770 Kościan','emil.mazurek@dudek.net'),
	(67,'Bruno Duda','Włodarczyk','K','2016-11-09',1,'821 366 658','Wolności Pl. 28. 78-377 Łódź','jedrzej.kowalczyk@yahoo.com'),
	(68,'Kazimierz Cieślak','Kaczmarczyk','M','2016-11-09',3,'0048 701 678 304','Łomżyńska 52. 18-962 Rynarzewo','krawczyk.artur@malinowska.pl'),
	(69,'Zuzanna Szewczyk','Szymańska','M','2016-11-09',2,'121 556 146','Pocztowa 17/94. 12-430 Ostrów Wielkopolski','mateusz.nowakowski@urbanski.pl'),
	(70,'Konrad Andrzejewski','Kucharska','M','2016-11-09',3,'0048(62)7590752','Obrońców Westerplatte 25/12. 47-119 Elbląg','chmielewska.krystian@kazmierczak.pl'),
	(71,'Olaf Zalewski','Krajewski','M','2016-11-09',2,'0048 250 876 137','Kusocińskiego Janusza 51A/83. 74-897 Ostrzeszów','blaszczyk.przemyslaw@majewski.pl'),
	(72,'Radosław Zieliński','Czerwiński','M','2016-11-08',1,'0048 929 641 401','Korczaka Janusza 24A. 37-261 Studzienice','dominik.szymanski@wp.pl'),
	(73,'Ryszard Wróbel','Michalski','M','2016-11-09',3,'0048 29 524 84 27','Nałkowskiej Zofii 79/32. 00-085 Gorlice','szewczyk.elzbieta@blaszczyk.com.pl'),
	(74,'Roksana Sokołowska','Sikorski','K','2016-11-09',1,'0048(39)4198556','Zamkowa 41A/95. 96-738 Świdnik','bartek.blaszczyk@gazeta.pl'),
	(75,'Roksana Wasilewska','Czarnecka','K','2016-11-09',2,'610 915 901','Witosa Wincentego 59A. 16-838 Włocławek','konieczny.lucja@pawlowska.pl'),
	(76,'Ewa Nowak','Jaworska','M','2016-11-09',2,'+48 798 263 780','Sucha 32/41. 22-558 Skarżysko-Kamienna','kalina72@szulc.pl'),
	(77,'inż. Robert Borkowski','Nowakowska','M','2016-11-09',3,'0048 117 028 640','Sąsiedzka 25/34. 71-771 Busko-Zdrój','sawicka.aleks@onet.pl'),
	(78,'Michalina Zielińska','Sadowska','K','2016-11-09',2,'0048(05)4967019','Rycerska 93A. 29-424 Bezrzecze','szymanski.emil@onet.pl'),
	(79,'Anita Głowacka','Adamska','K','2016-11-09',2,'+48 119 474 891','Grunwaldzka 12A/57. 67-344 Czechowice-Dziedzice','borys60@szczepanska.com'),
	(80,'Aurelia Gajewska','Borkowska','K','2016-11-08',3,'+48(00)9132424','Odrzańska 04/38. 46-229 Zgierz','ewa97@borkowski.pl'),
	(81,'Ewelina Ziółkowska','Kaczmarczyk','K','2016-11-09',3,'(38) 857 87 25','Grunwaldzka 83. 97-821 Żywiec','pzakrzewska@wieczorek.pl'),
	(82,'Juliusz Przybylski','Maciejewski','M','2016-11-08',2,'+48(97)2121841','Ptasia 79A. 54-423 Bielawa','sylwia56@onet.pl'),
	(83,'doc. Andrzej Król','Bąk','M','2016-11-09',3,'403 424 425','Willowa 76A. 50-025 Płazów','uprzybylski@piotrowska.pl'),
	(84,'Adrianna Krawczyk','Krupa','M','2016-11-08',3,'0048 469 281 999','Piastowska 71/93. 66-847 Wągrowiec','dpiotrowski@wlodarczyk.org'),
	(85,'Fabian Wieczorek','Mazurek','M','2016-11-08',3,'+48 57 272 78 06','Pułaskiego Kazimierza 46A/39. 40-694 Gołubie','nkowalczyk@gazeta.pl'),
	(86,'mgr dr Dominik Walczak','Sikorska','M','2016-11-09',1,'+48 503 863 031','Cmentarna 86. 57-554 Sieradz','elzbieta87@interia.pl'),
	(87,'doc. Ewelina Olszewska','Wysocka','K','2016-11-08',3,'528 022 718','Piotrkowska 93. 46-678 Bielawa','damian.olszewska@krol.org'),
	(88,'Alex Krajewski','Piotrowski','M','2016-11-08',3,'0048 12 679 16 91','Ogrodowa 81A. 05-218 Żywiec','zmazur@gazeta.pl'),
	(89,'dr Oliwier Górski','Duda','M','2016-11-09',3,'+48 51 943 63 48','Wolności Pl. 84A. 94-802 Kraśnik','sylwia13@krawczyk.pl'),
	(90,'Julia Wojciechowska','Kalinowska','K','2016-11-08',3,'0048 157 785 215','Racławicka 22/95. 46-390 Pszczyna','angelika.sikorska@pawlowski.pl'),
	(91,'inż. Krystyna Ostrowska','Jankowski','K','2016-11-09',3,'+48 976 745 002','Miedziana 97/84. 09-961 Jadowniki','kjakubowska@wp.pl'),
	(92,'dr Maksymilian Malinowski','Górecka','M','2016-11-08',2,'0048 73 740 58 55','Żytnia 86/31. 69-352 Kuźnica Masłońska','krupa.emil@onet.pl'),
	(93,'Kornelia Wilk','Szymański','M','2016-11-09',1,'0048 36 450 92 35','Gajowa 25A/95. 49-474 Starachowice','weronika.kaminski@borkowska.com.pl'),
	(94,'Gabriela Sokołowska','Krajewska','K','2016-11-09',3,'0048 73 095 82 38','Rubinowa 89/32. 91-419 Opole','snowicki@zajac.pl'),
	(95,'doc. Nataniel Kozłowski','Zieliński','M','2016-11-09',1,'+48 83 465 71 43','Paderewskiego Ignacego 60. 77-601 Czeladź','rafal.wilk@lewandowski.pl'),
	(96,'doc. dr Dorota Ziółkowska','Zielińska','K','2016-11-09',1,'0048(82)6557042','Krucza 96/88. 75-726 Szteklin','daniel.jaworska@interia.pl'),
	(97,'Tymon Zalewski','Wilk','M','2016-11-09',3,'+48 86 097 24 80','Wojska Polskiego Al. 14. 04-000 Wodzisław Śląski','kacper.stepien@wp.pl'),
	(98,'doc. mgr Elżbieta Jankowska','Wróblewski','K','2016-11-09',3,'(43) 442 88 16','Dworska 37/99. 05-968 Jastrzębie-Zdrój','ukowalski@yahoo.com'),
	(99,'Zofia Wilk','Pawłowska','M','2016-11-09',3,'(90) 372 99 67','Skargi Piotra 41A. 11-304 Kluczbork','tomasz.gajewska@zajac.org'),
	(100,'dr dr Jan Jakubowski','Jaworska','M','2016-11-09',3,'+48 921 407 686','Długosza Jana 85A/05. 79-870 Lubliniec','kwiatkowski.bruno@kwiatkowski.pl'),
	(101,'Ernest Mazur','Jakubowska','M','2016-11-09',1,'+48 977 095 096','Kopernika Mikołaja 58/61. 59-111 Lubojenka','jedrzej79@kozlowska.info'),
	(102,'dr Marcelina Szymańska','Kucharski','K','2016-11-09',3,'(09) 070 02 87','Wojska Polskiego Al. 82A. 58-515 Tarnów','leon.sawicka@zalewska.com.pl'),
	(103,'Fabian Maciejewski','Ziółkowska','M','2016-11-08',1,'+48 24 920 83 03','Przechodnia 06A. 85-234 Włocławek','dominik.szewczyk@onet.pl'),
	(104,'inż. Jędrzej Makowski','Baranowska','M','2016-11-09',3,'576 920 016','Szarych Szeregów 87. 91-507 Pęcice','kamila.kozlowska@interia.pl'),
	(105,'Blanka Adamczyk','Wieczorek','M','2016-11-08',2,'535 999 963','Wyzwolenia Al. 20A/97. 28-682 Łomża','leon.borowski@interia.pl'),
	(106,'Kacper Pawłowski','Kucharska','M','2016-11-09',2,'509485823','Miarki Karola 23. 38-786 Swarzędz','nina73@gmail.com'),
	(107,'mgr Konrad Szulc','Kaczmarek','M','2016-11-09',3,'+48 17 018 16 87','Wielkopolska 01/96. 33-563 Pruszków','milosz88@onet.pl'),
	(108,'mgr doc. Zuzanna Woźniak','Wróbel','M','2016-11-09',2,'+48 732 851 649','Powstańców 15. 84-552 Ostrzeszów','mieszko.brzezinska@wisniewska.pl'),
	(109,'Sara Zalewska','Kwiatkowski','K','2016-11-09',3,'+48(05)4942909','Francuska 24A. 00-919 Kłodzko','wiktoria86@interia.pl'),
	(110,'Sandra Zakrzewska','Sobczak','K','2016-11-08',2,'(31) 120 08 18','Kręta 60. 04-703 Sopot','olgierd.wieczorek@konieczny.pl'),
	(111,'Janina Marciniak','Sadowska','M','2016-11-08',3,'0048(49)5334732','Toruńska 92A. 49-121 Rynarzewo','djablonski@gmail.com'),
	(112,'Ewa Bąk','Szymczak','M','2016-11-09',1,'(81) 918 26 15','Żniwna 29A/99. 19-847 Głogów','mkucharski@yahoo.com'),
	(113,'dr dr Jakub Nowak','Tomaszewska','M','2016-11-09',1,'531 896 662','Sienna 18. 09-355 Żory','jankowska.eliza@gmail.com'),
	(114,'dr doc. Ewa Sikorska','Michalak','K','2016-11-09',1,'549 108 561','Dąbrówki 33/18. 95-718 Bielawa','nikola90@gmail.com'),
	(115,'inż. Kamila Włodarczyk','Tomaszewska','M','2016-11-08',2,'0048 847 084 834','Radomska 79A/26. 06-106 Bielawa','sara88@gmail.com'),
	(116,'Iga Tomaszewska','Kaczmarek','K','2016-11-09',2,'+48(46)8892130','Mazowiecka 30/82. 87-897 Wilkowice','dominik30@mroz.info'),
	(117,'Ewelina Chmielewska','Baranowski','K','2016-11-09',3,'109308110','Wspólna 89A. 01-315 Piaseczno','czarnecki.maks@gorecka.pl'),
	(118,'Maurycy Szewczyk','Duda','M','2016-11-08',3,'+48 40 710 55 47','Kolberga Oskara 87/59. 37-227 Olkusz','roza56@wysocka.pl'),
	(119,'mgr Magdalena Głowacka','Kwiatkowski','K','2016-11-09',3,'+48(60)3977076','Południowa 98. 23-947 Czarna Woda','tomaszewski.roksana@wilk.pl'),
	(120,'inż. Stefan Makowski','Kaźmierczak','M','2016-11-09',3,'+48(13)8607381','Grodzka 47A. 47-544 Nowe Kramsko','dabrowska.krzysztof@gmail.com'),
	(121,'inż. Iga Wiśniewska','Rutkowska','K','2016-11-09',2,'+48 847 316 180','Malczewskiego Jacka 34A. 85-673 Jemielnica','kozlowska.anna@sikora.info'),
	(122,'Milena Wasilewska','Górska','K','2016-11-09',3,'(03) 961 91 32','Karpacka 23/10. 14-266 Gdynia','sikora.wiktoria@krawczyk.com.pl'),
	(123,'Lena Nowicka','Nowak','K','2016-11-08',2,'0048 618 627 560','Pola Wincentego 96/18. 89-422 Gdynia','dagmara77@gmail.com'),
	(124,'mgr Melania Dudek','Szymański','M','2016-11-09',3,'286 192 018','Jesionowa 87A. 47-129 Chojnice','marek.kwiatkowski@krol.pl'),
	(125,'Mieszko Sawicki','Wilk','M','2016-11-09',3,'+48 99 001 00 74','Pokoju 63A. 98-712 Lubliniec','zielinski.antoni@kwiatkowski.org'),
	(126,'Cyprian Krupa','Adamska','K','2016-11-08',3,'+48 864 863 840','Strzelecka 16/62. 09-971 Jastrzębie','asadowska@kaminska.pl'),
	(127,'Sebastian Krupa','Nowakowska','K','2016-11-09',3,'+48 228 836 645','Korczaka Janusza 49/04. 34-686 Chełm','pawel.szewczyk@laskowski.org'),
	(128,'Kazimierz Przybylski','Kaczmarczyk','M','2016-11-09',1,'059 191 343','Wróblewskiego Walerego 30A. 65-942 Stalowa Wola','ryszard27@przybylska.net'),
	(129,'mgr doc. Magdalena Woźniak','Cieślak','M','2016-11-08',3,'0048 51 484 10 51','Kosynierów 22A. 44-679 Ustka','xdudek@sokolowski.pl'),
	(130,'Apolonia Sadowska','Gajewski','K','2016-11-09',1,'+48 14 519 79 59','Młyńska 28/39. 03-344 Suwałki','kucharska.grzegorz@blaszczyk.org'),
	(131,'dr Maks Brzeziński','Marciniak','M','2016-11-08',1,'+48 21 870 98 99','Szarych Szeregów 40. 21-996 Bochnia','adamczyk.nikodem@kowalczyk.pl'),
	(132,'Kamila Krupa','Nowak','K','2016-11-09',3,'0048 368 627 323','Konstytucji 3 Maja 51A. 82-518 Bieruń','justyna.baranowska@gazeta.pl'),
	(133,'Albert Adamski','Krajewska','M','2016-11-08',1,'717 812 872','Wileńska 85. 30-908 Babienica','glowacka.cyprian@yahoo.com'),
	(134,'Igor Kubiak','Cieślak','M','2016-11-09',3,'378 813 571','Plebiscytowa 92/52. 56-306 Katowice','julia.przybylski@wp.pl'),
	(135,'inż. Krystyna Krupa','Pawłowski','K','2016-11-09',2,'367 789 637','Ułańska 70. 68-855 Kamieniec Ząbkowicki','ybak@wp.pl'),
	(136,'Nataniel Wiśniewski','Szulc','M','2016-11-09',1,'0048 267 931 171','Dworska 99A/59. 11-183 Radom','paulina65@jasinski.pl'),
	(137,'Oliwier Dąbrowski','Sokołowski','M','2016-11-09',2,'0048(28)7064275','Wodna 18/81. 93-641 Kłobuck','xzakrzewski@zielinska.pl'),
	(138,'Adrian Jaworski','Tomaszewska','M','2016-11-08',1,'0048 20 262 32 94','Żytnia 31A. 56-775 Jadowniki','ejasinski@gmail.com'),
	(139,'Nataniel Olszewski','Wróbel','M','2016-11-08',3,'+48 896 622 638','Bałtycka 84A. 01-932 Częstochowa','mwrobel@interia.pl'),
	(140,'Juliusz Ostrowski','Kowalczyk','M','2016-11-09',2,'+48 74 141 35 78','Stalowa 39/04. 10-087 Postęp','martyna64@zalewska.org'),
	(141,'dr doc. Konrad Bąk','Jakubowska','M','2016-11-09',1,'0048(82)5935496','Piwna 73. 93-205 Łaziska Górne','dominika64@wp.pl'),
	(142,'Eryk Wróblewski','Nowak','M','2016-11-08',1,'+48(54)6138558','Żniwna 26A. 79-295 Busko-Zdrój','jakub.witkowska@yahoo.com'),
	(143,'doc. mgr Jagoda Nowicka','Nowicka','K','2016-11-08',1,'0048 947 115 597','Świdnicka 97A. 27-196 Bogatynia','jedrzej23@onet.pl'),
	(144,'Oskar Zieliński','Nowicka','M','2016-11-09',1,'(30) 764 54 53','Wiśniowa 61/76. 23-662 Szczecinek','nkrajewska@gazeta.pl'),
	(145,'Miłosz Majewski','Michalak','M','2016-11-09',3,'074799879','Bursztynowa 85. 73-539 Tychy','marta39@nowicki.net'),
	(146,'Tola Kaczmarczyk','Głowacka','M','2016-11-09',1,'0048(44)0861654','Młynarska 11/21. 58-892 Stargard Szczeciński','julian03@onet.pl'),
	(147,'inż. doc. Damian Witkowski','Zalewska','M','2016-11-08',2,'322968475','Szymanowskiego Karola 28A. 69-713 Łęczna','adrianna.kaczmarek@ostrowska.org'),
	(148,'dr dr Gustaw Malinowski','Stępień','M','2016-11-09',1,'0048 518 881 957','Jesienna 48A/45. 19-448 Gdynia','damian53@onet.pl'),
	(149,'Łucja Majewska','Chmielewska','K','2016-11-09',3,'141 638 483','Korczaka Janusza 16A/23. 12-713 Jarosław','katarzyna.makowska@interia.pl'),
	(150,'Fryderyk Baranowski','Górska','M','2016-11-09',2,'+48 312 940 582','Kopernika Mikołaja 32/48. 01-228 Konstancin-Jeziorna','kaczmarek.filip@onet.pl'),
	(151,'Bruno Piotrowski','Bąk','M','2016-11-09',3,'0048 80 458 42 33','Wspólna 90A. 91-555 Jasło','adamczyk.kamila@gmail.com'),
	(152,'inż. dr Maciej Wysocki','Zalewska','M','2016-11-09',1,'+48(10)8417490','Gnieźnieńska 94. 17-231 Skarżysko-Kamienna','julia.wieczorek@czerwinski.pl'),
	(153,'inż. Mateusz Piotrowski','Sikora','M','2016-11-09',1,'247097176','Okrężna 72/18. 66-544 Nysa','lbaranowska@interia.pl'),
	(154,'Martyna Szczepańska','Kwiatkowska','K','2016-11-08',2,'831076508','Widok 96. 42-808 Tarnowskie Góry','aurelia.kazmierczak@chmielewski.net'),
	(155,'Adam Michalski','Sobczak','M','2016-11-09',1,'+48(23)3434885','Gminna 35A/92. 70-036 Kamień','hbak@wp.pl'),
	(156,'inż. Jakub Nowak','Cieślak','M','2016-11-08',2,'+48 07 485 46 26','Matejki Jana 38. 33-141 Bolesławiec','gabriel03@lis.net'),
	(157,'doc. inż. Agata Wiśniewska','Pietrzak','K','2016-11-08',2,'700246551','Kossaka Juliusza 38A/16. 52-727 Słupsk','qmarciniak@gazeta.pl'),
	(158,'Eryk Szulc','Sobczak','M','2016-11-09',1,'0048(95)9684089','Plebiscytowa 78. 99-423 Jaroszowa Wola','oliwia22@interia.pl'),
	(159,'Emil Kucharski','Kołodziej','M','2016-11-09',1,'+48 128 289 811','Piotrkowska 60. 00-481 Wilkowice','ucieslak@piotrowski.pl'),
	(160,'Rozalia Wiśniewska','Jaworska','K','2016-11-09',2,'560 467 249','Kłosowa 69. 80-393 Nowy Dwór Mazowiecki','alicja23@wp.pl'),
	(161,'doc. dr Albert Majewski','Andrzejewska','M','2016-11-09',1,'758 682 816','Rycerska 46/63. 75-123 Marylka','wojciech.wojcik@jaworska.pl'),
	(162,'Jagoda Czarnecka','Nowakowska','K','2016-11-09',1,'+48(44)1157359','Batorego Stefana 51. 36-876 Pilchowo','gajewski.michal@adamski.pl'),
	(163,'inż. inż. Maja Jaworska','Kaźmierczak','K','2016-11-09',2,'+48 488 511 030','Sądowa 71/14. 09-026 Pabianice','tadamczyk@onet.pl'),
	(164,'Iga Majewska','Cieślak','K','2016-11-08',1,'+48 239 356 055','Sobieskiego Jana III 38A/53. 58-419 Jemielnica','xkrupa@yahoo.com'),
	(165,'Juliusz Kaczmarczyk','Wróblewski','M','2016-11-08',1,'+48 862 591 363','Granitowa 00. 33-202 Świdnica','dagmara75@cieslak.pl'),
	(166,'Józef Zając','Wilk','M','2016-11-09',2,'+48 91 024 45 18','Lotnicza 32A. 73-029 Jastarnia','oliwier27@pawlak.pl'),
	(167,'Anna Stępień','Zalewski','M','2016-11-09',2,'0048 44 124 43 17','Kasprzaka Marcina 80. 18-003 Szczecinek','marciniak.jerzy@tomaszewska.pl'),
	(168,'Konstanty Sokołowski','Mazurek','M','2016-11-09',2,'(17) 311 76 99','Chrobrego Bolesława 25A/16. 19-099 Bolesławiec','kaczmarek.borys@gmail.com'),
	(169,'Ryszard Piotrowski','Krupa','M','2016-11-09',1,'+48 46 648 34 28','Krucza 16/14. 94-727 Dębica','juliusz.cieslak@lis.info'),
	(170,'Marcin Nowakowski','Chmielewska','M','2016-11-09',2,'+48 55 769 60 78','Konstytucji 3 Maja 66A/61. 01-984 Skierniewice','nowak.fabian@mroz.pl'),
	(171,'Łukasz Błaszczyk','Borkowska','M','2016-11-08',1,'+48 41 319 40 99','Kolejowa 02. 34-218 Piekary Śląskie','gadamczyk@kucharska.pl'),
	(172,'doc. Gabriela Majewska','Lis','K','2016-11-09',2,'+48 179 361 710','Pokoju 87A. 01-458 Żywiec','nkonieczny@kalinowska.com'),
	(173,'Damian Szulc','Adamska','M','2016-11-09',2,'0048 165 220 307','Niepodległości Al. 45A. 67-477 Słupsk','roza.adamczyk@gazeta.pl'),
	(174,'Apolonia Krupa','Mróz','K','2016-11-09',1,'0048 651 615 984','Sosnowa 98A/32. 59-974 Jaworzno','gabriel.pietrzak@gazeta.pl'),
	(175,'dr Marek Kaźmierczak','Duda','M','2016-11-09',2,'+48 908 811 994','Leśmiana Bolesława 93. 73-589 Łaziska Górne','czerwinski.justyna@interia.pl'),
	(176,'doc. Hubert Kwiatkowski','Szymański','M','2016-11-09',3,'+48(03)5280589','Żwirki Franciszka i Wigury Stanisława 82/90. 31-594 Zgorzelec','lewandowska.nikola@onet.pl'),
	(177,'Leon Wasilewski','Nowicki','M','2016-11-09',1,'(10) 740 31 61','Przybyszewskiego Stanisława 05. 54-189 Konstancin-Jeziorna','kajetan19@zakrzewski.pl'),
	(178,'Weronika Ziółkowska','Kaźmierczak','K','2016-11-09',1,'+48 584 351 251','Karłowicza Mieczysława 36A. 25-614 Kozienice','krawczyk.pola@gazeta.pl'),
	(179,'inż. Radosław Kowalski','Sadowski','M','2016-11-09',3,'604677834','Hutnicza 28A/78. 59-751 Sandomierz','kwiatkowski.dorota@interia.pl'),
	(180,'mgr dr Wiktoria Duda','Pawlak','K','2016-11-09',2,'989 126 988','Poniatowskiego Józefa 00/23. 74-655 Jadowniki','sara.kucharski@walczak.com'),
	(181,'Sara Sikora','Sikorska','K','2016-11-09',1,'517 611 633','Waryńskiego Ludwika 84A. 90-088 Ząbki','radoslaw.duda@pawlowska.com'),
	(182,'Małgorzata Krupa','Szczepańska','K','2016-11-08',3,'214 558 515','Cicha 06/77. 89-026 Ławy','ndabrowska@konieczny.net'),
	(183,'Joanna Chmielewska','Wróbel','K','2016-11-09',3,'(86) 023 62 18','Zamenhofa Ludwika 76A. 68-942 Nysa','kamil.andrzejewski@lis.pl'),
	(184,'dr doc. Dorota Szymańska','Szymczak','K','2016-11-08',3,'+48 85 571 47 44','Wojska Polskiego Al. 01A/64. 49-183 Józefów','stepien.blanka@yahoo.com'),
	(185,'Karolina Głowacka','Sadowski','K','2016-11-09',3,'+48(55)1239084','Głowackiego Bartosza 25. 68-876 Jaworzno','rbaran@interia.pl'),
	(186,'Karolina Mróz','Michalak','M','2016-11-09',1,'192958021','Asnyka Adama 60. 89-786 Ząbki','fbak@pawlak.com.pl'),
	(187,'doc. Monika Kowalczyk','Mróz','M','2016-11-09',1,'+48 359 838 015','Piłsudskiego Józefa Al. 44/46. 21-494 Pieszyce','nadia61@krol.info'),
	(188,'Lena Wilk','Makowski','M','2016-11-09',2,'380296613','Parkowa 86. 83-148 Gorlice','lwroblewski@yahoo.com'),
	(189,'Gabriela Jaworska','Pietrzak','K','2016-11-09',2,'+48 61 986 80 27','Jastrzębia 86/37. 52-468 Tczew','witkowska.roksana@interia.pl'),
	(190,'Maurycy Kamiński','Wilk','M','2016-11-09',2,'0048 49 459 23 38','Wielkopolska 99/15. 93-971 Żywiec','mariusz.majewski@borowski.org'),
	(191,'inż. Damian Maciejewski','Piotrowski','M','2016-11-09',1,'502 815 538','Stolarska 36. 11-932 Łowicz','ida.kaczmarczyk@wp.pl'),
	(192,'Sebastian Cieślak','Urbańska','M','2016-11-08',2,'0048 76 157 48 26','Chabrowa 46A/93. 94-700 Bezrzecze','fgorska@jaworska.pl'),
	(193,'dr mgr Antoni Baran','Kwiatkowska','M','2016-11-09',1,'+48(42)4847500','Turystyczna 19. 72-844 Bielawa','nkrawczyk@mroz.pl'),
	(194,'dr Milena Pawłowska','Głowacka','K','2016-11-09',3,'0048 680 859 839','Stroma 56A. 30-813 Mikołów','nurbanski@wp.pl'),
	(195,'doc. Nadia Górska','Kowalska','K','2016-11-09',3,'0048 664 989 690','Rubinowa 39A/85. 96-190 Zawiercie','adrian77@gmail.com'),
	(196,'Agata Kalinowska','Zalewska','K','2016-11-09',3,'0048 178 722 982','Skośna 22. 52-915 Wodzisław Śląski','borkowska.mariusz@onet.pl'),
	(197,'Filip Błaszczyk','Baranowski','M','2016-11-09',2,'(42) 358 06 63','Konopnickiej Marii 99/44. 00-413 Września','michalska.roksana@zielinski.pl'),
	(198,'Monika Adamska','Mazurek','K','2016-11-09',2,'+48 33 586 89 43','Wyzwolenia 61. 72-944 Pruszków','hubert80@czarnecki.pl'),
	(199,'Martyna Krupa','Borkowska','K','2016-11-08',2,'+48 32 281 31 33','Legnicka 52/42. 33-279 Świętochłowice','wojciechowski.natalia@kucharska.pl');

/*!40000 ALTER TABLE `Windykatorzy` ENABLE KEYS */;
UNLOCK TABLES;


# Dump of table ZmianyStanow
# ------------------------------------------------------------

DROP TABLE IF EXISTS `ZmianyStanow`;

CREATE TABLE `ZmianyStanow` (
  `IdZmiany` int(11) NOT NULL AUTO_INCREMENT,
  `IdPostepowania` int(11) NOT NULL,
  `DataZmiany` date NOT NULL,
  `IdStanu` int(11) NOT NULL,
  PRIMARY KEY (`IdZmiany`),
  KEY `ZmianyStanow_fk0` (`IdPostepowania`),
  KEY `ZmianyStanow_fk1` (`IdStanu`),
  CONSTRAINT `ZmianyStanow_fk0` FOREIGN KEY (`IdPostepowania`) REFERENCES `Postepowania` (`IdPostepowania`),
  CONSTRAINT `ZmianyStanow_fk1` FOREIGN KEY (`IdStanu`) REFERENCES `Stany` (`IdStanu`)
) ENGINE=InnoDB DEFAULT CHARSET=utf8;

LOCK TABLES `ZmianyStanow` WRITE;
/*!40000 ALTER TABLE `ZmianyStanow` DISABLE KEYS */;

INSERT INTO `ZmianyStanow` (`IdZmiany`, `IdPostepowania`, `DataZmiany`, `IdStanu`)
VALUES
	(1,86,'2016-07-26',5);

/*!40000 ALTER TABLE `ZmianyStanow` ENABLE KEYS */;
UNLOCK TABLES;



/*!40111 SET SQL_NOTES=@OLD_SQL_NOTES */;
/*!40101 SET SQL_MODE=@OLD_SQL_MODE */;
/*!40014 SET FOREIGN_KEY_CHECKS=@OLD_FOREIGN_KEY_CHECKS */;
/*!40101 SET CHARACTER_SET_CLIENT=@OLD_CHARACTER_SET_CLIENT */;
/*!40101 SET CHARACTER_SET_RESULTS=@OLD_CHARACTER_SET_RESULTS */;
/*!40101 SET COLLATION_CONNECTION=@OLD_COLLATION_CONNECTION */;
