# ************************************************************
# Sequel Pro SQL dump
# Version 4541
#
# http://www.sequelpro.com/
# https://github.com/sequelpro/sequelpro
#
# Host: 127.0.0.1 (MySQL 5.7.16)
# Database: movedb
# Generation Time: 2016-11-19 01:00:45 +0000
# ************************************************************


/*!40101 SET @OLD_CHARACTER_SET_CLIENT=@@CHARACTER_SET_CLIENT */;
/*!40101 SET @OLD_CHARACTER_SET_RESULTS=@@CHARACTER_SET_RESULTS */;
/*!40101 SET @OLD_COLLATION_CONNECTION=@@COLLATION_CONNECTION */;
/*!40101 SET NAMES utf8 */;
/*!40014 SET @OLD_FOREIGN_KEY_CHECKS=@@FOREIGN_KEY_CHECKS, FOREIGN_KEY_CHECKS=0 */;
/*!40101 SET @OLD_SQL_MODE=@@SQL_MODE, SQL_MODE='NO_AUTO_VALUE_ON_ZERO' */;
/*!40111 SET @OLD_SQL_NOTES=@@SQL_NOTES, SQL_NOTES=0 */;


# Dump of table BierzeUdzial
# ------------------------------------------------------------

DROP TABLE IF EXISTS `BierzeUdzial`;

CREATE TABLE `BierzeUdzial` (
  `IdBierze` int(11) NOT NULL AUTO_INCREMENT,
  `IdPostepowania` int(11) NOT NULL DEFAULT '0',
  `IdWindykatora` int(11) NOT NULL DEFAULT '0',
  PRIMARY KEY (`IdBierze`),
  KEY `IdPostepowania` (`IdPostepowania`),
  KEY `IdWindykatora` (`IdWindykatora`),
  CONSTRAINT `bierzeudzial_ibfk_1` FOREIGN KEY (`IdPostepowania`) REFERENCES `Postepowania` (`IdPostepowania`) ON DELETE CASCADE ON UPDATE CASCADE,
  CONSTRAINT `bierzeudzial_ibfk_2` FOREIGN KEY (`IdWindykatora`) REFERENCES `Windykatorzy` (`IdWindykatora`) ON DELETE CASCADE ON UPDATE CASCADE
) ENGINE=InnoDB DEFAULT CHARSET=utf8;



# Dump of table Długi
# ------------------------------------------------------------

DROP TABLE IF EXISTS `Długi`;

CREATE TABLE `Długi` (
  `IdDlugu` int(11) NOT NULL AUTO_INCREMENT,
  `IdDluznika` int(11) NOT NULL DEFAULT '0',
  `IdWierzyciela` int(11) NOT NULL DEFAULT '0',
  `KwotaZobowiazania` double NOT NULL DEFAULT '0',
  `DataPowstania` date NOT NULL,
  `DataPlanowejSplaty` date NOT NULL,
  `KosztObslugi` double NOT NULL DEFAULT '0',
  `Waluta` varchar(3) NOT NULL,
  `Odsetki` double NOT NULL DEFAULT '0',
  PRIMARY KEY (`IdDlugu`),
  KEY `IdDluznika` (`IdDluznika`),
  KEY `IdWierzyciela` (`IdWierzyciela`),
  CONSTRAINT `dluznik` FOREIGN KEY (`IdDluznika`) REFERENCES `Podmioty` (`IdPodmiotu`) ON DELETE CASCADE ON UPDATE CASCADE,
  CONSTRAINT `wierzyciel` FOREIGN KEY (`IdWierzyciela`) REFERENCES `Podmioty` (`IdPodmiotu`) ON DELETE CASCADE ON UPDATE CASCADE
) ENGINE=InnoDB DEFAULT CHARSET=utf8;



# Dump of table Faktury
# ------------------------------------------------------------

DROP TABLE IF EXISTS `Faktury`;

CREATE TABLE `Faktury` (
  `IdFaktury` int(11) NOT NULL AUTO_INCREMENT,
  `DataWystawienia` date NOT NULL,
  `IdPostepowania` int(11) NOT NULL DEFAULT '0',
  `NumerFaktury` int(11) NOT NULL DEFAULT '0',
  `TerminPlatnosci` date NOT NULL,
  PRIMARY KEY (`IdFaktury`),
  KEY `IdPostepowania` (`IdPostepowania`),
  KEY `NumerFaktury` (`NumerFaktury`),
  CONSTRAINT `faktury_ibfk_1` FOREIGN KEY (`IdPostepowania`) REFERENCES `Postepowania` (`IdPostepowania`) ON DELETE CASCADE ON UPDATE CASCADE
) ENGINE=InnoDB DEFAULT CHARSET=utf8;



# Dump of table Miasta
# ------------------------------------------------------------

DROP TABLE IF EXISTS `Miasta`;

CREATE TABLE `Miasta` (
  `IdMiasta` int(11) NOT NULL AUTO_INCREMENT,
  `NazwaMiasta` varchar(40) NOT NULL,
  PRIMARY KEY (`IdMiasta`)
) ENGINE=InnoDB DEFAULT CHARSET=utf8;



# Dump of table Podmioty
# ------------------------------------------------------------

DROP TABLE IF EXISTS `Podmioty`;

CREATE TABLE `Podmioty` (
  `IdPodmiotu` int(11) NOT NULL AUTO_INCREMENT,
  `IdMiasta` int(11) DEFAULT '0',
  `Imie` varchar(40) DEFAULT NULL,
  `Nazwisko` varchar(40) DEFAULT NULL,
  `NazwaFirmy` varchar(60) DEFAULT NULL,
  `PESEL` varchar(40) DEFAULT NULL,
  `NIP` varchar(40) DEFAULT NULL,
  `REGON` varchar(40) DEFAULT NULL,
  `NrTelefonu` varchar(255) NOT NULL,
  `Adres` varchar(255) NOT NULL,
  `Email` varchar(255) NOT NULL,
  `NrKonta` varchar(255) NOT NULL,
  PRIMARY KEY (`IdPodmiotu`),
  UNIQUE KEY `NIP` (`NIP`),
  UNIQUE KEY `PESEL` (`PESEL`),
  UNIQUE KEY `REGON` (`REGON`),
  KEY `IdMiasta` (`IdMiasta`),
  CONSTRAINT `miasta` FOREIGN KEY (`IdMiasta`) REFERENCES `Miasta` (`IdMiasta`) ON DELETE CASCADE ON UPDATE CASCADE
) ENGINE=InnoDB DEFAULT CHARSET=utf8;



# Dump of table Ponaglenia
# ------------------------------------------------------------

DROP TABLE IF EXISTS `Ponaglenia`;

CREATE TABLE `Ponaglenia` (
  `IdPonaglenia` int(11) NOT NULL AUTO_INCREMENT,
  `IdPostepowania` int(11) NOT NULL DEFAULT '0',
  `DataWyslania` date NOT NULL,
  `PotwierdzenieOdbioru` tinyint(1) DEFAULT '0',
  `KosztObslugi` double NOT NULL DEFAULT '0',
  PRIMARY KEY (`IdPonaglenia`),
  KEY `IdPostepowania` (`IdPostepowania`),
  CONSTRAINT `ponaglenia_ibfk_1` FOREIGN KEY (`IdPostepowania`) REFERENCES `Postepowania` (`IdPostepowania`) ON DELETE CASCADE ON UPDATE CASCADE
) ENGINE=InnoDB DEFAULT CHARSET=utf8;



# Dump of table Postepowania
# ------------------------------------------------------------

DROP TABLE IF EXISTS `Postepowania`;

CREATE TABLE `Postepowania` (
  `IdPostepowania` int(11) NOT NULL AUTO_INCREMENT,
  `IdUpowaznienia` int(11) NOT NULL DEFAULT '0',
  `IdRodzaju` int(11) NOT NULL DEFAULT '0',
  PRIMARY KEY (`IdPostepowania`),
  KEY `IdRodzaju` (`IdRodzaju`),
  KEY `IdUpowaznienia` (`IdUpowaznienia`),
  CONSTRAINT `postepowania_ibfk_1` FOREIGN KEY (`IdUpowaznienia`) REFERENCES `Upowaznienia` (`IdUpowaznienia`) ON DELETE CASCADE ON UPDATE CASCADE,
  CONSTRAINT `postepowania_ibfk_2` FOREIGN KEY (`IdRodzaju`) REFERENCES `Rodzaje` (`IdRodzaju`) ON DELETE CASCADE ON UPDATE CASCADE
) ENGINE=InnoDB DEFAULT CHARSET=utf8;



# Dump of table Pozwy
# ------------------------------------------------------------

DROP TABLE IF EXISTS `Pozwy`;

CREATE TABLE `Pozwy` (
  `IdPozwu` int(11) NOT NULL AUTO_INCREMENT,
  `IdPostepowania` int(11) NOT NULL DEFAULT '0',
  `DataRozpoczecia` date NOT NULL,
  `NazwaSadu` varchar(60) NOT NULL,
  `KosztObslugi` double NOT NULL DEFAULT '0',
  PRIMARY KEY (`IdPozwu`),
  KEY `IdPostepowania` (`IdPostepowania`),
  CONSTRAINT `pozwy_ibfk_1` FOREIGN KEY (`IdPostepowania`) REFERENCES `Postepowania` (`IdPostepowania`) ON DELETE CASCADE ON UPDATE CASCADE
) ENGINE=InnoDB DEFAULT CHARSET=utf8;



# Dump of table Rodzaje
# ------------------------------------------------------------

DROP TABLE IF EXISTS `Rodzaje`;

CREATE TABLE `Rodzaje` (
  `IdRodzaju` int(11) NOT NULL AUTO_INCREMENT,
  `NazwaRodzaju` varchar(60) NOT NULL,
  PRIMARY KEY (`IdRodzaju`),
  UNIQUE KEY `NazwaRodzaju` (`NazwaRodzaju`)
) ENGINE=InnoDB DEFAULT CHARSET=utf8;



# Dump of table Stany
# ------------------------------------------------------------

DROP TABLE IF EXISTS `Stany`;

CREATE TABLE `Stany` (
  `IdStanu` int(11) NOT NULL AUTO_INCREMENT,
  `NazwaStanu` varchar(40) NOT NULL,
  PRIMARY KEY (`IdStanu`)
) ENGINE=InnoDB DEFAULT CHARSET=utf8;



# Dump of table TypyWindykatorow
# ------------------------------------------------------------

DROP TABLE IF EXISTS `TypyWindykatorow`;

CREATE TABLE `TypyWindykatorow` (
  `IdTypuWindykatora` int(11) NOT NULL AUTO_INCREMENT,
  `NazwaTypuWindykatora` varchar(40) NOT NULL,
  PRIMARY KEY (`IdTypuWindykatora`)
) ENGINE=InnoDB DEFAULT CHARSET=utf8;



# Dump of table Ugody
# ------------------------------------------------------------

DROP TABLE IF EXISTS `Ugody`;

CREATE TABLE `Ugody` (
  `IdUgody` int(11) NOT NULL AUTO_INCREMENT,
  `IdPostepowania` int(11) NOT NULL DEFAULT '0',
  `DataZawarciaUgody` date NOT NULL,
  `Warunki` varchar(255) NOT NULL,
  `KosztObslugi` double NOT NULL DEFAULT '0',
  PRIMARY KEY (`IdUgody`),
  KEY `IdPostepowania` (`IdPostepowania`),
  CONSTRAINT `ugody_ibfk_1` FOREIGN KEY (`IdPostepowania`) REFERENCES `Postepowania` (`IdPostepowania`) ON DELETE CASCADE ON UPDATE CASCADE
) ENGINE=InnoDB DEFAULT CHARSET=utf8;



# Dump of table Upowaznienia
# ------------------------------------------------------------

DROP TABLE IF EXISTS `Upowaznienia`;

CREATE TABLE `Upowaznienia` (
  `IdUpowaznienia` int(11) NOT NULL AUTO_INCREMENT,
  `IdDlugu` int(11) NOT NULL DEFAULT '0',
  `DataWydania` date NOT NULL,
  `DataObowiazywania` date NOT NULL,
  PRIMARY KEY (`IdUpowaznienia`),
  KEY `IdDlugu` (`IdDlugu`),
  CONSTRAINT `upowaznienia_ibfk_1` FOREIGN KEY (`IdDlugu`) REFERENCES `Długi` (`IdDlugu`) ON DELETE CASCADE ON UPDATE CASCADE
) ENGINE=InnoDB DEFAULT CHARSET=utf8;



# Dump of table Windykatorzy
# ------------------------------------------------------------

DROP TABLE IF EXISTS `Windykatorzy`;

CREATE TABLE `Windykatorzy` (
  `IdWindykatora` int(11) NOT NULL AUTO_INCREMENT,
  `Imie` varchar(40) NOT NULL,
  `Nazwisko` varchar(40) NOT NULL,
  `Plec` varchar(1) NOT NULL,
  `DataZatrudnienia` datetime NOT NULL,
  `IdTypuWindykatora` int(11) NOT NULL DEFAULT '0',
  `NrTelefonu` varchar(255) NOT NULL,
  `Adres` varchar(255) NOT NULL,
  `Email` varchar(255) NOT NULL,
  PRIMARY KEY (`IdWindykatora`),
  KEY `IdTypuWindykatora` (`IdTypuWindykatora`),
  CONSTRAINT `windykatorzy_ibfk_1` FOREIGN KEY (`IdTypuWindykatora`) REFERENCES `TypyWindykatorow` (`IdTypuWindykatora`) ON DELETE CASCADE ON UPDATE CASCADE
) ENGINE=InnoDB DEFAULT CHARSET=utf8;



# Dump of table ZmianyStanow
# ------------------------------------------------------------

DROP TABLE IF EXISTS `ZmianyStanow`;

CREATE TABLE `ZmianyStanow` (
  `IdZmiany` int(11) NOT NULL AUTO_INCREMENT,
  `IdPostepowania` int(11) NOT NULL DEFAULT '0',
  `DataZmiany` date NOT NULL,
  `IdStanu` int(11) NOT NULL DEFAULT '0',
  PRIMARY KEY (`IdZmiany`),
  KEY `IdPostepowania` (`IdPostepowania`),
  KEY `IdStanu` (`IdStanu`),
  CONSTRAINT `zmianystanow_ibfk_1` FOREIGN KEY (`IdPostepowania`) REFERENCES `Postepowania` (`IdPostepowania`) ON DELETE CASCADE ON UPDATE CASCADE,
  CONSTRAINT `zmianystanow_ibfk_2` FOREIGN KEY (`IdStanu`) REFERENCES `Stany` (`IdStanu`) ON DELETE CASCADE ON UPDATE CASCADE
) ENGINE=InnoDB DEFAULT CHARSET=utf8;




/*!40111 SET SQL_NOTES=@OLD_SQL_NOTES */;
/*!40101 SET SQL_MODE=@OLD_SQL_MODE */;
/*!40014 SET FOREIGN_KEY_CHECKS=@OLD_FOREIGN_KEY_CHECKS */;
/*!40101 SET CHARACTER_SET_CLIENT=@OLD_CHARACTER_SET_CLIENT */;
/*!40101 SET CHARACTER_SET_RESULTS=@OLD_CHARACTER_SET_RESULTS */;
/*!40101 SET COLLATION_CONNECTION=@OLD_COLLATION_CONNECTION */;

INSERT INTO Miasta
VALUES 
(1,'Grodków'),
(2,'Prochowice'),
(3,'Chęciny'),
(4,'Kazimierza Wielka'),
(5,'Kleczew'),
(6,'Lubniewice'),
(7,'Łęknica'),
(8,'Frombork'),
(9,'Zawiercie'),
(10,'Błaszki'),
(11,'Sianów'),
(12,'Dziwnów'),
(13,'Ulanów'),
(14,'Buk'),
(15,'Resko'),
(16,'Wieluń'),
(17,'Żnin'),
(18,'Biecz'),
(19,'Dobiegniew'),
(20,'Inowrocław'),
(21,'Góra'),
(22,'Leszno'),
(23,'Kobyłka'),
(24,'Baborów'),
(25,'Myszyniec'),
(26,'Biały Bór'),
(27,'Kórnik'),
(28,'Bardo'),
(29,'Siedlce'),
(30,'Puławy'),
(31,'Pszów'),
(32,'Sława'),
(33,'Szczyrk'),
(34,'Rzgów'),
(35,'Wysoka'),
(36,'Biała'),
(37,'Szamotuły'),
(38,'Biłgoraj'),
(39,'Piekary Śląskie'),
(40,'Bielsko-Biała'),
(41,'Kutno'),
(42,'Strzelce Opolskie'),
(43,'Braniewo'),
(44,'Skoki'),
(45,'Strzegom'),
(46,'Głuchołazy'),
(47,'Mszana Dolna'),
(48,'Stoczek Łukowski'),
(49,'Orzysz'),
(50,'Radlin'),
(51,'Gostyń'),
(52,'Kazimierza Wielka'),
(53,'Zagórz'),
(54,'Lębork'),
(55,'Ustrzyki Dolne'),
(56,'Zawichost'),
(57,'Mińsk Mazowiecki'),
(58,'Trzebinia'),
(59,'Hajnówka'),
(60,'Legnica'),
(61,'Łaszczów'),
(62,'Międzyrzec Podlaski'),
(63,'Miłomłyn'),
(64,'Wolbrom'),
(65,'Kołobrzeg'),
(66,'Kosów Lacki'),
(67,'Skawina'),
(68,'Olkusz'),
(69,'Pruchnik'),
(70,'Konin'),
(71,'Tłuszcz'),
(72,'Szepietowo'),
(73,'Ryki'),
(74,'Brzozów'),
(75,'Zwierzyniec'),
(76,'Żychlin'),
(77,'Ośno Lubuskie'),
(78,'Dębica'),
(79,'Świdnik'),
(80,'Bolesławiec'),
(81,'Lubsko'),
(82,'Aleksandrów Kujawski'),
(83,'Siemianowice Śląskie'),
(84,'Ryn'),
(85,'Zakroczym'),
(86,'Żarów'),
(87,'Kołaczyce'),
(88,'Mogilno'),
(89,'Sochaczew'),
(90,'Szczyrk'),
(91,'Radzionków'),
(92,'Wałcz'),
(93,'Przecław'),
(94,'Ustroń'),
(95,'Zawichost'),
(96,'Bełżyce'),
(97,'Ujście'),
(98,'Syców'),
(99,'Łęczyca'),
(100,'Cedynia');

INSERT INTO Podmioty
VALUES 
(1,31,'Klaudiusz','Grzywacz','NULL',59349887294,1216595317,NULL,681184373,'Alina Village 6464','antoni.rakowski@gmail.com',980787509375341980),
(2,66,'Patryk','Piłat','NULL',53659233867,4814435788,NULL,951589714,'Lidia Viaduct 01097','ignacy.banasik@yahoo.com',213354063567860925),
(3,54,'Ferdynanda','Flak','NULL',36444618604,8727172778,NULL,785802260,'Dziuba Route 3461','józef.kowalewski@gmail.com',835030496408665592),
(4,78,'Julia','Majka','NULL',48615971515,1688358457,NULL,599949644,'Janas Heights 0155','natan.pawlak@hotmail.com',953571072851401725),
(5,58,'Sebastian','Płonka','NULL',28809774368,1454629464,NULL,848961038,'Ferdynanda Well 8847','henryka.wojtasik@gmail.com',906215387531577401),
(6,43,'Jozue','Kubicki','NULL',12025191642,1130615908,NULL,653187531,'Ignacy Ridges 8345','eleonora.wąsik@yahoo.com',513249687805026790),
(7,33,'Jozue','Pasternak','NULL',87429166174,8539516171,NULL,276522596,'Janina Stream 6422','alicja.kasprzyk@gmail.com',225746764612326097),
(8,29,'Eudokia','Węgrzyn','NULL',11369820630,3312272850,NULL,560842418,'Juliusz Parks 26814','krystyna.czarnecki@gmail.com',291325148326755038),
(9,59,'Ludwika','Piwowarczyk','NULL',29987273785,7953656736,NULL,787773746,'Nikola Hollow 2013','eliza.domański@gmail.com',949777479293249445),
(10,80,'Izydor','Kwiecień','NULL',15692053728,3779960585,NULL,237691820,'Koza Crest 223','antoni.woś@hotmail.com',938278016206432282),
(11,38,'Ireneusz','Urbańczyk','NULL',63722341526,8194854393,NULL,874310655,'Seweryn Lodge 21844','oliwier.czaja@hotmail.com',175003580964272454),
(12,92,'Ludwik','Banach','NULL',28684139965,3028951055,NULL,549618640,'Maria Plains 7080','cezary.grześkowiak@yahoo.com',670513340710010272),
(13,26,'Martyna','Kuczyński','NULL',97631724933,8798400606,NULL,229068665,'Jarząbek Key 069','orestes.januszewski@yahoo.com',358448218584794028),
(14,45,'Maja','Podgórski','NULL',93726243108,5786065994,NULL,419431253,'Eliasz Mountain 2270','konstanty.radecki@hotmail.com',697694607003695639),
(15,44,'Gedeon','Ślusarczyk','NULL',72099787467,6069912301,NULL,547119644,'Franciszka Forest 92702','gertruda.rybicki@gmail.com',375402874247097933),
(16,48,'Natalia','Przybysz','NULL',18113777959,8343749935,NULL,199232121,'Szczygieł Lodge 39289','wincenty.kuciński@yahoo.com',973407513814335164),
(17,33,'Mikołaj','Bednarczyk','NULL',93190226647,7068772549,NULL,564721357,'Zygmunt Creek 86244','piotr.szymczak@hotmail.com',235188502778993578),
(18,12,'Alfred','Wolak','NULL',90843180942,5937778868,NULL,935824377,'Porfiriusz Hills 56405','ilona.kołodziejski@gmail.com',248493066698042516),
(19,33,'Ludwika','Stasiak','NULL',25290568180,6402414303,NULL,748523642,'Porfiriusz Mountains 193','gedeon.piechota@yahoo.com',941127181391955065),
(20,9,'Fryderyk','Warchoł','NULL',21052200039,5206557804,NULL,863940825,'Roderyk Lock 145','ignacy.kłos@hotmail.com',447919087113975303),
(21,54,'Emilia','Białek','NULL',91075609044,2191216655,NULL,156542913,'Radecki Isle 546','orestes.kaleta@gmail.com',171829134649402349),
(22,72,'Emanuel','Kłos','NULL',27873853793,3340224635,NULL,992301469,'Joachim Ramp 7763','helena.gąsiorowski@yahoo.com',665277173750583120),
(23,15,'Jonatan','Jakubowski','NULL',57882986688,9487808081,NULL,687340214,'Renata Villages 070','marta.zięba@hotmail.com',799561003287860945),
(24,59,'Amabela','Kosowski','NULL',68164531761,5703596378,NULL,500068140,'Marcin Light 3751','regina.wnuk@hotmail.com',172259692640707530),
(25,93,'Eudokia','Nawrot','NULL',87376644372,9671594500,NULL,449299175,'Klaudiusz Squares 422','klaudiusz.bartnik@gmail.com',374783833603082805),
(26,93,'Ireneusz','Pawlikowski','NULL',41597035670,1334629127,NULL,595708834,'Randolf Lakes 108','ambroży.kowalczyk@hotmail.com',885414179365505940),
(27,16,'Cyryl','Cygan','NULL',67029922324,2729022090,NULL,675300252,'Klementyna Springs 305','reginald.rudzki@hotmail.com',406942320327387826),
(28,84,'Maksym','Laskowski','NULL',54787866520,7871390986,NULL,377212538,'Dawid Terrace 1149','henryk.michalak@hotmail.com',242079927555142524),
(29,34,'Michalina','Piórkowski','NULL',16409193899,9554693190,NULL,129675565,'Nikola Springs 673','marta.mucha@gmail.com',367799692672729917),
(30,39,'Orestes','Szczygieł','NULL',12574397626,6415831101,NULL,179845711,'Borys Street 474','klementyna.duda@yahoo.com',897940539877541078),
(31,14,'Krystian','Kołodziejczyk','NULL',98222072849,9454382622,NULL,583972927,'Arseniusz Hills 832','renata.szymański@gmail.com',430026076472449351),
(32,21,'Penelopa','Czech','NULL',88593706864,2708163499,NULL,413148747,'Augustyniak Mews 6189','łucja.kędzierski@yahoo.com',762114211816079155),
(33,27,'Walerian','Świerczyński','NULL',63423891298,2683008998,NULL,676331161,'Rajnold Mount 12043','angela.błaszczak@gmail.com',489937256670211446),
(34,2,'Natanael','Marszałek','NULL',66791111853,2075733326,NULL,549577178,'Szczęsna Trace 42844','dariusz.głogowski@hotmail.com',568054917060899736),
(35,26,'Ruta','Owczarek','NULL',76171599246,1027063051,NULL,312110548,'Kuciński Springs 08128','noemi.michalski@gmail.com',478474610553580912),
(36,10,'Borys','Kawa','NULL',72591641497,3761719941,NULL,959995358,'Grabowski Inlet 953','ewa.domagała@yahoo.com',601399707139742735),
(37,12,'Arseniusz','Szczepaniak','NULL',23095920941,9437931571,NULL,413470710,'Tomaszewski Forest 0984','julian.lisiecki@hotmail.com',919194805357271149),
(38,65,'Brajan','Bożek','NULL',90364623279,6779156080,NULL,472315568,'Penelopa Ports 1325','andżelika.olejniczak@yahoo.com',849709922461743866),
(39,57,'Brajan','Kozioł','NULL',39848452489,1021415344,NULL,720347409,'Angela Drive 593','patryk.janiak@yahoo.com',156603431866650463),
(40,46,'Konstantyn','Kawecki','NULL',35330445031,1127050502,NULL,655870601,'Penelopa Dale 3354','tobiasz.świątek@hotmail.com',205601053494989862),
(41,48,'Monika','Hajduk','NULL',72293378039,8540069433,NULL,279978900,'Wolny Landing 651','walerian.tomaszewski@hotmail.com',541019098899426594),
(42,55,'Zuzanna','Kałuża','NULL',35611586130,3673195265,NULL,463352730,'Szczepański Brooks 464','larysa.jaśkiewicz@yahoo.com',466293787648434408),
(43,47,'Patryk','Banasik','NULL',40354383569,4027323732,NULL,249151343,'Wierzbicki Flat 72265','eudokia.kaleta@hotmail.com',122194419079007309),
(44,12,'Emil','Kotowski','NULL',78371699664,7024563607,NULL,775193194,'Martyna Ports 700','patryk.dobrzyński@hotmail.com',505324097767302275),
(45,62,'Maurycy','Skowron','NULL',68317231304,6469106841,NULL,599725793,'Pluta Spring 85262','agaton.rogala@gmail.com',987702724335743815),
(46,83,'Gilbert','Karczewski','NULL',51132919085,5752002927,NULL,740298479,'Paweł Curve 050','walery.kozłowski@gmail.com',289597360884055390),
(47,36,'Leon','Pająk','NULL',31153712736,9488346564,NULL,408842143,'Chrzanowski Mountain 94697','kazimierz.maćkowiak@gmail.com',569822856086247034),
(48,60,'Leonid','Kaczorowski','NULL',64404321918,7531633247,NULL,407834014,'Cezary Union 351','dawid.kwaśniewski@yahoo.com',742307690690894761),
(49,1,'Monika','Stolarski','NULL',35506298972,4020712144,NULL,598512028,'Marek Fort 348','walter.rosa@hotmail.com',773176909457722515),
(50,49,'Ksawera','Nowiński','NULL',33214424185,9180059243,NULL,837277414,'Majcher Gardens 4245','edmund.wysocki@gmail.com',108438879009832333),
(51,48,'Ireneusz','Cieślak','NULL',60491454007,5330432572,NULL,516105186,'Gawroński Flats 7635','zuzanna.kuś@hotmail.com',347506272995524808),
(52,62,'Pelagia','Adamiak','NULL',50047810109,2067538139,NULL,253103045,'Kozioł Stravenue 971','kira.jakubiak@hotmail.com',447144769956645141),
(53,94,'Samson','Tomaszewski','NULL',65234539685,5776283595,NULL,723460533,'Brajan Cliff 343','alfred.urbanek@hotmail.com',913795678476740698),
(54,91,'Irena','Kubik','NULL',75668511654,6167666469,NULL,204030708,'Edward Stream 58749','ambroży.juszczak@gmail.com',870594074604001529),
(55,3,'Lilianna','Grzybowski','NULL',66201089213,7564588549,NULL,391712964,'Leśniewski Cliff 91246','stanisław.górka@gmail.com',803852011715993411),
(56,52,'Natan','Tomala','NULL',43588466046,1409386782,NULL,952661697,'Bartkowiak Islands 855','prokul.sołtys@yahoo.com',296302301769349767),
(57,38,'Reginald','Karczewski','NULL',34584755489,5643669550,NULL,231800352,'Zwoliński Run 824','amanda.frankowski@yahoo.com',250571660976164022),
(58,42,'Joanna','Borek','NULL',13964732137,2425396951,NULL,692687871,'Klara Circles 70598','dorota.świderski@gmail.com',163408114583625374),
(59,10,'Małgorzata','Sobieraj','NULL',66383386972,8669072970,NULL,981809411,'Śliwiński Plaza 20724','abraham.furman@yahoo.com',260330644765054950),
(60,57,'Izajasz','Zakrzewski','NULL',57985485311,7393778559,NULL,729218893,'Kołodziejski Point 09453','ilona.frączek@yahoo.com',467347520970013613),
(61,51,'Olaf','Czekaj','NULL',20112242333,6250613481,NULL,288608326,'Gonsalwy Expressway 2314','nina.bielecki@yahoo.com',743593153150742225),
(62,37,'Cezary','Raczyński','NULL',28566136392,7787306728,NULL,579280013,'Katarzyna Vista 567','dorian.rudziński@gmail.com',336986461773938201),
(63,74,'Eustracjusz','Zaborowski','NULL',36971863842,9489525929,NULL,825717460,'Joachim Route 1187','nikodem.marzec@hotmail.com',180815794179639831),
(64,31,'Konstanty','Niewiadomski','NULL',41312396091,9591462455,NULL,438951775,'Irma Stream 1531','amanda.drabik@yahoo.com',530935568022342718),
(65,15,'Julia','Niedziela','NULL',36991006703,4395091996,NULL,158662378,'Terencjusz Extension 80946','patryk.suski@gmail.com',984365548561281590),
(66,48,'Lucja','Lisowski','NULL',48463587159,6490943855,NULL,973442572,'Reginald Grove 607','bibianna.pałka@yahoo.com',173673593484084904),
(67,79,'Fryderyk','Sobieraj','NULL',61537491896,4413168750,NULL,652051270,'Żak Branch 86671','galfryd.marczak@yahoo.com',247257414364392849),
(68,88,'Małgorzata','Serafin','NULL',13718586930,4113372066,NULL,931668603,'Izydor Viaduct 75127','kleopatra.stec@gmail.com',883872565338242843),
(69,2,'Agata','Kuc','NULL',15113901350,1473716553,NULL,612586784,'Kawecki Overpass 031','łucja.robak@yahoo.com',602997206969749239),
(70,41,'Natalia','Broda','NULL',13759269639,1326945241,NULL,422312118,'Franciszka Route 94272','rufina.laskowski@hotmail.com',179343684527630157),
(71,57,'Erast','Bednarek','NULL',90685451020,5650444945,NULL,161002265,'Marszałek Ridges 0694','laurencjusz.rybak@yahoo.com',352476672017759527),
(72,53,'Efraim','Zarzycki','NULL',77382579593,7520174329,NULL,699654274,'Oskar Springs 39915','żaneta.krysiak@yahoo.com',910091687145072738),
(73,65,'Martyna','Gawlik','NULL',89730607592,2051240993,NULL,618020303,'Budzyński Squares 634','amanda.rosiński@hotmail.com',293609660891754905),
(74,86,'Oliwia','Polak','NULL',22825397923,8983091279,NULL,422996349,'Elwira Field 394','leila.zakrzewski@gmail.com',679339428730399441),
(75,27,'Donald','Misztal','NULL',36267921213,1373366099,NULL,572384614,'Bogucki Extensions 9485','ofelia.kita@hotmail.com',213027091662261262),
(76,7,'Alfred','Smoliński','NULL',40956917515,7599794276,NULL,250190009,'Kępa Terrace 78497','nadzieja.góra@gmail.com',443011028259937045),
(77,82,'Błażej','Radecki','NULL',21689023568,2484871423,NULL,429241447,'Jerzy Groves 2622','barbara.drozdowski@gmail.com',573644264005032299),
(78,34,'Laura','Frączek','NULL',60180714369,8055851098,NULL,447014799,'Maliszewski Mall 0878','fabian.andrzejczak@gmail.com',149693587849464934),
(79,15,'Roman','Kasperek','NULL',41924404143,4652279954,NULL,713905455,'Malwina Station 0667','wiktoria.niemczyk@yahoo.com',587858032707220932),
(80,45,'Maurycy','Majewski','NULL',36842234580,7812817997,NULL,748431891,'Pietras Rest 33067','izaak.kasperek@hotmail.com',778597594757207720),
(81,73,'Rufina','Tomczyk','NULL',10362764256,2866710257,NULL,156571313,'Cebula Centers 597','ada.rakowski@yahoo.com',890230428834371756),
(82,15,'Monika','Sochacki','NULL',65466273074,9073792968,NULL,609803847,'Sylwester Manor 652','eugenia.leśniak@yahoo.com',574890664531887290),
(83,4,'Wilhelmina','Wysocki','NULL',47713810212,1676920856,NULL,692582793,'Hipolit Expressway 2164','jan.maciejewski@yahoo.com',415245322228228461),
(84,96,'Lilia','Krupiński','NULL',83181752667,3090603303,NULL,489648531,'Henryka Points 71127','juliusz.gołębiowski@hotmail.com',803674814368414419),
(85,36,'Tamara','Wypych','NULL',82787590410,1318212040,NULL,782792468,'Kamila Brooks 59895','konstantyn.prus@gmail.com',115378174265534183),
(86,47,'Archibald','Mazurek','NULL',39415988043,4969226984,NULL,779855251,'Łazarz Prairie 595','ksawera.nowicki@hotmail.com',701688584500850337),
(87,62,'Filemon','Zych','NULL',54948112980,8509309334,NULL,971755292,'Ariadna Via 049','bertrand.graczyk@gmail.com',913423869294116439),
(88,73,'Lilianna','Świerczyński','NULL',51259299404,9590583077,NULL,478096757,'Liliana Ports 379','albert.różycki@gmail.com',980389443470591991),
(89,81,'Dorota','Partyka','NULL',24679009296,1800757258,NULL,811350144,'Bąk Manor 534','angela.sołtys@yahoo.com',532703391438320573),
(90,60,'Prokles','Mazur','NULL',73429931450,7192374840,NULL,786856913,'Filemon Hill 77481','lea.tarnowski@yahoo.com',808685036396973902),
(91,20,'Arkadiusz','Żuk','NULL',25984487163,6533149043,NULL,586485413,'Kałuża Squares 55688','aleksander.kogut@yahoo.com',631626898870464174),
(92,54,'Franciszka','Piątek','NULL',97613042146,6786470571,NULL,176990150,'Olimpia Crossroad 453','adam.mroczkowski@gmail.com',903194599807932693),
(93,85,'Joanna','Dąbek','NULL',26827716100,8001616662,NULL,339890020,'Kira Pines 4002','lilia.pawelec@yahoo.com',778050913931899110),
(94,31,'Magdalena','Kubica','NULL',86967843446,6082673507,NULL,834187027,'Roger Spring 4931','alina.mazurek@hotmail.com',566196454267532942),
(95,17,'Edmund','Gruszczyński','NULL',18092160987,3460674234,NULL,899546973,'Gil Hills 59864','modest.małecki@hotmail.com',648495046192097181),
(96,42,'Korneli','Kucharski','NULL',99758325301,6507633040,NULL,834255646,'Patryk Gardens 474','rafał.modzelewski@yahoo.com',908282071636983684),
(97,49,'Joachim','Bujak','NULL',62318949487,3471551335,NULL,660453742,'Paszkowski Path 738','juliusz.jędrzejewski@gmail.com',512111926906127177),
(98,56,'Ksawera','Szyszka','NULL',63963040979,3204911717,NULL,866394003,'Dorota Village 9695','ginewra.kuc@hotmail.com',205303235094616547),
(99,15,'Hilarion','Grzesik','NULL',92109725826,1534046604,NULL,242535321,'Gawron Expressway 46471','edward.izdebski@hotmail.com',275329321663437143),
(100,49,'Albert','Ziółkowski','NULL',61031184214,3993108463,NULL,874119312,'Grzybowski Prairie 574','teresa.zalewski@gmail.com',526078261775971531),
(101,69,'Lilla','Mielczarek','NULL',86323318930,5112100874,NULL,132981143,'Demetriusz Turnpike 253','aleksander.wyszyński@gmail.com',762247230522767055),
(102,79,'Arnold','Przybylski','NULL',96447091114,6638147852,NULL,154359714,'Gertruda Road 787','seweryn.pytel@yahoo.com',114249019950291360),
(103,67,'Patrycjusz','Mazur','NULL',96058919689,9919140269,NULL,349527549,'Herman View 7012','apollinary.piwowarczyk@hotmail.com',514197882631471727),
(104,12,'Prokul','Dubiel','NULL',85023179730,3626953550,NULL,879320181,'Wanda Terrace 1770','irma.kłos@hotmail.com',376572223741022940),
(105,3,'Arnold','Szczygieł','NULL',91709905091,3950751003,NULL,954344744,'Olimpia Summit 70296','porfiriusz.zarzycki@yahoo.com',788930731489397531),
(106,88,'Olga','Gołębiowski','NULL',99431007452,4350269844,NULL,873938137,'Karolina Brooks 198','marta.skrzypek@hotmail.com',797738024725810615),
(107,44,'Hilary','Kania','NULL',77786967954,5966427753,NULL,511450253,'Karolina Junction 3831','matylda.skoczylas@gmail.com',200136165446766465),
(108,17,'Walerian','Jóźwik','NULL',27886712860,8712469137,NULL,167494130,'Zygmunt Way 508','ansgary.raczyński@gmail.com',413698341943096892),
(109,92,'Horacy','Kalisz','NULL',37007653896,9578087728,NULL,683729954,'Flak Vista 9786','zachary.noga@hotmail.com',930049350940379159),
(110,94,'Jerzy','Adamczyk','NULL',28345392741,5736870458,NULL,281102954,'Górny Center 846','ada.gawroński@yahoo.com',506399543613946361),
(111,96,'Oliwier','Pilch','NULL',26566507769,3891514894,NULL,718848853,'Zabłocki Flat 0043','regina.kobus@gmail.com',599958196894425512),
(112,94,'Ksawera','Chrzanowski','NULL',44453578235,2709092042,NULL,242237130,'Urban Roads 100','malwina.góral@gmail.com',494219541212707784),
(113,42,'Paulina','Urbanek','NULL',83425814553,3093963457,NULL,593032235,'Galfryd Prairie 60955','zachariasz.stefański@yahoo.com',460310796874199987),
(114,17,'Natan','Głogowski','NULL',91002316844,2729063912,NULL,359043858,'Gawron Village 26633','aida.łukaszewski@gmail.com',726489304911659142),
(115,36,'Leonard','Kędzierski','NULL',24647460271,4066076327,NULL,759837731,'Kołakowski Divide 4131','arnold.chmielewski@yahoo.com',644564043762604737),
(116,84,'Dina','Bożek','NULL',45934920507,4006964632,NULL,242007488,'Wiśniewski Estate 54909','rufina.szczepanik@gmail.com',947559695954415618),
(117,26,'Patryk','Jurek','NULL',79477617284,9767259110,NULL,218414842,'Pietrzak Walk 7385','arseniusz.czajkowski@gmail.com',106205701569284915),
(118,92,'Galfryd','Markowski','NULL',88296140809,1877204133,NULL,384921969,'Michalski Locks 0561','damian.buczkowski@hotmail.com',521774455366708677),
(119,86,'Angelina','Przybysz','NULL',69986067828,2618851820,NULL,172751850,'Konstanty Trace 34648','michalina.misztal@gmail.com',499783948834807344),
(120,21,'Walter','Sokołowski','NULL',38619034422,6202959400,NULL,567360044,'Rudnicki Court 04986','regina.czarnecki@gmail.com',917068776830523823),
(121,49,'Nadzieja','Woś','NULL',24553194562,7769557638,NULL,689663511,'Partyka Oval 54752','olga.broda@yahoo.com',126784287974019811),
(122,21,'Apollinary','Konopka','NULL',12606104427,2516114799,NULL,176610962,'Tamara Ways 991','pelagia.borek@hotmail.com',641142686954827353),
(123,44,'Joanna','Stec','NULL',69346465003,5184741386,NULL,442286876,'Roger Flat 46911','michalina.orzechowski@hotmail.com',262598280341837408),
(124,71,'Innocenty','Furman','NULL',73234143790,4803507557,NULL,223916489,'Orestes Vista 913','róża.zaborowski@yahoo.com',236858213373808973),
(125,15,'Adam','Grudzień','NULL',31118094378,7338384368,NULL,620277936,'Piekarski Ports 62512','beatrycze.winiarski@hotmail.com',871526480656936293),
(126,76,'Eleonora','Dróżdż','NULL',64619760790,6197985292,NULL,434405355,'Mika Vista 23021','karolina.węgrzyn@hotmail.com',186724302691676123),
(127,14,'Atanazy','Jakubiak','NULL',13011927540,3021222024,NULL,991418715,'Elżbieta Avenue 860','barbara.grzyb@yahoo.com',611633836787276593),
(128,58,'Franciszek','Barański','NULL',68854047754,7977067172,NULL,856751055,'Jędrzejczak Club 0981','klarencjusz.rudziński@yahoo.com',458626784839715888),
(129,18,'Lilia','Kubica','NULL',75971554245,1514261030,NULL,328081329,'Kaszuba Hollow 362','walgierz.więckowski@gmail.com',970164419462310340),
(130,49,'Laura','Piątek','NULL',29484343768,6151500475,NULL,142628190,'Ofelia Mill 223','wilfryd.kaniewski@yahoo.com',116497675347307669),
(131,77,'Wiktor','Kępa','NULL',48973895963,2940501098,NULL,992627033,'Kostrzewa Plains 8521','bertrand.kubik@yahoo.com',780649846311490822),
(132,63,'Reginald','Gruszczyński','NULL',92238280824,8078846965,NULL,301435106,'Lilla Underpass 3353','laurencjusz.bąk@yahoo.com',565201597616353401),
(133,96,'Grzegorz','Jagielski','NULL',74420785310,2833653844,NULL,509795858,'Skiba Cape 74606','ludwika.gruszka@yahoo.com',238025742923387504),
(134,86,'Olimpia','Zieliński','NULL',91487478881,2287672870,NULL,231397489,'Hanna Heights 424','witalis.budzyński@gmail.com',301957721247446347),
(135,53,'Maksym','Szczepański','NULL',65011663642,5356068940,NULL,366673137,'Bednarek Unions 978','dariusz.stolarski@hotmail.com',452088177758246691),
(136,4,'Terencjusz','Szymkowiak','NULL',82183445862,5665717970,NULL,356478925,'Lach Mews 90355','—.dudzik@yahoo.com',519416509360063122),
(137,64,'Chloe','Sołtys','NULL',13411898751,4820951128,NULL,788858580,'Eustracjusz Motorway 0175','lilia.małecki@hotmail.com',943185220082988184),
(138,86,'Kazimierz','Ziętek','NULL',91381893987,8465434531,NULL,508985300,'Kaleta Lock 3602','tacjana.jurkowski@yahoo.com',101571630120880003),
(139,32,'Wanesa','Pietrzak','NULL',71557586428,5868140991,NULL,311666650,'Walerian Wells 99874','wirginia.matysiak@yahoo.com',442119108472450949),
(140,80,'Pantaleon','Krukowski','NULL',66646948218,4809918339,NULL,211930722,'Walter Centers 91010','julia.bujak@gmail.com',818980251676887420),
(141,50,'Abraham','Kobus','NULL',23091716360,4268233314,NULL,436567521,'Przybysz View 9278','samuel.borowiec@gmail.com',798414244124062995),
(142,66,'Helena','Nowaczyk','NULL',91080319463,4588415052,NULL,540098122,'Eliza Point 7512','reginald.rutkowski@yahoo.com',944336532745693777),
(143,5,'Filemon','Socha','NULL',65106016250,4292429324,NULL,242388452,'Małek Expressway 1346','emil.szczęsny@gmail.com',175853882887361642),
(144,34,'Tomasz','Kozak','NULL',57295702588,3674330438,NULL,945961592,'Wojtasik Circles 86552','innocenty.lipka@hotmail.com',164020571202492802),
(145,57,'Atanazy','Pilch','NULL',53682166924,1373547785,NULL,826987322,'Ariadna Port 73311','prokop.sowa@gmail.com',750419381257283303),
(146,36,'Agaton','Rybak','NULL',41992532903,9605361720,NULL,192761954,'Pakuła Groves 9220','koralia.zabłocki@yahoo.com',980095715008642633),
(147,45,'Ambroży','Grabowski','NULL',19079752062,3304969720,NULL,208930582,'Staniszewski Villages 4252','beniamin.bilski@yahoo.com',946074415531995686),
(148,5,'Michał','Chojnowski','NULL',88810649903,3711286751,NULL,277467552,'Tamara Spurs 96687','laurentyna.maliszewski@yahoo.com',449217054350050962),
(149,78,'Lea','Rogalski','NULL',26672254805,7920559886,NULL,684242874,'Wilczek Port 22717','erwin.mucha@yahoo.com',958774529104440127),
(150,98,'Ludwika','Dubiel','NULL',57016869893,1650136363,NULL,218128371,'Michał Squares 671','nestor.czech@yahoo.com',698700070748349828),
(151,31,'Eliza','Grzelak','NULL',51482169565,1176324340,NULL,407260962,'Anatol Way 54942','kleopatra.grzegorczyk@yahoo.com',815900677689599391),
(152,95,'Natan','Matuszak','NULL',48547179649,6948813874,NULL,320096435,'Konieczna Springs 1002','helena.wiącek@yahoo.com',325508645871938303),
(153,84,'Izajasz','Kwaśniewski','NULL',32782334901,8025787826,NULL,828937064,'Janina Haven 219','feliks.stachura@gmail.com',324663014670033704),
(154,74,'Dina','Pilch','NULL',69881284758,9568562588,NULL,599317105,'Maryna Fork 5423','aleksander.adamus@gmail.com',381973854228131958),
(155,83,'Maja','Kania','NULL',70795874669,6625496332,NULL,137466783,'Zuzanna Forge 534','szymon.maj@yahoo.com',477610783212026549),
(156,72,'Edward','Górski','NULL',86956707199,4133152278,NULL,220293552,'Izaak Mountain 26596','serafina.łukasik@gmail.com',891531014938068396),
(157,12,'Nikodem','Lis','NULL',86912747291,5033146196,NULL,211260345,'Laura Shores 7569','lea.socha@yahoo.com',362623509311659746),
(158,28,'Antoni','Ciesielski','NULL',19792646688,6393340424,NULL,176561886,'Krukowski Islands 40725','natanael.baranowski@yahoo.com',801253213955175317),
(159,13,'Marceli','Woliński','NULL',82625168037,2809680060,NULL,572858776,'Izolda Loaf 5077','lilla.drozd@hotmail.com',186241786670581153),
(160,89,'Osmund','Kaniewski','NULL',79097286742,7673100945,NULL,445416886,'Lilianna Loaf 4057','laura.niedźwiecki@gmail.com',969531164210346718),
(161,6,'Koralia','Cholewa','NULL',96950499948,9974047227,NULL,728228663,'Niedzielski Light 807','kwintyn.zielonka@hotmail.com',917638548655255839),
(162,62,'Estera','Kaszuba','NULL',68083136893,9917743474,NULL,883945655,'Bernard Lakes 769','krystyna.flak@gmail.com',681706341849456754),
(163,57,'Angelina','Adamek','NULL',81998915376,4924975039,NULL,619776015,'Ziętek Rue 13409','ginewra.bielski@gmail.com',917271827159778899),
(164,20,'Osmund','Raczyński','NULL',51257834034,4486296169,NULL,390109531,'Furman Avenue 3426','korneli.gruszczyński@yahoo.com',302973004797786404),
(165,23,'Julian','Wilczyński','NULL',22588034836,7568296119,NULL,304908238,'Hugo Crossroad 638','adam.krysiak@gmail.com',332060576115136292),
(166,16,'Archibald','Kasprzyk','NULL',54481575329,6587754067,NULL,447407581,'Czerwiński Coves 3208','dominik.głąb@hotmail.com',509181214565971494),
(167,83,'Wacław','Szczygieł','NULL',82964350063,7775388198,NULL,348717368,'Juliusz Point 86646','aleksy.napierała@hotmail.com',313523329406674912),
(168,75,'Wilhelm','Krajewski','NULL',26834544264,7487915090,NULL,459332578,'Pakuła Oval 3352','reginald.walkowiak@yahoo.com',469377375292902643),
(169,95,'Mojżesz','Serafin','NULL',96633192863,7781085807,NULL,496898557,'Krystyna Trail 0945','chloe.niewiadomski@gmail.com',538756673804120350),
(170,90,'Walter','Bednarski','NULL',62721511439,8564914843,NULL,991423243,'Chudzik Mountain 59596','rebeka.nowaczyk@yahoo.com',770468640211054279),
(171,91,'Juliusz','Białas','NULL',62109552274,6862610095,NULL,990965367,'Krajewski Passage 13284','arkady.grześkowiak@yahoo.com',760792689362401431),
(172,15,'Anastazja','Lewicki','NULL',94976449301,6131700497,NULL,731863580,'Burzyński Port 698','kleopatra.grzesiak@hotmail.com',985731777529867790),
(173,64,'Józef','Borowiec','NULL',36848374044,5381316501,NULL,800942864,'Leon Unions 80575','baldwin.szostak@yahoo.com',413966738232778625),
(174,11,'Chloe','Witkowski','NULL',85189222156,8681949366,NULL,867370478,'Bożek Overpass 58645','jerzy.gruszczyński@yahoo.com',627534562081666177),
(175,90,'Filipa','Kacprzak','NULL',62264922859,6915932241,NULL,530782446,'Gołąb Mews 23757','helena.koza@gmail.com',332351962200941223),
(176,78,'Efrem','Sadowski','NULL',45084985087,1754949496,NULL,557700705,'Hilary Trafficway 11468','fabian.czekaj@hotmail.com',124610201686045789),
(177,34,'Abraham','Rybicki','NULL',19964172576,4318253983,NULL,662854135,'Randolf Meadow 739','jonatan.karwowski@yahoo.com',297599063800491413),
(178,16,'Pankracy','Nowaczyk','NULL',38520058925,3336004148,NULL,130062370,'Cebula Islands 73309','daria.witczak@hotmail.com',400381955039696851),
(179,43,'Patryk','Rojek','NULL',84191394725,6221881233,NULL,888101698,'Ksenofont Valleys 4456','ferdynanda.chojnowski@gmail.com',135741337394708825),
(180,52,'Jerzy','Popławski','NULL',57524809603,8475703866,NULL,231685192,'Nestor Islands 1069','karol.janowski@yahoo.com',183137753693819237),
(181,50,'Greta','Broda','NULL',65025830214,2246817284,NULL,180348511,'Ksenia Trafficway 865','dorian.kruk@hotmail.com',673846797899958390),
(182,38,'Ludwik','Nowakowski','NULL',74232370056,6064192623,NULL,260581455,'Nestor Ferry 275','reginald.strzelczyk@gmail.com',762482882762534064),
(183,46,'Jerzy','Jaśkiewicz','NULL',74109343638,2375877803,NULL,205840502,'Czerniak Pines 962','hanna.klimek@gmail.com',599029355051123812),
(184,21,'Gabriel','Dudek','NULL',91010161125,9917433210,NULL,577533221,'Frączek Greens 968','amabela.urbański@gmail.com',798539691800883425),
(185,10,'Herman','Wasilewski','NULL',78184031280,7475365952,NULL,556251579,'Zygmunt Street 49048','wiara.kuchta@gmail.com',542693516202486695),
(186,87,'Innocenty','Mroczek','NULL',53655830508,9725494750,NULL,980282233,'Rudolf Ridges 4402','gracja.pietruszka@gmail.com',173579253410182304),
(187,71,'Filip','Dudziak','NULL',44716979835,9041310073,NULL,892083898,'Szeląg Mountains 3366','adam.czarnecki@gmail.com',538499667379710310),
(188,77,'Randolf','Bartczak','NULL',52827219324,2675953207,NULL,479810086,'Matysiak Circle 8463','diana.maj@yahoo.com',585827991930750014),
(189,65,'Horacy','Cygan','NULL',69133017864,3539794194,NULL,163303727,'Jerzy Cliffs 1922','seweryn.wójtowicz@hotmail.com',759223830739962218),
(190,8,'Roman','Rosiński','NULL',18176771552,1950143048,NULL,591990056,'Eleazar Corners 909','ilona.czerwiński@gmail.com',908360844742931630),
(191,51,'Bibiana','Gołąb','NULL',76409791528,7818323704,NULL,324974767,'Wroński Cove 503','ewa.jurkowski@hotmail.com',809521904574115049),
(192,22,'Róża','Kałuża','NULL',75150447044,9408263844,NULL,762156308,'Jezierski Village 31603','bernard.modzelewski@yahoo.com',337857536002905018),
(193,67,'Erwin','Kozak','NULL',34555542652,7724021925,NULL,495056238,'Lilia Estates 16288','malwina.duszyński@gmail.com',380202263995621003),
(194,68,'Róża','Prus','NULL',83810598802,2766184925,NULL,683722582,'Szafrański Mills 125','ksawera.ziółkowski@yahoo.com',536011423800399121),
(195,1,'Bruno','Musiał','NULL',21944974796,4778105113,NULL,631408156,'Malwina Wall 3761','hubert.szulc@gmail.com',300453960311946343),
(196,26,'Marcin','Jaworski','NULL',29364806735,8379014242,NULL,500901123,'Woś Falls 85100','sybilla.woliński@gmail.com',760731158836064770),
(197,16,'Elwira','Masłowski','NULL',93286186076,4121010176,NULL,349145458,'Burzyński Viaduct 756','jadwiga.słowik@hotmail.com',926402285555278303),
(198,72,'Rozalia','Gołąb','NULL',49011135309,4529539384,NULL,564152282,'Krawczyk Ports 05084','berta.mroczek@gmail.com',749000778078151118),
(199,94,'Zachary','Kasprzak','NULL',30753749680,1553643117,NULL,176216007,'Horacy Terrace 9893','eliza.kozłowski@hotmail.com',660506618575929492),
(200,23,'Oliwia','Gawron','NULL',41571117832,2013373835,NULL,167078647,'Klaudia Junction 833','jerzy.gruszka@gmail.com',694959588814541288),
(201,76,'Izaak','Bukowski','NULL',97645274509,2550048882,NULL,150766843,'— Parks 684','tomasz.kaszuba@gmail.com',143837619509300746),
(202,94,'Łukasz','Włodarczyk','NULL',76221762042,7458040717,NULL,766574059,'Oliwier Inlet 515','janusz.zając@gmail.com',730586309614542476),
(203,33,'Karolina','Mika','NULL',66961876951,7794803956,NULL,760466326,'Izabela Run 9943','henryk.broda@yahoo.com',500493589155240677),
(204,51,'Konstancja','Ślusarczyk','NULL',68538986455,7318405846,NULL,878650893,'Karol Wells 771','gerazym.janicki@yahoo.com',367935872317150949),
(205,75,'Wilfryd','Gaweł','NULL',33305355199,6484436512,NULL,544407948,'Ignacy Trail 69088','julia.górski@gmail.com',419223835238952900),
(206,37,'Klementyna','Milczarek','NULL',22650540303,6651131733,NULL,570733068,'Malwina Station 67186','greta.rosiak@yahoo.com',539329275206113026),
(207,21,'Kleopatra','Nowakowski','NULL',77387407569,4742761989,NULL,691002373,'Kowalewski Views 562','włodzimierz.gawron@gmail.com',520982954589546449),
(208,65,'Benedykt','Owczarek','NULL',19203097871,9638555438,NULL,194863148,'Piórkowski Parks 712','korneli.kępa@hotmail.com',585461799282645443),
(209,46,'Jozue','Wysocki','NULL',47138768712,8830107057,NULL,385184722,'Igor Avenue 03102','nestor.staniszewski@yahoo.com',293395481743700658),
(210,90,'Leonard','Antczak','NULL',13578069079,4385813112,NULL,257663194,'Zachariasz Mount 277','liza.karpiński@hotmail.com',592784276170435501),
(211,22,'Dorian','Jasiński','NULL',47323582401,1071587057,NULL,938923488,'Demetriusz Motorway 7270','izajasz.grzybowski@gmail.com',219006748625630511),
(212,63,'Emil','Jurkiewicz','NULL',76107722617,7698472727,NULL,460423413,'Eugenia Estate 46077','karol.grześkowiak@hotmail.com',165360641126031492),
(213,17,'Wirginia','Wawrzyniak','NULL',48030834322,1626390956,NULL,137618811,'Buczyński Landing 21710','waleria.wiącek@gmail.com',880605423268793306),
(214,81,'Herbert','Małecki','NULL',74541163573,7047748391,NULL,438387869,'Amanda Gateway 36993','klemens.krupiński@yahoo.com',932895590106459685),
(215,57,'Kwintyn','Adamski','NULL',97765677608,2025147624,NULL,431347760,'Krzysztof Stravenue 86339','izabela.kamiński@yahoo.com',173687890065253446),
(216,46,'Leonard','Bieniek','NULL',91213050300,5747645974,NULL,818894443,'Gaweł Club 3259','eudokia.chojnacki@hotmail.com',749590253437908983),
(217,11,'Hugo','Czechowski','NULL',35354713716,8663955744,NULL,329738949,'Szczepański Court 68512','jozue.śliwa@yahoo.com',736238326151603535),
(218,52,'Bertram','Szewczyk','NULL',79038696086,8161652551,NULL,833475881,'Kaczmarczyk Keys 215','oliwier.chmielewski@yahoo.com',976024750237944037),
(219,1,'Kornelia','Bukowski','NULL',10998173359,4825331128,NULL,413965507,'Bieniek Stream 025','agnieszka.rakowski@hotmail.com',695686508469517557),
(220,21,'Helena','Domański','NULL',87573648170,1379782480,NULL,616605869,'Ambroży Springs 1793','ilona.furman@hotmail.com',454696353786293542),
(221,74,'Beniamin','Borowiec','NULL',92481616338,7798074674,NULL,985389998,'Klaudiusz Valley 5475','galfryd.gruszczyński@yahoo.com',826680041274929227),
(222,63,'Gabriel','Koza','NULL',77365451516,8033010292,NULL,514003623,'Randolf Track 9214','herbert.niedziela@hotmail.com',504704448111075495),
(223,45,'Baldwin','Chmiel','NULL',97739257598,4616155303,NULL,413782361,'Jonatan Points 484','nazariusz.banasiak@gmail.com',614869667891551974),
(224,90,'Bazyli','Wilczyński','NULL',63973351320,7695511436,NULL,309676712,'Ziętek Brook 92873','marceli.kula@hotmail.com',513856705699694113),
(225,1,'Jakubina','Adamiak','NULL',35219915487,7541689284,NULL,688440378,'Erwin Burgs 90609','maurycy.cebula@hotmail.com',261805100919805355),
(226,68,'Aleksy','Wójtowicz','NULL',63830642934,2181726696,NULL,165441214,'Marcin Ports 049','eugenia.stanek@yahoo.com',846918135552561994),
(227,54,'Amabela','Kmiecik','NULL',21061676332,3462930071,NULL,171641720,'Patrycjusz Light 391','stanisław.wypych@hotmail.com',125413044100612762),
(228,22,'Gilbert','Kuś','NULL',96721900768,5416280902,NULL,616588249,'Lucja Views 79784','liliana.pytel@gmail.com',907623079931478223),
(229,51,'Ludwik','Maj','NULL',32572573917,3936107120,NULL,517699196,'Ksenofont Walks 52724','antoni.kaniewski@gmail.com',932297059848609010),
(230,15,'Barbara','Malinowski','NULL',72748787398,9188178749,NULL,128586578,'Ksawera Avenue 0667','kira.kozieł@hotmail.com',262489127526436190),
(231,19,'Spirydion','Marszałek','NULL',97966940365,8926024305,NULL,840515537,'Malicki Gateway 614','erast.andrzejewski@gmail.com',733163369425709761),
(232,81,'Angela','Serafin','NULL',61149336237,3808798327,NULL,421347498,'Pilch Crossing 05243','waleria.sobolewski@hotmail.com',890459667197821159),
(233,47,'Małgorzata','Wnuk','NULL',92294725037,5425397470,NULL,604464383,'Janik Lodge 078','hieronim.bujak@yahoo.com',106062670310305523),
(234,90,'Rufina','Czyżewski','NULL',80144326059,1787721135,NULL,615972812,'Ginewra Fork 0165','sylwia.dubiel@hotmail.com',676072214590871453),
(235,92,'Oleg','Cygan','NULL',49393850865,5992140775,NULL,195817635,'Zdunek Viaduct 467','donald.jankowiak@gmail.com',362767176247044161),
(236,34,'Karolina','Lewicki','NULL',10347094805,5535403904,NULL,231981322,'Kaźmierczak Falls 68212','krzysztof.zabłocki@hotmail.com',438992201359528451),
(237,48,'Florencja','Adamus','NULL',17461281269,1704159490,NULL,373810964,'Klimek Via 59865','apollinary.łukasiewicz@yahoo.com',845214861309521483),
(238,73,'Roland','Grzesiak','NULL',55138909523,3373260316,NULL,507902443,'Tarnowski Ports 70463','maksymilian.urban@gmail.com',219535035604459368),
(239,27,'Hanna','Urbanek','NULL',14735376293,2653167848,NULL,169064513,'Łucja Forest 48706','porfiriusz.rogala@hotmail.com',398019538263709276),
(240,10,'Jonatan','Jezierski','NULL',61469240390,9545399711,NULL,303004080,'Zaremba Glens 718','penelopa.gąsior@hotmail.com',882195737802990902),
(241,85,'Elwira','Muszyński','NULL',14608446135,6655192543,NULL,972724348,'Sergiusz Skyway 01175','bazyli.karaś@yahoo.com',252714495948905766),
(242,61,'Łucja','Trzeciak','NULL',25347009283,9009385876,NULL,471585199,'Tekla Wells 5736','platon.gałka@hotmail.com',698950941530128630),
(243,62,'Arkady','Bednarek','NULL',41577374916,2594226156,NULL,631231597,'Cichoń Spring 724','herbert.stolarski@hotmail.com',425146783910207390),
(244,59,'Ofelia','Sołtys','NULL',25990099362,6741687719,NULL,241411345,'Witkowski Summit 018','barbara.sobczyk@gmail.com',664338425465471808),
(245,22,'Konstancja','Jastrzębski','NULL',75629147494,7855399215,NULL,875776869,'Bogucki Ports 87863','laurenty.kępa@hotmail.com',396366886707527643),
(246,97,'Malwina','Wąsik','NULL',63991433134,7163576397,NULL,721227685,'Urbanowicz Garden 708','greta.wierzbicki@gmail.com',565992097738646268),
(247,34,'Pankracy','Kowal','NULL',22171931545,3633998904,NULL,874885589,'Krukowski Estate 74933','eliza.witkowski@gmail.com',742048796817136963),
(248,41,'Janusz','Nowacki','NULL',59070120042,9914999177,NULL,575878982,'Kamila Ramp 4999','konstancja.balcerzak@gmail.com',757559872810652943),
(249,34,'Łukasz','Tomaszewski','NULL',72451745563,1141077953,NULL,414857368,'Wincenty Drive 1467','ludwik.rojek@gmail.com',508891744896247649),
(250,77,'Kornel','Nowakowski','NULL',60456008124,9991999211,NULL,221446599,'Natan Island 469','józef.lis@hotmail.com',115092341511334611),
(251,87,'Koralia','Rakowski','NULL',35750696400,1034649896,NULL,551105901,'Nowakowski Landing 52213','katarzyna.szczęsny@yahoo.com',496475723127236843),
(252,35,'Maksym','Paszkowski','NULL',43470032841,4426674356,NULL,606173838,'Roksana Street 1623','hugo.krzemiński@yahoo.com',582426890813274716),
(253,67,'Roksana','Majcher','NULL',75782411763,7673145290,NULL,385058959,'Kuchta Radial 588','daria.łuczak@yahoo.com',400128988647564937),
(254,5,'Nazary','Nowak','NULL',54813952572,7727851149,NULL,225189278,'Walgierz Pine 69858','stanisław.grzyb@gmail.com',603058791061388309),
(255,12,'Karolina','Kępa','NULL',52763867788,5860900717,NULL,926669392,'Natalia Mills 21834','eudoksja.cieśla@yahoo.com',271336180889167702),
(256,36,'Julita','Pawelec','NULL',94918438975,3850189959,NULL,839385444,'Prokop Rapids 16733','franciszka.szwarc@yahoo.com',866526895718908367),
(257,77,'Patryk','Szymczyk','NULL',58015105443,7960228214,NULL,716397664,'Gerald Vista 703','konstanty.kapusta@gmail.com',451214204076909058),
(258,36,'Liza','Miśkiewicz','NULL',30470411520,5449564710,NULL,399616106,'Walentyn Turnpike 12830','malwina.romanowski@yahoo.com',619567587102272361),
(259,82,'Reginald','Kaczyński','NULL',48542171993,7825696007,NULL,440845958,'Bober Bridge 95304','alfred.orzechowski@yahoo.com',123435094467354943),
(260,78,'Błażej','Czekaj','NULL',85043493983,9796189250,NULL,659081294,'Kulik Route 50260','larysa.bogusz@yahoo.com',593684158734842427),
(261,87,'Reginald','Kaczmarczyk','NULL',21220507980,9835331559,NULL,718049484,'Romanowski Road 1485','małgorzata.bożek@yahoo.com',241513767930036824),
(262,73,'Prokop','Rudnicki','NULL',69548058676,3925594943,NULL,763220381,'Skibiński Burgs 7296','olga.szczęsny@yahoo.com',465641811004049996),
(263,14,'Barbara','Madej','NULL',51129482444,1493458402,NULL,210679969,'Krakowiak Plain 50338','zoe.dubiel@gmail.com',333180069249709492),
(264,77,'Joachim','Kawa','NULL',66500809749,1467254663,NULL,876706415,'Górny Corners 466','apollinary.staniszewski@hotmail.com',175643893094408374),
(265,30,'Onufry','Augustyn','NULL',28582832972,3317215255,NULL,909861875,'Krupa Mills 7071','gertruda.surma@gmail.com',584859262013441321),
(266,69,'Karolina','Zwoliński','NULL',17678227254,5274235872,NULL,533295521,'Piłat Coves 1039','nazary.czajkowski@yahoo.com',853927955748892346),
(267,32,'Lucjan','Malicki','NULL',73381900387,4250245436,NULL,215012996,'Ludwik Island 359','daria.pluta@yahoo.com',427100253260365388),
(268,14,'Penelopa','Czerniak','NULL',44379922100,1285806611,NULL,298002719,'Domański Manors 592','helena.orzechowski@yahoo.com',897482560632923310),
(269,14,'Julian','Wójcik','NULL',22412670123,4394721767,NULL,300415536,'Marek Isle 0254','bruno.rybicki@yahoo.com',625017412540258519),
(270,18,'Laurenty','Kowalczyk','NULL',36882564742,6616564671,NULL,304705160,'Kaźmierczak Haven 0378','eleonora.ostrowski@yahoo.com',934755358996296288),
(271,9,'Alfred','Rutkowski','NULL',40568204121,2721243906,NULL,300958664,'Modzelewski Meadow 2934','izaak.dec@yahoo.com',869637500551359086),
(272,78,'Horacy','Bogucki','NULL',51900071061,5961194636,NULL,741533618,'Różycki Path 19228','brygida.bilski@gmail.com',573338930148573660),
(273,90,'Arkady','Żak','NULL',62304592094,2170291157,NULL,783702337,'Nina Divide 3940','pankracy.kolasa@gmail.com',473711241441921071),
(274,37,'Tekla','Gołąb','NULL',81838568577,9707186068,NULL,939585178,'Maćkowiak Pine 014','innocenty.jędrzejczyk@hotmail.com',694750653945461560),
(275,43,'Efraim','Jędrzejczak','NULL',65234192530,7818019253,NULL,213922302,'Marzec Mills 7503','nazariusz.skrzypek@yahoo.com',748690695898664426),
(276,19,'Bibiana','Bogucki','NULL',87234532740,9081457947,NULL,543035814,'Gerald Prairie 087','roger.różycki@gmail.com',734125348611345023),
(277,88,'Jakub','Górniak','NULL',72023574426,7595390109,NULL,729700806,'Salwator Views 1211','cyra.skalski@gmail.com',267670635445958332),
(278,11,'Artur','Wilczyński','NULL',14106612323,4671284207,NULL,824012199,'Pytel Parkway 10277','roderyk.małek@yahoo.com',551676099945548260),
(279,84,'Gilbert','Zięba','NULL',11311816887,1616236660,NULL,686483349,'Cebula Light 9527','paweł.matysiak@gmail.com',665014800576968048),
(280,10,'Gertruda','Długosz','NULL',42747596493,1681055701,NULL,553501515,'Aleksy Trafficway 38477','julian.rudziński@hotmail.com',344775994454345002),
(281,29,'Wiktoria','Jagielski','NULL',20036926663,8453563864,NULL,117796147,'Drozdowski Rapids 8526','zofia.górka@gmail.com',668609297924401964),
(282,30,'Salwator','Bartosik','NULL',55390935069,6227376417,NULL,456435679,'Wróbel Lane 519','florian.przybysz@gmail.com',868132295710076307),
(283,83,'Jeremi','Przybysz','NULL',70684559617,8799813945,NULL,278076485,'Katarzyna Villages 323','pelagia.wroński@gmail.com',138607565925009527),
(284,59,'Albert','Surma','NULL',98873686472,6804939271,NULL,456499292,'Janicki Fort 0476','jozue.włodarczyk@hotmail.com',699537753559135907),
(285,11,'Hugo','Siwek','NULL',30989828010,1727888947,NULL,299335331,'Ignacy Highway 723','reginald.kawecki@hotmail.com',367637906470221564),
(286,30,'Laurencjusz','Książek','NULL',15336544843,3170149687,NULL,353160978,'Twardowski Roads 21106','ksawera.pluta@hotmail.com',692831944908430436),
(287,48,'Krzysztof','Janusz','NULL',97910839535,6149043997,NULL,162277685,'Brzozowski Pike 2484','jonatan.burzyński@yahoo.com',646769963183666515),
(288,30,'Walentyna','Kuchta','NULL',35532087284,3406381643,NULL,126827629,'Henryk Landing 710','berta.serafin@hotmail.com',641460044679897068),
(289,85,'Hieronim','Wolny','NULL',12987642195,2735511254,NULL,276575567,'Cichocki Square 261','berta.cybulski@hotmail.com',411204549634347719),
(290,45,'Jakub','Baran','NULL',93628611318,4366290833,NULL,779393305,'Niedźwiecki Ports 39735','filipa.świątek@hotmail.com',313914395686577320),
(291,14,'Tekla','Januszewski','NULL',62443829777,3701148385,NULL,365050801,'Tamara Plaza 9552','romeo.stolarczyk@yahoo.com',179897069567065809),
(292,45,'Donald','Skoczylas','NULL',41871473972,5646764279,NULL,730469299,'Agata Ranch 401','dominik.świątek@hotmail.com',113907115804865667),
(293,10,'Antonina','Cichoń','NULL',66013664443,7485223768,NULL,854526769,'Klara Meadow 55270','janusz.matuszak@gmail.com',850970339446286017),
(294,76,'Agaton','Golec','NULL',97966873655,2880558869,NULL,657387621,'Zieliński Lake 3732','olga.dec@yahoo.com',417326975465653206),
(295,67,'Rachela','Maliszewski','NULL',34950495963,9474045672,NULL,157496660,'Leonard Crest 10791','władysław.lach@yahoo.com',703784585068131357),
(296,66,'Kalistrat','Orłowski','NULL',28168165358,2082029629,NULL,450570957,'Wyszyński Forks 506','katarzyna.kaczyński@yahoo.com',913658307982977151),
(297,80,'Jadwiga','Rusin','NULL',82728943365,8432012081,NULL,635115924,'Ludwik Road 50898','łazarz.herman@yahoo.com',884404992698412174),
(298,55,'Adrian','Gajewski','NULL',51448060036,9955268917,NULL,578069226,'Zaremba Estates 683','salwator.kowalczuk@gmail.com',352495142254340502),
(299,26,'Weronika','Budzyński','NULL',33972141021,8633563634,NULL,131187932,'Pietras Locks 086','julia.adamczak@yahoo.com',783969501939345507),
(300,60,'Antonina','Sadowski','NULL',88962622238,6358898670,NULL,910431132,'Zachariasz Bypass 40628','daria.nawrocki@gmail.com',448783386056317262),
(301,98,'Eugenia','Słowik','NULL',18267549328,8573731187,NULL,543807051,'Agrypina Extension 0431','wilhelmina.markowski@gmail.com',116990957946715989),
(302,21,'Nestor','Gruszka','NULL',50121400075,1234824269,NULL,665947346,'Patrycjusz Brooks 027','ludwika.michalik@gmail.com',470518487049165557),
(303,62,'Róża','Hajduk','NULL',47889533752,2063648356,NULL,276032065,'Świderski Via 9483','witalis.nowiński@yahoo.com',600814452948876993),
(304,47,'Eudokia','Matusiak','NULL',68624405011,4857175567,NULL,602235487,'Zawada Drive 6796','gerald.płonka@gmail.com',753597858138047097),
(305,20,'Nazary','Rudziński','NULL',57316266410,1574905353,NULL,926709941,'Dobosz Isle 0973','anna.kawa@yahoo.com',194207219901546031),
(306,17,'Salwator','Kępa','NULL',97325361306,2396522444,NULL,365588274,'Nowaczyk Shoals 601','korneli.słowiński@gmail.com',294039984600791718),
(307,17,'Konstantyn','Bartczak','NULL',20865262128,7124550248,NULL,484386549,'Sawicki Ford 088','łazarz.zygmunt@gmail.com',432722857080517754),
(308,78,'Oskar','Krukowski','NULL',26196623123,8328439203,NULL,555497066,'Innocenty Walks 542','salwator.woś@gmail.com',504362880488241759),
(309,34,'Dariusz','Kwiecień','NULL',70126557614,4135177890,NULL,337263457,'Maria Circle 845','łucja.romanowski@yahoo.com',746507010457203768),
(310,91,'Tamara','Czarnecki','NULL',27554390112,5121523414,NULL,448590809,'Malwina Meadows 27970','marta.skowron@yahoo.com',984511831502430221),
(311,91,'Ada','Sobolewski','NULL',14248102637,4614613692,NULL,910275297,'Hieronim Corners 22749','konrad.karaś@yahoo.com',210760076330400093),
(312,30,'August','Malinowski','NULL',72148176401,5849049638,NULL,940396055,'Randolf Harbors 286','arkadiusz.borowiec@gmail.com',574446067943266162),
(313,96,'Samuel','Bieniek','NULL',84707213995,1720886231,NULL,940780440,'Seweryn Fork 88024','gloria.krupiński@hotmail.com',289155455156347691),
(314,61,'Jerzy','Piwowarczyk','NULL',76412491577,5858495927,NULL,342523691,'Kleopatra Estate 31631','rozalia.piątek@yahoo.com',516314213190670799),
(315,17,'Randolf','Olejnik','NULL',57387701896,3115309939,NULL,244725929,'Sobczyk Radial 3271','wacław.kawa@gmail.com',602055962308781643),
(316,89,'Magdalena','Górecki','NULL',69735725964,9309911832,NULL,727662680,'Innocenty Avenue 452','magdalena.panek@hotmail.com',829925911244995515),
(317,35,'Hilarion','Pawlicki','NULL',22531786249,5092041076,NULL,213662871,'Kwintyn Viaduct 912','waleria.bąkowski@hotmail.com',931657865440884251),
(318,96,'Liliana','Wąsik','NULL',76545794190,3471736502,NULL,584204391,'Feliks Alley 531','malwina.śliwa@yahoo.com',233404177119226311),
(319,24,'Liza','Staszewski','NULL',17941441802,5681556154,NULL,324776235,'Mikołajczak Forks 5092','izydor.witczak@gmail.com',890152319347261714),
(320,49,'Sara','Lisowski','NULL',88548986991,7347491448,NULL,618197094,'Galfryd Burg 646','alina.socha@yahoo.com',247735503708781508),
(321,32,'Osmund','Góra','NULL',71894762772,7197815107,NULL,619996618,'Amanda Points 27244','lea.jóźwik@yahoo.com',759288681827636728),
(322,77,'Karol','Rogala','NULL',97788800524,2219891918,NULL,218497967,'Berta Brooks 75802','eleazar.maj@gmail.com',735259260402502752),
(323,27,'Konrad','Flis','NULL',48603777388,9594960061,NULL,158335676,'Bednarek Crescent 82842','rufina.koper@hotmail.com',682785574713675726),
(324,64,'Weronika','Skóra','NULL',50179600656,5019417299,NULL,353791477,'Siedlecki Mission 3058','malwina.kępa@gmail.com',798080628860167061),
(325,51,'Apollo','Stachura','NULL',99066960930,6520234533,NULL,483805246,'Drozd Pike 9343','dominik.banasik@gmail.com',101120451834525498),
(326,81,'Kamila','Kruszewski','NULL',68904314159,7459461754,NULL,953147303,'Skiba Terrace 594','klemens.kotowski@yahoo.com',975186388663987947),
(327,94,'Elżbieta','Niemiec','NULL',35229704166,5621816982,NULL,580092773,'Dariusz Forest 7438','patrycy.makowski@gmail.com',138447899144057368),
(328,50,'Arnold','Budzyński','NULL',46125879287,1793001683,NULL,340461841,'Efraim Village 74457','bruno.kaczyński@hotmail.com',600676902756358496),
(329,81,'Eliasz','Świątek','NULL',42390013792,3975853663,NULL,621343625,'Wróblewski Dam 091','leon.wilk@gmail.com',558914027297823931),
(330,94,'Arystarch','Witczak','NULL',83357009449,8971293359,NULL,689093810,'Ewa Lakes 763','serafin.cygan@gmail.com',243709787067937805),
(331,13,'Emanuel','Gawron','NULL',81618986870,1334592739,NULL,635768799,'Oliwia Wall 107','ansgary.grzesik@hotmail.com',405024890483059669),
(332,9,'Leonard','Czajka','NULL',74186419794,6200288337,NULL,577840602,'Surma Meadows 7078','fryderyk.motyka@gmail.com',349200812899592487),
(333,14,'Gwido','Zaręba','NULL',12757336886,3942954584,NULL,107373168,'Urbaniak Heights 111','samson.paluch@gmail.com',920008955284620367),
(334,63,'Antoni','Orzechowski','NULL',29538803392,8214581271,NULL,379531622,'Eleonora View 958','cyryl.góral@hotmail.com',772415879475821062),
(335,4,'Ambroży','Sokołowski','NULL',44497431034,9343991076,NULL,315617887,'Elwira Cliff 1261','herbert.chojnowski@yahoo.com',511875413477370902),
(336,38,'Julia','Witek','NULL',14406370838,2978332446,NULL,779218483,'Serafin Harbor 554','ansgary.matuszak@hotmail.com',989066565817476177),
(337,90,'Józefina','Czapla','NULL',56813239032,5561451982,NULL,857585209,'Walentyna Plains 25307','edyta.piotrowicz@gmail.com',229915301535559502),
(338,30,'Ida','Tomczyk','NULL',34755006309,7012191235,NULL,593134748,'Nowakowski Rapid 28127','szymon.kłos@hotmail.com',666554128391729403),
(339,75,'Kazimierz','Jurkowski','NULL',59351027263,3174606435,NULL,710487521,'Wilfryd Coves 83750','ryszard.domański@gmail.com',732125279333497512),
(340,54,'Aleksy','Śliwa','NULL',79913077842,1484171571,NULL,872683246,'Irena Inlet 455','cyrus.chudzik@gmail.com',745441046182299948),
(341,36,'Maksymilian','Kos','NULL',70227657027,5708556035,NULL,592189107,'Olszewski Creek 97907','sara.drozd@hotmail.com',521962479108216679),
(342,71,'Anastazja','Milewski','NULL',34438107113,3741809776,NULL,601650936,'Emil Loaf 0992','fabian.budziński@hotmail.com',479595589027210205),
(343,24,'Donald','Michałek','NULL',10517245581,1588423268,NULL,509941862,'Kozioł Point 14205','izaak.trzciński@hotmail.com',684805629445334807),
(344,12,'Leila','Słowiński','NULL',78251066808,6932175279,NULL,670419250,'Ewa Brook 302','izabela.małek@hotmail.com',553866226489658400),
(345,37,'Konrad','Kuliński','NULL',66192965550,8665016244,NULL,914426483,'Ostrowski Mount 74575','waleria.owczarek@hotmail.com',324595039945328942),
(346,46,'Łazarz','Sosnowski','NULL',29848676026,7568335427,NULL,761451909,'Kostrzewa Ford 412','dina.dróżdż@hotmail.com',609372030422921605),
(347,41,'Kamila','Mazurkiewicz','NULL',76184920637,7778371082,NULL,655404949,'Jonatan Ridge 479','walery.kapusta@yahoo.com',397951300272574310),
(348,33,'Prokles','Sobieraj','NULL',43234248608,7550680459,NULL,391286838,'Błażej Ford 4919','apollo.kędzierski@gmail.com',157227133315231477),
(349,40,'Kornel','Baranowski','NULL',85492289259,9654874955,NULL,283666449,'Kapusta Walk 060','brajan.michałek@yahoo.com',615989620876488040),
(350,88,'Franciszek','Grzelak','NULL',23868749181,1397996611,NULL,526903011,'Tekla Rest 410','edgar.szydłowski@hotmail.com',667516263592418550),
(351,1,'Gracja','Godlewski','NULL',69730165212,8528263267,NULL,424833870,'Kuciński Harbor 765','damian.miśkiewicz@yahoo.com',907280147516457477),
(352,7,'Bertrand','Kubiak','NULL',85082714843,1298943222,NULL,216545044,'Skowronek Center 193','karolina.kosiński@hotmail.com',976109174935932947),
(353,79,'Julia','Drzewiecki','NULL',21933053628,5276021073,NULL,655530704,'Jeremiasz Plaza 7391','oleg.dudziński@gmail.com',408685480167750648),
(354,15,'Małgorzata','Jurek','NULL',16958592816,5987052282,NULL,205183876,'Apollinary Parks 54999','gwido.dominiak@hotmail.com',654278057349077911),
(355,90,'Elżbieta','Mazur','NULL',46462601494,7620256179,NULL,697551983,'Makowski Plains 3143','grzegorz.bieńkowski@yahoo.com',751005958781922612),
(356,40,'Sara','Rojek','NULL',90147190287,5022362647,NULL,329425308,'Tokarski Route 40145','rozalia.gruszczyński@hotmail.com',293308120230559416),
(357,69,'Konstancja','Koper','NULL',11753136086,9213786420,NULL,119072461,'Maja Harbors 533','wiktor.adamus@hotmail.com',102546341927938515),
(358,49,'Dionizy','Balcerzak','NULL',23180849737,3973483149,NULL,154794449,'Gedeon Springs 55972','alfred.korzeniowski@hotmail.com',746639837462260699),
(359,55,'Ireneusz','Duszyński','NULL',90500585578,2059769122,NULL,361576157,'Bogucki Ramp 5086','samuel.drozd@gmail.com',638236481717427597),
(360,36,'Patrycja','Michałek','NULL',92688318518,9550296777,NULL,870677528,'Piekarski Locks 9110','cyrus.trzeciak@gmail.com',707798425949217149),
(361,54,'Henryka','Stanisławski','NULL',99090965327,8046521841,NULL,685432415,'Kalistrat Mission 15373','edward.grzybowski@gmail.com',827139139442056885),
(362,70,'Patrycy','Ślusarczyk','NULL',66096186019,4020274614,NULL,177054293,'Piątkowski Crescent 95220','igor.marszałek@yahoo.com',786496662602513418),
(363,56,'Platon','Broda','NULL',44552213819,5648073704,NULL,212886934,'Eliza Square 441','roger.lewandowski@gmail.com',896674466254349596),
(364,8,'Wiara','Głowacki','NULL',16813999762,7201031270,NULL,446138074,'Dominik Trafficway 6193','jadwiga.kotowski@yahoo.com',271714878075288820),
(365,55,'Natanael','Cieślik','NULL',90216516566,9925203114,NULL,229482330,'Włodarczyk Forks 78576','alina.ziętek@yahoo.com',434578121840436036),
(366,61,'Ambroży','Lisiecki','NULL',58503125161,2718898030,NULL,161701101,'Sobczak Manors 54090','bazyli.leśniewski@yahoo.com',687009137103200286),
(367,12,'Serafin','Gruszka','NULL',69801674571,5343817062,NULL,710584721,'Laurenty Wells 1891','jakubina.kuciński@hotmail.com',186893371641416248),
(368,28,'Gilbert','Wasilewski','NULL',90592065944,2088253895,NULL,252182458,'Konstantyn Shore 9586','filip.piątek@yahoo.com',727843650944312088),
(369,39,'Maria','Walczak','NULL',64979141839,5215346549,NULL,989020600,'Wojtczak Mission 05050','cyrus.śliwa@hotmail.com',270831087383014174),
(370,35,'Jerzy','Dominiak','NULL',77775899177,4748294038,NULL,938098994,'Angela Land 896','walgierz.szczęsny@yahoo.com',289729723860787616),
(371,80,'Karol','Zarzycki','NULL',10772476212,8115736863,NULL,808359591,'Bartczak Trail 3975','olimpia.gołębiowski@hotmail.com',810496085197685240),
(372,4,'Grzegorz','Majka','NULL',38547484915,5070394769,NULL,161630565,'Piwowarczyk Mountain 9278','nadzieja.bieniek@hotmail.com',937814431495453919),
(373,19,'Natalia','Ślusarczyk','NULL',10618035642,2422509884,NULL,255089807,'Kozak Underpass 94518','helena.piekarski@gmail.com',186485363736817166),
(374,72,'Tymoteusz','Kuchta','NULL',56256149489,3710311429,NULL,373782924,'Anastazja Lodge 18043','klemens.płonka@yahoo.com',858781506828666863),
(375,65,'Tekla','Kubacki','NULL',88476442593,2519952862,NULL,655400421,'Rosiński Ford 1270','damian.kot@hotmail.com',805711677901641349),
(376,72,'Ludwik','Ruciński','NULL',68442256750,3023259199,NULL,744732203,'Baldwin Lane 5748','rudolf.majewski@hotmail.com',801886253512067037),
(377,4,'Terencjusz','Olejniczak','NULL',21531044930,4752318278,NULL,903889199,'Gruszczyński Roads 9301','dorian.żukowski@yahoo.com',227342951014573663),
(378,46,'Diana','Ptak','NULL',30427636323,8656180467,NULL,403798247,'Aleksy Camp 6962','bibianna.kędziora@hotmail.com',509918932836780754),
(379,97,'Rajmund','Marczak','NULL',34299847596,6630988086,NULL,155643915,'Laura Mount 88507','walerian.piwowarczyk@yahoo.com',158780316548683061),
(380,80,'Erast','Jędrzejewski','NULL',24735144481,9807871314,NULL,431304943,'Wanda Lights 179','modest.sobieraj@yahoo.com',745311726123618654),
(381,93,'Herbert','Węgrzyn','NULL',31607465289,6547757566,NULL,699693543,'Antonina Extensions 6088','randolf.borowski@gmail.com',464855294799690944),
(382,3,'Małgorzata','Rogalski','NULL',70213960186,1379239332,NULL,499673589,'Król Valleys 26591','onufry.sokół@hotmail.com',697235202864091494),
(383,99,'Stefania','Gawroński','NULL',77473891334,6811933091,NULL,523414087,'Koper Mount 10353','ruta.gil@yahoo.com',369410919621266908),
(384,72,'Serafina','Żukowski','NULL',31010618544,4986824965,NULL,753478898,'Mróz Drive 86514','eliza.mroczkowski@yahoo.com',482792075813961433),
(385,9,'Bazyli','Michalski','NULL',93228392079,4158215023,NULL,149673366,'Krawczyk Trace 9243','walgierz.wojtczak@yahoo.com',686230204467576697),
(386,68,'Herman','Skrzypczak','NULL',90040665150,7134863935,NULL,633717314,'Kalinowski Square 035','alfred.skowronek@yahoo.com',284787840386977202),
(387,56,'Franciszek','Strzelczyk','NULL',94536518373,8233470314,NULL,164115329,'Bielski Highway 8961','ludwika.nowacki@yahoo.com',529430969104301524),
(388,6,'Diana','Masłowski','NULL',76580905519,1667067507,NULL,751614660,'Fabian Ville 649','beniamin.kosowski@hotmail.com',513275269038032940),
(389,81,'Beatrycze','Kozioł','NULL',81681497305,3298838368,NULL,618232439,'Stawicki Manors 835','rozalia.ruciński@gmail.com',107162331504740348),
(390,32,'Erwin','Gołębiewski','NULL',94565354511,4052017271,NULL,859734717,'Stolarczyk Rue 3703','katarzyna.kwiecień@yahoo.com',535862841288815214),
(391,9,'Nikodem','Czarnecki','NULL',50042771168,4131694732,NULL,529361340,'Janiszewski Hollow 61414','ruta.kowalewski@yahoo.com',728425461945595837),
(392,39,'Wirginia','Puchalski','NULL',45313405049,5332683846,NULL,614397079,'Olaf Isle 396','walentyn.niedźwiecki@hotmail.com',588236565980716058),
(393,97,'Greta','Warchoł','NULL',71470392130,7435191892,NULL,587105070,'Kołodziej Forest 4779','berta.malicki@hotmail.com',965611346559337668),
(394,17,'Konstantyn','Paluch','NULL',85596674313,2775315044,NULL,376750996,'Anna Knoll 23584','teodora.adamski@yahoo.com',199344503685723381),
(395,38,'Eustracjusz','Chrzanowski','NULL',81062457627,5535289311,NULL,581669846,'Czechowski Parks 1317','justyn.michalczyk@gmail.com',527907176212204191),
(396,5,'Marek','Masłowski','NULL',84976597719,9261711128,NULL,151291008,'Szymczyk Junctions 48604','arseniusz.frankowski@hotmail.com',941733265536300017),
(397,79,'Arnold','Włodarczyk','NULL',65380947131,8093669142,NULL,445980572,'Witalis Radial 7269','maryna.wilczek@gmail.com',934996967682726454),
(398,3,'Arkady','Trzeciak','NULL',98678894645,5591855046,NULL,791861572,'Bertrand Alley 867','lea.piwowarczyk@hotmail.com',151107743305884178),
(399,51,'Reginald','Janiszewski','NULL',59880255370,9338795689,NULL,288578752,'Adamiec Station 98925','reginald.wroński@gmail.com',448984875655561945),
(400,21,'Beatrycze','Ratajczak','NULL',95771190260,9997440607,NULL,943895472,'Karolina Prairie 6080','paula.gruszka@yahoo.com',777769602023139990),
(401,54,'Zuzanna','Gołębiewski','NULL',78944624623,3804804436,NULL,693995206,'Zajączkowski Burgs 412','antonina.żurawski@yahoo.com',838777330247141656),
(402,81,'Alina','Kozak','NULL',31351796711,1276525333,NULL,820973239,'Dec Neck 420','konstantyn.tomala@gmail.com',359629481238903877),
(403,46,'Demetriusz','Filipiak','NULL',60461487591,8581495072,NULL,237055971,'Mikulski Islands 96227','jozue.pilch@hotmail.com',464798793711764455),
(404,73,'Maria','Dziedzic','NULL',72607004052,5047401591,NULL,437222071,'Emil Port 567','paula.szostak@hotmail.com',675305846594761080),
(405,75,'Kornelia','Bielak','NULL',50103233192,9707312223,NULL,270358906,'Dudek Street 12099','cyra.nowiński@yahoo.com',514842566555713583),
(406,89,'Paweł','Sitek','NULL',49073371091,9738470421,NULL,513920153,'Kolasa Plain 48201','leila.bielawski@yahoo.com',832058539439456081),
(407,8,'Konstanty','Kowalczyk','NULL',33959652192,8845865457,NULL,429373787,'Partyka Causeway 2164','terencjusz.grochowski@gmail.com',640798727574743263),
(408,10,'Anastazja','Dudek','NULL',99572715425,9946446733,NULL,763226067,'Anastazja Ridges 53332','tymoteusz.trojanowski@gmail.com',926844406575065273),
(409,81,'Edyta','Ziętek','NULL',78509205065,9487233165,NULL,170157653,'Ambroży Walk 4284','koralia.jagiełło@hotmail.com',935724594812640135),
(410,99,'Nina','Dąbkowski','NULL',93386401620,8122451757,NULL,467743749,'Ptak Lane 92311','laurentyna.bednarek@yahoo.com',544240733673688568),
(411,59,'Patrycja','Lasota','NULL',65797500254,9631730079,NULL,587930440,'Gąsior Rest 64086','michalina.wilczyński@gmail.com',819907572727319315),
(412,85,'Aleksandra','Grudzień','NULL',27848735894,7032551814,NULL,159482211,'Olga Points 17024','gerald.konieczny@gmail.com',425205416904685681),
(413,90,'Leon','Rogala','NULL',97872023923,8630745210,NULL,684767330,'Czech Highway 92231','nazary.chudzik@yahoo.com',639969784951211104),
(414,17,'Eustracjusz','Niedźwiecki','NULL',54951842810,3651818735,NULL,758843646,'August Pines 1783','platon.rojek@hotmail.com',149824969249996321),
(415,25,'Reginald','Cieślik','NULL',21259061000,5339549841,NULL,161344982,'Książek Orchard 82591','terencjusz.kubiak@gmail.com',310245036573974881),
(416,27,'Róża','Czyżewski','NULL',38473871384,7483398655,NULL,930188322,'Robert Throughway 47888','gerald.witek@gmail.com',981005445596916783),
(417,84,'Mojżesz','Adamek','NULL',69170148325,2020753116,NULL,492266495,'Ewa Court 7170','lilla.strzelczyk@yahoo.com',154498647063356054),
(418,56,'Abraham','Zawadzki','NULL',89385486681,6648553322,NULL,633304972,'Jerzy Islands 6834','eleazar.sikorski@hotmail.com',545343263755706201),
(419,42,'Stanisław','Dobrzyński','NULL',74987801150,8875618738,NULL,717449010,'Makary Gardens 76358','józef.skrzypczak@gmail.com',820636439518455029),
(420,34,'Teodora','Kaczmarski','NULL',36414022355,6173944829,NULL,421292123,'Gawlik Gateway 144','olaf.majcher@hotmail.com',793216007516947378),
(421,4,'Kwintyn','Gąsiorowski','NULL',41017397020,3853238262,NULL,933593925,'Seweryn Divide 7241','walentyn.michalczyk@hotmail.com',108200369377625865),
(422,48,'Witalis','Jankowiak','NULL',81504478399,9613833314,NULL,888075075,'Adamczak Radial 42499','chloe.strzelczyk@hotmail.com',782084921832360622),
(423,95,'Antoni','Jarząbek','NULL',50896366328,2639756507,NULL,484722316,'Oskar Mission 196','błażej.budzyński@yahoo.com',295878422004395792),
(424,38,'Julita','Sołtys','NULL',38761500128,8084059394,NULL,552968522,'Patryk Gateway 3304','natalia.jóźwik@yahoo.com',667092492738783279),
(425,30,'Mateusz','Kępa','NULL',30810980344,7978887516,NULL,375531704,'Wanda Plains 138','krystyna.tomala@gmail.com',105778822973171165),
(426,66,'Wanda','Biernat','NULL',63670248085,9288677396,NULL,721031848,'Mikołaj Loaf 381','leila.nawrocki@yahoo.com',186494965699736912),
(427,75,'Bibiana','Michałek','NULL',85335378291,2294128688,NULL,868421171,'Wysocki Keys 3406','lucjan.leśniak@hotmail.com',859909108819947843),
(428,29,'Leon','Mazurek','NULL',46462519828,7424484865,NULL,242934447,'Lis Shoals 271','elwira.dobrowolski@yahoo.com',648317199233722972),
(429,4,'Apollo','Ratajczak','NULL',68076746258,2892940450,NULL,446725381,'Piekarski Squares 7745','szymon.szczepaniak@yahoo.com',931441835591989899),
(430,66,'Natan','Kołodziej','NULL',71787517005,4565786950,NULL,296181890,'Sabina Squares 5715','wacław.dziedzic@yahoo.com',643934162412527540),
(431,54,'Klarencjusz','Budziński','NULL',48737346496,3700081796,NULL,678417958,'Dudziński Summit 7391','walery.marek@yahoo.com',434075260154893609),
(432,94,'Leonard','Bednarz','NULL',51949610469,3759450454,NULL,166032475,'Julia Mill 019','reginald.maciejewski@yahoo.com',928847939438313343),
(433,84,'Leonid','Dudek','NULL',38132173729,1634841948,NULL,345858530,'Szymczak Hollow 29808','onufry.michalczyk@gmail.com',647803970496866768),
(434,59,'Ewa','Niedzielski','NULL',85589025088,2206068276,NULL,658374762,'Kozioł Vista 49307','polikarp.markowski@hotmail.com',861468739728608779),
(435,62,'Magdalena','Wilczyński','NULL',45759055212,6809773484,NULL,652983292,'Maria Divide 17614','kleopatra.niewiadomski@yahoo.com',139882210438256113),
(436,2,'Klara','Góra','NULL',59336104752,7311016469,NULL,584790167,'Bartnik Via 252','piotr.dudek@yahoo.com',564050830875905317),
(437,99,'Hipolit','Banaś','NULL',90399459363,5476620065,NULL,452218768,'Gajewski Cape 51729','brajan.szczepanik@hotmail.com',439307299068350365),
(438,62,'Salwator','Kubacki','NULL',69725825752,1171613956,NULL,704854948,'Romeo Overpass 693','jan.wyszyński@hotmail.com',718094125114462805),
(439,18,'Lucja','Czaja','NULL',98734344206,7217178949,NULL,721197511,'Archibald Glen 260','luiza.banach@yahoo.com',412152973984595330),
(440,32,'Alan','Grzesik','NULL',18626367443,9628536060,NULL,437389342,'Sochacki River 70754','sylwia.pawlicki@gmail.com',457839240383306991),
(441,37,'Eleazar','Kwiecień','NULL',15217049591,6889936219,NULL,249203997,'Brzeziński Stravenue 21855','fryderyk.marciniak@gmail.com',827892565485564946),
(442,85,'Karolina','Markowski','NULL',44979496106,8552913801,NULL,661200248,'Wanesa Run 50594','grzegorz.juszczak@hotmail.com',501734276099205002),
(443,37,'Laurencja','Broda','NULL',22653713126,2872077645,NULL,301968130,'Anna Vista 2704','patrycy.michalak@hotmail.com',567917888914894225),
(444,15,'Ambroży','Czech','NULL',71674990058,8844447782,NULL,378028264,'Borowski Lodge 662','jeremiasz.ratajczak@gmail.com',903925670247138176),
(445,38,'Sebastian','Laskowski','NULL',77203940063,9737098863,NULL,534031002,'Dariusz Parkways 4550','adelajda.ciszewski@hotmail.com',249028343828815709),
(446,44,'Arystarch','Misiak','NULL',94119304752,1868374143,NULL,686702007,'Chloe Freeway 29860','porfiriusz.krzyżanowski@yahoo.com',953725782194971216),
(447,73,'Teodor','Kowalczuk','NULL',63155921253,1905116172,NULL,665311716,'Lach Lane 5838','jan.zdunek@hotmail.com',418261358381107951),
(448,75,'Oleg','Jędrzejczak','NULL',11295803628,7694166291,NULL,536702114,'Zawada Via 6316','kornelia.dudziński@yahoo.com',214174204853420890),
(449,46,'Leonard','Gawroński','NULL',36557659395,6898125003,NULL,700323390,'Gertruda Cape 743','cecylia.rojek@hotmail.com',834964151760477572),
(450,19,'Antonina','Jędrzejczak','NULL',38420776753,8000466865,NULL,285275283,'Serafina Street 53747','olga.strzelczyk@yahoo.com',561298226235134707),
(451,45,'Porfiriusz','Ciesielski','NULL',28219252710,4376634422,NULL,485070131,'Sabina Rest 6670','roland.maciejewski@hotmail.com',240030431440152530),
(452,49,'Sergiusz','Miller','NULL',80187615346,8467536549,NULL,940038005,'Filipa Fall 649','samson.ossowski@gmail.com',288953175905242559),
(453,67,'Łazarz','Dubiel','NULL',86618539598,6800444175,NULL,425765655,'Jadwiga Fall 217','nikodem.grzesik@gmail.com',665139702298750938),
(454,28,'Bibiana','Pawlak','NULL',88683668351,2839367561,NULL,387217131,'Eudoksja Grove 32471','piotr.dudziak@hotmail.com',818020323026015525),
(455,69,'Marta','Gutowski','NULL',55090488950,9716046052,NULL,748200902,'Bertram Stream 741','matylda.gwóźdź@hotmail.com',632495573495407352),
(456,53,'Anatol','Miśkiewicz','NULL',57985401407,5566218384,NULL,955910197,'Gruszczyński Summit 070','katarzyna.gwóźdź@hotmail.com',934817396261359953),
(457,24,'Nikodem','Urbański','NULL',78887954967,4967402156,NULL,264091720,'Kosiński Canyon 073','michał.grześkowiak@hotmail.com',376452385580394705),
(458,68,'Józefina','Dąbrowski','NULL',20114796761,3420924738,NULL,611378724,'Węgrzyn Mountain 290','ignacy.kubacki@yahoo.com',588298348680097044),
(459,68,'Zuzanna','Stefaniak','NULL',40469743352,1577916128,NULL,213617847,'Teodora Crossroad 898','nina.skrzypek@hotmail.com',243466296891229145),
(460,46,'Natalia','Puchalski','NULL',21787184698,4870448330,NULL,593027372,'Żaneta Orchard 317','cezary.więckowski@hotmail.com',806850210926746910),
(461,89,'Jeremiasz','Jankowski','NULL',68055871544,7824250529,NULL,184033818,'Walentyna Trail 9832','lucjan.pasternak@yahoo.com',351507839125626270),
(462,36,'Żaneta','Kostrzewa','NULL',46526990748,8171409178,NULL,230443483,'Irma Corners 85121','zoe.maj@yahoo.com',559638598289778306),
(463,3,'Ksawery','Pawlak','NULL',71763292639,8848739729,NULL,924716228,'Herman Garden 9335','penelopa.śliwiński@gmail.com',752901472481651288),
(464,32,'Ewa','Góral','NULL',87942638575,1840624340,NULL,378073214,'Michalak Station 656','laurenty.kaczmarek@hotmail.com',509465553098912244),
(465,36,'Justyna','Miller','NULL',14872188725,3571062424,NULL,926015196,'Karolina Mall 2553','klementyna.wierzbicki@yahoo.com',301272867528658013),
(466,83,'Ofelia','Kozak','NULL',19485998608,8187482007,NULL,509034648,'Kazimierz Fork 0323','estera.malicki@gmail.com',224311922234556188),
(467,41,'Edmund','Wojtas','NULL',95082535581,5315606100,NULL,429054850,'Edwin Spurs 38257','walenty.bielski@hotmail.com',159042842828407682),
(468,9,'Spirydion','Noga','NULL',36896333160,3109338654,NULL,933934670,'Frankowski Views 44009','wilfryd.buczkowski@yahoo.com',412200458731083498),
(469,6,'Nazary','Konieczny','NULL',85895580398,6880381142,NULL,136169248,'Henryka River 4784','rebeka.jakubowski@hotmail.com',528087499329039761),
(470,27,'Porfiriusz','Zalewski','NULL',68781374978,8991565770,NULL,419413289,'Panek Ports 876','kazimierz.rusin@yahoo.com',521690639876455444),
(471,23,'Sabina','Staszewski','NULL',69971771065,9317873157,NULL,459364352,'Joachim Road 0908','penelopa.czarnecki@gmail.com',613232931381045806),
(472,19,'Ryszard','Kępa','NULL',33751101246,1473970430,NULL,603579828,'Hubert Springs 152','ewa.gajewski@yahoo.com',612153892152884185),
(473,40,'Dina','Piasecki','NULL',44034775093,1473330012,NULL,867533951,'Pankracy Walks 26032','polikarp.biernat@yahoo.com',698077604371429919),
(474,64,'Ksenia','Wolny','NULL',34601588307,4166527963,NULL,710302142,'Muszyński Center 44306','ewa.kowalski@gmail.com',124007189273223832),
(475,20,'Platon','Skóra','NULL',90882929821,4156553204,NULL,585605839,'Szczepanik Place 68690','miron.łukasik@yahoo.com',561267924445552069),
(476,96,'Ksawery','Szcześniak','NULL',72147919822,6304935111,NULL,774811287,'Wroński Circle 75638','szymon.kuc@gmail.com',418650871952094905),
(477,82,'Konstantyn','Szwarc','NULL',96319217489,5906941331,NULL,408676896,'Herman Fort 8456','tomasz.wyszyński@hotmail.com',931531948981143772),
(478,88,'Ireneusz','Bąk','NULL',97059805809,2128979066,NULL,982995740,'Apollinary Rue 57296','mojżesz.rak@hotmail.com',543336897027892004),
(479,37,'Edyta','Karpiński','NULL',51790763867,5458450924,NULL,401559243,'Andrzej Extension 643','regina.fijałkowski@hotmail.com',724909381938471342),
(480,67,'Klementyna','Zieliński','NULL',78142037768,9992762981,NULL,820987387,'Bernard Pine 23592','witalis.kmieć@hotmail.com',662561680954946670),
(481,68,'Korneli','Jezierski','NULL',30423848525,3039461770,NULL,557423140,'Cebula Garden 5532','rebeka.głąb@hotmail.com',636155660664822732),
(482,7,'Ida','Pietrzak','NULL',32825835509,1641327195,NULL,432339302,'Szewczyk Bypass 836','bertram.górski@hotmail.com',658005996523248042),
(483,1,'Rachela','Woźniak','NULL',79764808436,8350222940,NULL,500436415,'Szwed Divide 94326','arkadiusz.osiński@gmail.com',255324916982029008),
(484,47,'Koralia','Wróblewski','NULL',87795794518,8267052260,NULL,204951519,'Napierała Trail 172','paulina.kruszewski@gmail.com',979967245021219098),
(485,79,'Salomon','Kruk','NULL',21375436215,3628037601,NULL,235071017,'Janiszewski Route 221','klementyna.konieczna@yahoo.com',656376425520408150),
(486,56,'Gerald','Bielak','NULL',36155478691,3435692467,NULL,942417464,'Eliza Summit 712','ewa.marczak@gmail.com',303729459978808543),
(487,43,'Teodora','Pietras','NULL',47946600182,9759499784,NULL,876928802,'Cyrus Ways 68960','alwar.lis@gmail.com',737598998730734677),
(488,15,'Izabela','Przybyła','NULL',16925075969,3111032866,NULL,822182596,'Sawicki Drive 1323','alan.wasiak@gmail.com',496019862573437624),
(489,65,'Klaudiusz','Wnuk','NULL',99537591515,6458068137,NULL,805756376,'Cybulski Brook 05995','pelagia.radomski@gmail.com',122615249904000278),
(490,87,'Aurora','Chudzik','NULL',34418811076,2051279349,NULL,157699829,'Ruciński Ridge 6731','salomon.borowiec@gmail.com',456617919038531613),
(491,55,'Dariusz','Sowa','NULL',91308787435,7431995581,NULL,262516039,'Białkowski Light 336','ireneusz.kulig@hotmail.com',867748005732030437),
(492,6,'Gabriel','Krajewski','NULL',52371703739,8339885713,NULL,134789888,'Serafin Skyway 84981','juliusz.urban@hotmail.com',422947671057963614),
(493,45,'Efraim','Michalak','NULL',35767824460,3845115798,NULL,267995578,'Konieczna Gateway 502','arkady.urbanowicz@gmail.com',207769987067767768),
(494,37,'Alina','Ziętek','NULL',86098361756,5147816070,NULL,474115733,'Szafrański Alley 41338','nikodem.kubica@gmail.com',860741205724323712),
(495,16,'Jozue','Krzemiński','NULL',98281240127,9177509257,NULL,817768286,'Tamara Hills 715','izabela.gaweł@hotmail.com',751188373859301605),
(496,36,'Walenty','Stefaniak','NULL',17003809178,8983279624,NULL,167135530,'Leonid Field 2246','jozue.adamiec@hotmail.com',624217184934060924),
(497,28,'Nadzieja','Kasprzyk','NULL',94303645752,9058637535,NULL,673619711,'Skrzypek Mountains 8998','walentyna.leszczyński@hotmail.com',995735505523151549),
(498,73,'Erwin','Marzec','NULL',19964919319,6285312434,NULL,659552847,'Bielski Light 247','patrycy.czaja@yahoo.com',428667201813158300),
(499,45,'Karol','Michalczyk','NULL',86666184356,9039951164,NULL,716157566,'Eleonora Squares 2934','andrzej.czerniak@gmail.com',469503092476835018),
(500,29,'Amanda','Konieczny','NULL',59108151313,9886572612,NULL,352960095,'Pilarski Rest 7275','sybilla.zdunek@hotmail.com',323956004150604379);

INSERT INTO Podmioty
VALUES 
(501,33,'NULL','NULL','Prokop-Prokop',NULL,5125037529,8393693632,485842574,'Bożek Rapids 33742','eliza.kujawa@hotmail.com',811925654631013690),
(502,73,'NULL','NULL','Marek sp. k.',NULL,3543061686,3658761948,960252648,'Oliwia Pass 57322','lilla.misztal@hotmail.com',879417959701752281),
(503,49,'NULL','NULL','Chrzanowski sp. z o.o.',NULL,3103694233,5658780885,427418048,'Chmura Via 60037','patrycy.muszyński@yahoo.com',797156047176236597),
(504,46,'NULL','NULL','Strzelecki, Strzelecki and Strzelecki',NULL,4370855474,3346025579,528576599,'Krupa Way 10121','rozalia.rybarczyk@hotmail.com',815036963106379397),
(505,85,'NULL','NULL','Pytel, Pytel and Pytel',NULL,3337623423,2207316326,335377025,'Rybicki Coves 8832','katarzyna.owczarek@yahoo.com',102822916950716208),
(506,90,'NULL','NULL','Drzewiecki-Drzewiecki',NULL,8557176534,4457847587,396115460,'Florencja Port 2975','roland.szulc@hotmail.com',766618015825663493),
(507,2,'NULL','NULL','Cybulski-Cybulski',NULL,5127232363,2514364489,860145920,'Serafin Lock 138','klementyna.jurkiewicz@hotmail.com',131116020889401642),
(508,13,'NULL','NULL','Łukaszewski, Łukaszewski and Łukaszewski',NULL,3248892051,7515589133,685047782,'Drzewiecki Brooks 909','edmund.jackowski@hotmail.com',210043769226815415),
(509,82,'NULL','NULL','Szczerba-Szczerba',NULL,4790208460,5376365751,823226697,'Rosiak Place 3300','włodzimierz.lewandowski@yahoo.com',956021093289556276),
(510,90,'NULL','NULL','Rosa-Rosa',NULL,8689861606,2578541048,998110377,'Włodarski Turnpike 2250','ksawery.skrzypczak@yahoo.com',214898567515194099),
(511,66,'NULL','NULL','Skrzypczak-Skrzypczak',NULL,7258587426,6647117471,122716730,'Leon Station 37772','wawrzyniec.cygan@yahoo.com',770023908827861860),
(512,80,'NULL','NULL','Zwoliński-Zwoliński',NULL,2974586886,9591410373,602464044,'Stelmach Square 303','wanda.krawczyk@gmail.com',948283920467246493),
(513,53,'NULL','NULL','Pasternak, Pasternak and Pasternak',NULL,1754898129,4560926183,428678089,'Nazary Inlet 381','robert.dudziak@gmail.com',940571779702902882),
(514,10,'NULL','NULL','Ciesielski, Ciesielski and Ciesielski',NULL,1848957984,4196819856,148087882,'Gwido Fort 0818','henryk.rusin@hotmail.com',297548417415224105),
(515,80,'NULL','NULL','Stasiak-Stasiak',NULL,9046202202,6579594352,959948734,'Atanazy Meadows 64334','jerzy.romanowski@gmail.com',105669122643702326),
(516,48,'NULL','NULL','Gołąb, Gołąb and Gołąb',NULL,1736426382,8656539111,393963079,'Herman Pines 5953','sylwia.witek@yahoo.com',688110493084468079),
(517,53,'NULL','NULL','Kozioł-Kozioł',NULL,9108667869,4407941929,363528479,'Sabina Isle 0201','żaneta.tomaszewski@gmail.com',998498756210683482),
(518,78,'NULL','NULL','Filipek sp. z o.o.',NULL,2871742755,3709345848,510910636,'Jurek Creek 7244','—.cybulski@yahoo.com',910179951119487881),
(519,82,'NULL','NULL','Tkaczyk-Tkaczyk',NULL,3571258702,6435501155,565559643,'Pilarski Lodge 412','stella.piotrowicz@gmail.com',522526903905357424),
(520,1,'NULL','NULL','Barański-Barański',NULL,9458986575,3934518617,508905845,'Agaton Fall 1288','irma.dobrowolski@hotmail.com',509287009101434487),
(521,97,'NULL','NULL','Czekaj S.K.A.',NULL,8076646136,7178555901,455040212,'Mazur Ferry 28306','aleksandra.sochacki@gmail.com',597393174294670247),
(522,85,'NULL','NULL','Dobrzyński, Dobrzyński and Dobrzyński',NULL,7839697370,3821183077,157975634,'Juliusz Parkway 11621','zygmunt.kalisz@gmail.com',530718226035924627),
(523,22,'NULL','NULL','Piekarski sp. z o.o.',NULL,1279544476,2469083404,600061773,'Dudzik Villages 058','gerald.tomala@yahoo.com',747667736157324982),
(524,78,'NULL','NULL','Wilczyński sp.p.',NULL,4347577919,4647462953,113514985,'Laura Expressway 908','kornelia.izdebski@gmail.com',476772161656624438),
(525,94,'NULL','NULL','Frączek sp. z o.o.',NULL,6963086068,6101407715,374472704,'Cybulski Cliffs 974','cyryl.andrzejewski@yahoo.com',310231861113281353),
(526,53,'NULL','NULL','Pasternak sp. k.',NULL,7871860507,1302463989,607683698,'Musiał Forge 7347','jeremi.zajączkowski@yahoo.com',256520875922386917),
(527,5,'NULL','NULL','Szczepański-Szczepański',NULL,8586684685,5528339172,671669706,'Prokles Loop 2831','rafał.gadomski@gmail.com',138464546145337844),
(528,90,'NULL','NULL','Urbański, Urbański and Urbański',NULL,3170805026,2401461356,903432758,'Wilfryd Heights 3188','bertram.borek@gmail.com',574391303250895424),
(529,33,'NULL','NULL','Frączek sp. z o.o.',NULL,2346598238,9389300754,929343419,'Ślusarczyk Inlet 894','eleonora.wojtczak@gmail.com',950477667415465443),
(530,91,'NULL','NULL','Muszyński, Muszyński and Muszyński',NULL,2115620804,1966133608,258972703,'Modzelewski Square 4806','lilianna.jagodziński@gmail.com',346041548444317989),
(531,89,'NULL','NULL','Guzik sp. z o.o.',NULL,8568323919,6396298197,895104944,'Patryk Glen 5385','jonatan.urban@gmail.com',857230769323582828),
(532,7,'NULL','NULL','Skowron-Skowron',NULL,3484541760,3552501936,120652555,'Mucha Light 970','chloe.pluta@yahoo.com',312764130512552751),
(533,87,'NULL','NULL','Leśniewski S.A.',NULL,3315605742,2726871793,763794233,'Wincenty Vista 03770','ludwik.serafin@gmail.com',168069721827443656),
(534,99,'NULL','NULL','Wierzbicki, Wierzbicki and Wierzbicki',NULL,7879747329,7722723273,363888134,'Magdalena Dam 22735','renata.adamiec@yahoo.com',409111260343321518),
(535,92,'NULL','NULL','Janusz sp. k.',NULL,3668898461,3771844956,106637231,'Jarosz Forges 94717','józef.łapiński@gmail.com',275707080329662628),
(536,75,'NULL','NULL','Przybyła, Przybyła and Przybyła',NULL,8839850366,2209681671,789000297,'Rudolf Common 54332','julia.piasecki@gmail.com',792834893320722549),
(537,89,'NULL','NULL','Szydłowski-Szydłowski',NULL,6537365054,6714783882,200501842,'Żuk Port 89935','abraham.słowiński@hotmail.com',165027082055922607),
(538,3,'NULL','NULL','Grześkowiak S.A.',NULL,8642873611,6501745691,485997677,'Przybysz Estates 0096','zachariasz.janus@hotmail.com',839927059340944893),
(539,77,'NULL','NULL','Krupiński, Krupiński and Krupiński',NULL,4307650602,7995735018,376173646,'Lewicki Village 587','oliwia.kalisz@gmail.com',521852234883703315),
(540,66,'NULL','NULL','Bartkowiak sp. k.',NULL,4925617775,7913205807,953517782,'Rudnicki Freeway 40859','rachela.kozieł@yahoo.com',305147679883229825),
(541,57,'NULL','NULL','Romanowski, Romanowski and Romanowski',NULL,9003200371,9178257256,495229427,'Jan Radial 50503','izydor.kowalczuk@hotmail.com',768538490857598043),
(542,60,'NULL','NULL','Kostrzewa, Kostrzewa and Kostrzewa',NULL,9233074225,2445218726,524371156,'Lisiecki Rest 182','romeo.kujawski@hotmail.com',859642075004132353),
(543,80,'NULL','NULL','Graczyk, Graczyk and Graczyk',NULL,5868339230,1775751895,922865175,'Roland Square 659','filemon.paluch@hotmail.com',164187958467037427),
(544,59,'NULL','NULL','Sobczyk S.A.',NULL,3054055424,3128583121,205134008,'Sebastian River 44318','katarzyna.gajda@hotmail.com',654155992751542664),
(545,63,'NULL','NULL','Andrzejczak, Andrzejczak and Andrzejczak',NULL,7036187893,1496389628,447832926,'Kujawa Viaduct 30369','tamara.tomala@yahoo.com',970925108736188914),
(546,59,'NULL','NULL','Jastrzębski sp.p.',NULL,8112762885,2545768633,423222723,'Słowiński Parkways 3818','agata.zalewski@gmail.com',219261808908832545),
(547,49,'NULL','NULL','Morawski, Morawski and Morawski',NULL,7040598222,9005248068,243035006,'Tacjana Ridges 2458','walery.cebula@hotmail.com',928660182507196920),
(548,38,'NULL','NULL','Pietrzak, Pietrzak and Pietrzak',NULL,7861707320,5831564135,980799342,'Prokles Path 14425','rudolf.zarzycki@gmail.com',410910914979024743),
(549,9,'NULL','NULL','Sobczak, Sobczak and Sobczak',NULL,9930862161,9772678862,364015245,'Bielski Drives 78898','jadwiga.dróżdż@yahoo.com',566762567469008561),
(550,23,'NULL','NULL','Piątek-Piątek',NULL,5213299891,7764880736,988406085,'Albert Manors 91146','porfiriusz.czyżewski@yahoo.com',396080212824107839),
(551,85,'NULL','NULL','Stelmach, Stelmach and Stelmach',NULL,2009188588,3937949110,174909038,'Paczkowski Knolls 20165','walter.czerniak@gmail.com',301623154257546603),
(552,36,'NULL','NULL','Jankowski, Jankowski and Jankowski',NULL,9768420042,5653397557,541354961,'Rzepka Coves 395','ariadna.urban@hotmail.com',371542380757126771),
(553,37,'NULL','NULL','Bąkowski, Bąkowski and Bąkowski',NULL,5445528855,2908580426,589295575,'Tomczak Plains 141','regina.czaja@gmail.com',390863674314317442),
(554,13,'NULL','NULL','Karwowski S.K.A.',NULL,9297007863,1718183983,624719484,'Wirginia Underpass 4586','osmund.klimek@hotmail.com',271531106274961521),
(555,41,'NULL','NULL','Kurek-Kurek',NULL,6937416778,5558909936,741488751,'Kasprzak Center 73279','reginald.grudzień@gmail.com',682339361070643999),
(556,15,'NULL','NULL','Jezierski, Jezierski and Jezierski',NULL,7379599708,6886579846,292586307,'Urbanowicz Green 1927','arnold.falkowski@yahoo.com',796133489163442720),
(557,10,'NULL','NULL','Milczarek S.A.',NULL,6815598669,2040154177,782430078,'Sokół Point 50251','anatol.sokół@yahoo.com',813279968794799645),
(558,37,'NULL','NULL','Polak sp. k.',NULL,9330990979,4355756522,151889302,'Melania Centers 25536','edward.stanek@hotmail.com',776838949554305173),
(559,12,'NULL','NULL','Stępień sp.p.',NULL,4946208895,2619894078,774859499,'Zwoliński Parks 732','wilhelm.orzechowski@gmail.com',275865766031809296),
(560,2,'NULL','NULL','Kulik, Kulik and Kulik',NULL,1428386397,1736194228,693600961,'Stolarski Springs 923','demetriusz.pietras@yahoo.com',782035035112049384),
(561,90,'NULL','NULL','Szymkowiak sp. k.',NULL,7224259123,5466352748,671839858,'Sołtys Village 56127','larysa.tkaczyk@yahoo.com',998348046378365124),
(562,82,'NULL','NULL','Graczyk sp. j.',NULL,2768833435,9954395921,827655981,'Golec Track 132','melania.urban@hotmail.com',757094868949047219),
(563,44,'NULL','NULL','Jakubowski sp. j.',NULL,4514724319,8439943820,629115465,'Filemon Rapid 11000','laurenty.szczepanik@hotmail.com',589419696168378773),
(564,91,'NULL','NULL','Zalewski-Zalewski',NULL,7587978225,1297797747,231729443,'Puchalski Place 7040','maja.piątkowski@gmail.com',773001774895781237),
(565,52,'NULL','NULL','Rutkowski sp. j.',NULL,5530850701,7058285356,411852011,'Stasiak Landing 668','szczepan.frankowski@hotmail.com',276279297171390447),
(566,64,'NULL','NULL','Borek, Borek and Borek',NULL,2369350456,9617895884,823366077,'Wilczyński Streets 7003','onufry.głowacki@hotmail.com',702260141716578860),
(567,48,'NULL','NULL','Wasiak sp. j.',NULL,9632962399,4452184429,362583123,'Jeremiasz Glen 036','malwina.cygan@yahoo.com',471718618986655072),
(568,88,'NULL','NULL','Nowakowski, Nowakowski and Nowakowski',NULL,4499487612,9199766305,583683467,'Chojnacki Trace 24750','henryka.zawada@yahoo.com',730446871420674924),
(569,14,'NULL','NULL','Lesiak-Lesiak',NULL,1124477623,6790503706,431508678,'Adam Way 3952','penelopa.jurek@yahoo.com',305658318832479512),
(570,53,'NULL','NULL','Niedźwiecki sp.p.',NULL,8903096633,2590828442,469444760,'Emil Plains 04255','rafał.wójtowicz@yahoo.com',925011614737622005),
(571,47,'NULL','NULL','Frankowski sp. z o.o.',NULL,6443818646,3890511561,733197600,'Jankowiak Stravenue 1771','noemi.chojnowski@hotmail.com',187739829166975465),
(572,16,'NULL','NULL','Baran, Baran and Baran',NULL,9921541403,4649425036,706509970,'Skowron Oval 0679','dariusz.głogowski@yahoo.com',316950552994861147),
(573,86,'NULL','NULL','Lis sp.p.',NULL,1231551754,3241183126,981365916,'Walentyna Underpass 5463','maja.szczygieł@hotmail.com',349921530933812732),
(574,93,'NULL','NULL','Popławski-Popławski',NULL,5884784713,1005220825,167078381,'Robak Ways 676','koralia.kołodziej@hotmail.com',759104417877014277),
(575,52,'NULL','NULL','Cieślak, Cieślak and Cieślak',NULL,6371728467,8936180566,372290399,'Ida Ports 7688','sylwia.świderski@gmail.com',871877072372290855),
(576,26,'NULL','NULL','Dziuba S.K.A.',NULL,2094731853,6409413636,296119803,'Eleazar Ford 4557','irma.kucharski@yahoo.com',886164644392255187),
(577,12,'NULL','NULL','Piotrowicz S.A.',NULL,6482122795,7643374671,299669068,'Góra Ranch 048','beniamin.jabłoński@yahoo.com',322588785788618745),
(578,22,'NULL','NULL','Świderski sp.p.',NULL,6935134495,9886398640,758677280,'Surma Viaduct 721','krystyna.gajewski@gmail.com',595139211609806133),
(579,23,'NULL','NULL','Kostrzewa, Kostrzewa and Kostrzewa',NULL,5424032963,7235656717,261362849,'Janas Landing 27310','emanuel.urbaniak@yahoo.com',163911583700452082),
(580,77,'NULL','NULL','Tomczyk-Tomczyk',NULL,5328275678,1206631317,619418362,'Wiara Mountains 2285','wiktor.szymczyk@gmail.com',815918702542633623),
(581,73,'NULL','NULL','Dębski sp. j.',NULL,7409123104,7623288255,371515566,'Matylda Station 850','julia.krajewski@gmail.com',167985022380782371),
(582,76,'NULL','NULL','Sochacki-Sochacki',NULL,8012045056,2117222954,667897249,'Maciąg Island 247','andrzej.matysiak@gmail.com',426249693902166986),
(583,17,'NULL','NULL','Miśkiewicz sp.p.',NULL,9391465354,4906145131,573564034,'Rybak Inlet 8308','platon.świderski@hotmail.com',970858027773542807),
(584,81,'NULL','NULL','Leszczyński, Leszczyński and Leszczyński',NULL,3288769835,9006948556,335276965,'Kot Crossroad 0195','samson.pietrzak@gmail.com',628243509265198428),
(585,32,'NULL','NULL','Tomczak-Tomczak',NULL,4128159695,3547489888,287740602,'Błażej Mission 089','wiktoria.gwóźdź@yahoo.com',791526333817090999),
(586,99,'NULL','NULL','Kozioł sp.p.',NULL,9803274627,7779706517,879140022,'Alfred Port 141','natan.komorowski@gmail.com',476198369241908024),
(587,3,'NULL','NULL','Kita-Kita',NULL,8089582442,8239848538,537599227,'Patrycy Row 446','robert.wojtasik@hotmail.com',814894153317497460),
(588,67,'NULL','NULL','Gruszczyński-Gruszczyński',NULL,1519689880,3963103188,854996132,'Augustyn Squares 94924','reginald.popławski@hotmail.com',746660203198453093),
(589,50,'NULL','NULL','Motyka-Motyka',NULL,8447134576,5791565095,122546249,'Monika Parkway 6300','nestor.nowakowski@hotmail.com',963473939086956305),
(590,18,'NULL','NULL','Matuszak sp. k.',NULL,7259842648,8920709461,303887597,'Chojnacki Throughway 5849','nazariusz.czech@gmail.com',421459157450721630),
(591,17,'NULL','NULL','Pawlikowski sp. k.',NULL,4061557818,3073496228,127699355,'Janina Cliff 60013','gerald.pakuła@gmail.com',572545814033434511),
(592,12,'NULL','NULL','Górka S.K.A.',NULL,5861833081,4503341009,857410737,'Jankowski Squares 55591','klarencjusz.izdebski@gmail.com',521784505227910980),
(593,65,'NULL','NULL','Czech, Czech and Czech',NULL,9158588896,7856384734,764017959,'Lisowski Hill 35039','—.pietrzyk@hotmail.com',183332942921690228),
(594,46,'NULL','NULL','Książek-Książek',NULL,4057894146,3594775019,435329425,'Jakub Extension 21191','łazarz.gil@hotmail.com',505835523582597187),
(595,91,'NULL','NULL','Czekaj-Czekaj',NULL,8030936888,1057583949,219834912,'Ossowski Spurs 496','emil.dec@hotmail.com',584977207223805780),
(596,99,'NULL','NULL','Młynarczyk, Młynarczyk and Młynarczyk',NULL,4755421343,7512562297,119491537,'Abraham Ways 14903','cecyliusz.mróz@gmail.com',808338454698448161),
(597,60,'NULL','NULL','Kogut, Kogut and Kogut',NULL,4885154597,7371043638,801910080,'Bibianna Flats 654','ksawera.górniak@hotmail.com',447833990045121268),
(598,93,'NULL','NULL','Marek sp. z o.o.',NULL,1096147146,3834046997,995584369,'Siwek Mount 521','gedeon.mucha@hotmail.com',395153625095561877),
(599,24,'NULL','NULL','Ciszewski-Ciszewski',NULL,2553836704,3646395335,190335720,'Julita Plaza 58201','izaak.herman@hotmail.com',141267041405611324),
(600,50,'NULL','NULL','Witczak-Witczak',NULL,3262174570,2766471222,596332695,'Zygmunt Knoll 795','harald.krysiak@gmail.com',806542941042430752),
(601,16,'NULL','NULL','Wolak, Wolak and Wolak',NULL,7784343857,8607159060,204411439,'Molenda Garden 3438','nazary.wiśniewski@gmail.com',594959994842103932),
(602,23,'NULL','NULL','Urbanowicz-Urbanowicz',NULL,7939820547,3684372442,940799039,'Rakowski Glens 9727','joanna.wróbel@hotmail.com',735634267961590435),
(603,78,'NULL','NULL','Adamowicz-Adamowicz',NULL,9083329778,5926777552,955887787,'Wesołowski Estates 993','kwintyn.dobrzyński@yahoo.com',191932878063902267),
(604,44,'NULL','NULL','Bilski-Bilski',NULL,4496542511,7590272554,253053466,'Pawlak Manor 916','jakub.skiba@gmail.com',982730777316702008),
(605,37,'NULL','NULL','Cichoń-Cichoń',NULL,7468812111,2687647269,809995237,'Eugeniusz Vista 463','maria.nowakowski@hotmail.com',216815742534242160),
(606,82,'NULL','NULL','Wierzbicki sp.p.',NULL,9539214386,3322909396,408052948,'Rajmund Courts 29628','dorian.wieczorek@hotmail.com',462985394317431147),
(607,26,'NULL','NULL','Wyszyński, Wyszyński and Wyszyński',NULL,5020320977,6951735222,234984879,'Tomaszewski Groves 04692','laura.pietruszka@yahoo.com',889725428178461324),
(608,65,'NULL','NULL','Malicki-Malicki',NULL,8487113547,5002059812,744535536,'Laurencja Throughway 99772','korneliusz.jarosz@gmail.com',112978020358331147),
(609,68,'NULL','NULL','Borkowski S.K.A.',NULL,8677313968,3774610207,452570311,'Igor Pike 4454','rozalia.michalski@yahoo.com',525967154430739976),
(610,75,'NULL','NULL','Bednarczyk-Bednarczyk',NULL,5949735473,9826429673,550128023,'Bibiana Rapids 0297','walenty.niedzielski@yahoo.com',230569694162389420),
(611,60,'NULL','NULL','Szyszka S.A.',NULL,1927424540,4374551845,427618690,'Kaczorowski Streets 9965','robert.zaborowski@yahoo.com',380583533542965214),
(612,47,'NULL','NULL','Kaźmierczak, Kaźmierczak and Kaźmierczak',NULL,6342978828,4538061817,955214337,'Nowicki Mission 0217','aleksander.piechota@hotmail.com',952042411630156635),
(613,92,'NULL','NULL','Kubik S.K.A.',NULL,6554854139,1148775815,257709942,'Nestor Shores 89219','—.janiszewski@yahoo.com',768156248549466013),
(614,77,'NULL','NULL','Kamiński-Kamiński',NULL,2182565915,5656670620,305128837,'Jozue Mews 41990','łazarz.kacprzak@gmail.com',318786162073980130),
(615,12,'NULL','NULL','Wilk, Wilk and Wilk',NULL,8132572419,9641182722,448164753,'Świątek Rapids 64338','konstanty.graczyk@hotmail.com',271960745267574831),
(616,78,'NULL','NULL','Bielawski-Bielawski',NULL,3211872618,4868132488,791380834,'Płonka Expressway 763','dionizy.stelmach@yahoo.com',116939039090836667),
(617,6,'NULL','NULL','Zwoliński-Zwoliński',NULL,7040794941,2882032617,695466703,'Krystyna Burgs 6082','leonard.kłosowski@hotmail.com',291699885123363950),
(618,32,'NULL','NULL','Bochenek-Bochenek',NULL,2379131282,7617676199,928523566,'Adrian Highway 910','gracja.kasprzyk@yahoo.com',590658293904325140),
(619,11,'NULL','NULL','Dębski sp.p.',NULL,1424821926,1808901292,689134984,'Aida Court 0671','wawrzyniec.czyż@hotmail.com',646335023117769825),
(620,12,'NULL','NULL','Kamiński, Kamiński and Kamiński',NULL,5613517435,1389479745,791673719,'Kapusta Lake 912','weronika.leśniewski@gmail.com',404488111790117303),
(621,61,'NULL','NULL','Bogucki, Bogucki and Bogucki',NULL,9267526670,1068378872,908766146,'Władysław Way 210','joanna.rybak@gmail.com',548992557472751462),
(622,28,'NULL','NULL','Skibiński-Skibiński',NULL,7553760694,2560613284,253822854,'Zawadzki Isle 925','magdalena.radomski@gmail.com',618900927903927138),
(623,9,'NULL','NULL','Krupiński S.K.A.',NULL,6498642638,5122135183,238696337,'Klementyna Harbors 939','porfiry.cieślak@gmail.com',551283251081193967),
(624,36,'NULL','NULL','Drozd, Drozd and Drozd',NULL,7504890082,1865096425,566262255,'Maurycy Cape 7603','cezary.markiewicz@gmail.com',167334340106522048),
(625,5,'NULL','NULL','Kasprzak, Kasprzak and Kasprzak',NULL,2308397135,9535653782,420539823,'Edgar Terrace 26533','salwator.orzechowski@yahoo.com',189383572296311113),
(626,98,'NULL','NULL','Dąbrowski, Dąbrowski and Dąbrowski',NULL,1397433586,3384161115,953753386,'Walentyna Mountains 006','lilianna.izdebski@gmail.com',950471156564585673),
(627,43,'NULL','NULL','Sadowski sp. k.',NULL,1110252170,5516128433,531266604,'Miron Motorway 83526','alicja.szewczyk@hotmail.com',654742032142774481),
(628,19,'NULL','NULL','Iwański-Iwański',NULL,3764482248,3721716475,386307673,'Edgar Spring 07654','sylwia.kaźmierczak@yahoo.com',138476731414471901),
(629,58,'NULL','NULL','Rak sp. j.',NULL,4725894725,1552533345,414709047,'Dudzik Overpass 803','galfryd.wasilewski@yahoo.com',140997561436257888),
(630,87,'NULL','NULL','Walczak, Walczak and Walczak',NULL,2628221864,4256393148,685809807,'Żurawski Centers 4530','franciszek.bagiński@hotmail.com',363198868421904241),
(631,39,'NULL','NULL','Podgórski sp. k.',NULL,1826665726,1383042278,440070888,'Patrycjusz Mountains 930','sebastian.głogowski@hotmail.com',918925977759206556),
(632,89,'NULL','NULL','Kujawski sp. z o.o.',NULL,7703616077,2793655246,828107079,'Kazimierz Extension 846','luiza.modzelewski@yahoo.com',357251189184459720),
(633,90,'NULL','NULL','Pilch, Pilch and Pilch',NULL,8426793822,5768939547,299941933,'Orestes Island 2877','arnold.szyszka@yahoo.com',855315498005320251),
(634,79,'NULL','NULL','Sawicki-Sawicki',NULL,8889791278,7324563334,556576497,'Eudokia Ridges 302','platon.płonka@gmail.com',882282983645027382),
(635,97,'NULL','NULL','Marchewka-Marchewka',NULL,4972337074,1759854843,347014638,'Archibald Flats 979','henryk.skibiński@gmail.com',792461275686391173),
(636,91,'NULL','NULL','Wypych, Wypych and Wypych',NULL,8752593284,5836588103,115335874,'Miller Turnpike 336','ludwik.król@hotmail.com',833183366507057343),
(637,84,'NULL','NULL','Falkowski-Falkowski',NULL,8607541384,1490895569,202936185,'Walenty Mill 810','maksym.dąbek@yahoo.com',794658614471344678),
(638,63,'NULL','NULL','Łukasik-Łukasik',NULL,3887834635,8002969619,273115122,'Radecki Park 327','szymon.gaweł@yahoo.com',562790892491413556),
(639,90,'NULL','NULL','Michałek-Michałek',NULL,5556901069,7313981180,256187860,'Wierzbicki Road 3631','jeremi.jarosz@gmail.com',537986139040480082),
(640,68,'NULL','NULL','Janusz-Janusz',NULL,1046397695,8989107653,601536495,'Klimek Point 6912','herman.zych@hotmail.com',349780248609594428),
(641,44,'NULL','NULL','Kasprzyk-Kasprzyk',NULL,9425960868,3037736485,600726953,'Pawlik Square 600','zachariasz.godlewski@yahoo.com',910494172764842608),
(642,27,'NULL','NULL','Cygan, Cygan and Cygan',NULL,5319620297,7888510400,920789656,'Lilia Squares 344','bibiana.strzelczyk@hotmail.com',885852830667626498),
(643,92,'NULL','NULL','Popławski, Popławski and Popławski',NULL,9153257901,5591957238,161957209,'Donald Spur 476','hilary.lech@yahoo.com',322594189768372338),
(644,58,'NULL','NULL','Bednarz, Bednarz and Bednarz',NULL,4429384323,5734140307,925380189,'Maurycy Camp 66526','rachela.turek@hotmail.com',150854144297066926),
(645,37,'NULL','NULL','Chrzanowski-Chrzanowski',NULL,1267204157,7358688731,931516390,'Hilary Terrace 828','izolda.jagiełło@hotmail.com',262688876057084579),
(646,55,'NULL','NULL','Stępień-Stępień',NULL,8876729931,3520346791,957580009,'Olga Forest 5927','klarencjusz.krukowski@hotmail.com',101163927166185673),
(647,14,'NULL','NULL','Jankowski sp. z o.o.',NULL,7656365161,5156190924,440841457,'Reginald Passage 634','wiara.żuk@gmail.com',914325998536328873),
(648,43,'NULL','NULL','Surma-Surma',NULL,4956237086,8581859493,410591310,'Dróżdż Locks 3372','estera.janicki@hotmail.com',907189230957312344),
(649,77,'NULL','NULL','Lech, Lech and Lech',NULL,9183058535,1317814451,801577171,'Młynarczyk Crescent 48495','anastazja.kisiel@hotmail.com',701502625251661268),
(650,81,'NULL','NULL','Balcerzak S.A.',NULL,6208203098,8631831292,159615443,'Michał Drive 54619','pelagia.janiak@yahoo.com',725039589697489868),
(651,10,'NULL','NULL','Skowron S.K.A.',NULL,9554441388,3988610542,138230649,'Janiszewski Lock 97416','franciszek.sosnowski@hotmail.com',530157740371559119),
(652,95,'NULL','NULL','Adamowicz-Adamowicz',NULL,5422206211,1042420221,789321398,'Martyna Knolls 7893','izaak.kasprzyk@hotmail.com',539196689224868833),
(653,42,'NULL','NULL','Milczarek, Milczarek and Milczarek',NULL,9226801776,1596838841,435386228,'Sowa Square 89398','patrycjusz.rutkowski@hotmail.com',721864335389462512),
(654,33,'NULL','NULL','Stefaniak-Stefaniak',NULL,5844771093,6608613848,876266582,'Laurencjusz Ridge 66989','walentyna.krukowski@hotmail.com',592897370123570803),
(655,96,'NULL','NULL','Majewski-Majewski',NULL,5817235120,2140305348,231703563,'Kopczyński Ramp 28889','nadzieja.niedziela@yahoo.com',656555489887124622),
(656,13,'NULL','NULL','Urbanek, Urbanek and Urbanek',NULL,4878993018,6521021937,512934262,'Nikodem Center 00608','stefania.gutowski@hotmail.com',671056831020498569),
(657,21,'NULL','NULL','Florczak, Florczak and Florczak',NULL,2839506474,1432096740,926135521,'Szczęsna Walk 3575','sabina.frankowski@gmail.com',469462605007057425),
(658,61,'NULL','NULL','Zagórski sp.p.',NULL,4360128112,4005466486,212098756,'Izabela Avenue 73756','stella.witkowski@yahoo.com',534094033469610799),
(659,50,'NULL','NULL','Żak S.K.A.',NULL,3912192548,8191239934,645163705,'Cichoń Squares 71817','kalistrat.rojek@hotmail.com',376270272762243563),
(660,44,'NULL','NULL','Borkowski sp. z o.o.',NULL,6341652651,3040970114,388652670,'Porfiry Hill 703','tacjana.kozioł@hotmail.com',809634845225344547),
(661,98,'NULL','NULL','Wąsik-Wąsik',NULL,6701309974,4087100556,161363340,'Nina Plain 66665','judyta.wójcicki@yahoo.com',751709122550908627),
(662,98,'NULL','NULL','Kucharczyk, Kucharczyk and Kucharczyk',NULL,1337983876,1581623419,323141971,'Jonatan Plain 75315','alicja.adamski@gmail.com',242341584006160582),
(663,94,'NULL','NULL','Gawron-Gawron',NULL,8135541995,4859716351,895788828,'Igor Highway 8210','ksenia.kwiatkowski@gmail.com',608178617556861021),
(664,66,'NULL','NULL','Gołębiowski sp. j.',NULL,6801595974,5719886625,740958209,'Herbert Loop 844','franciszka.cybulski@yahoo.com',554533518676083674),
(665,8,'NULL','NULL','Olszewski S.A.',NULL,3522440334,3328494379,814467398,'Ignacy Path 18220','pankracy.banasiak@yahoo.com',736567160897409798),
(666,2,'NULL','NULL','Gawlik-Gawlik',NULL,3342287935,5100701612,175591031,'Penelopa Village 856','eudokia.piłat@gmail.com',768822332070897017),
(667,50,'NULL','NULL','Winiarski-Winiarski',NULL,3273431536,3939609377,527697646,'Dróżdż Court 043','roland.maślanka@hotmail.com',129243718883617087),
(668,68,'NULL','NULL','Bogusz, Bogusz and Bogusz',NULL,1297699210,3091613136,532711278,'Ariadna Island 900','oliwier.broda@yahoo.com',234446011112727278),
(669,20,'NULL','NULL','Kalisz, Kalisz and Kalisz',NULL,6291934609,1054215569,475844929,'Duda Mount 41849','jakubina.molenda@gmail.com',142587501866952492),
(670,95,'NULL','NULL','Cholewa-Cholewa',NULL,1022054695,6177847903,497381694,'Kolasa Wells 7705','józefina.kuś@gmail.com',193352244609623183),
(671,99,'NULL','NULL','Kasperek-Kasperek',NULL,2648164014,3308945575,164070317,'Klara Inlet 6385','wacław.golec@hotmail.com',384615042767218066),
(672,31,'NULL','NULL','Wysocki-Wysocki',NULL,9350885540,3379781771,455272973,'Nikodem Creek 14560','ludwika.stec@gmail.com',965894796318388091),
(673,47,'NULL','NULL','Kaczmarczyk, Kaczmarczyk and Kaczmarczyk',NULL,6098033872,8325171695,753230926,'Elwira Forest 008','sybilla.miśkiewicz@hotmail.com',902574343190674807),
(674,88,'NULL','NULL','Kula-Kula',NULL,4944493129,9437133106,209723287,'Jaworski Lock 93473','klaudiusz.skibiński@gmail.com',533477969975574602),
(675,44,'NULL','NULL','Kaczmarczyk sp. z o.o.',NULL,5374443808,7099832152,277635982,'Eliasz Squares 472','filip.sienkiewicz@yahoo.com',268751417275464529),
(676,68,'NULL','NULL','Stasiak S.K.A.',NULL,9922439517,8315745855,681582797,'Majcher Roads 22870','rudolf.piekarski@hotmail.com',102132608082663769),
(677,84,'NULL','NULL','Kowalewski sp. j.',NULL,6560907282,1355471789,504229045,'Baranowski Fields 3105','ansgary.michalczyk@gmail.com',309689856813620728),
(678,73,'NULL','NULL','Witkowski, Witkowski and Witkowski',NULL,5404923614,8127219055,140503968,'Nowacki Dale 916','noemi.hajduk@gmail.com',561649792546567167),
(679,65,'NULL','NULL','Aleksandrowicz-Aleksandrowicz',NULL,6076614767,2575131766,845356192,'Michał Falls 110','dominik.skowronek@gmail.com',203915773935353269),
(680,15,'NULL','NULL','Piątek sp. j.',NULL,3432894632,1308696258,899623352,'Franciszek Ridge 3587','eleonora.kamiński@gmail.com',352349018359932282),
(681,86,'NULL','NULL','Mikulski sp.p.',NULL,4727722234,2922878027,351464608,'Wanesa Village 6507','eugeniusz.klimek@yahoo.com',951045996905670184),
(682,69,'NULL','NULL','Słowik sp.p.',NULL,2582589819,6797704257,340051701,'Brygida Hollow 63931','fabian.śliwa@gmail.com',551653997622702258),
(683,83,'NULL','NULL','Wróbel-Wróbel',NULL,4499121738,6113053303,158390351,'Klementyna Creek 9770','edgar.cebula@hotmail.com',809668796432735157),
(684,17,'NULL','NULL','Stępień, Stępień and Stępień',NULL,3512304826,5338793194,877739221,'Kula Trail 08718','laurenty.wrona@hotmail.com',121641699358037704),
(685,94,'NULL','NULL','Klimek, Klimek and Klimek',NULL,2256046702,3447331141,288540747,'Polak Harbor 69414','weronika.krukowski@yahoo.com',779113865885340462),
(686,65,'NULL','NULL','Książek S.A.',NULL,8127328586,4715555208,894390620,'Jędrzejczak Lakes 090','benedykt.słowik@hotmail.com',811414229322805861),
(687,32,'NULL','NULL','Radecki-Radecki',NULL,1110039043,6352204722,915263369,'Żuk Fort 6169','emil.ciszewski@gmail.com',832076419556294388),
(688,95,'NULL','NULL','Rybarczyk, Rybarczyk and Rybarczyk',NULL,9912977356,8725204579,845489371,'Zofia Fords 08308','marceli.kmieć@gmail.com',908811019743062540),
(689,93,'NULL','NULL','Żak sp.p.',NULL,8940390408,3200552783,414965090,'Jadwiga Ville 1718','elżbieta.stolarski@gmail.com',310274053516956067),
(690,21,'NULL','NULL','Wojtas-Wojtas',NULL,5827779966,8092829685,537417994,'Małgorzata Avenue 4931','adrian.mierzejewski@gmail.com',459018329487843706),
(691,93,'NULL','NULL','Romanowski, Romanowski and Romanowski',NULL,3000455279,1225569159,499327296,'Sobieraj Mountain 7389','cecylia.krukowski@hotmail.com',679868055634353137),
(692,67,'NULL','NULL','Buczek sp.p.',NULL,1308952507,3415018708,926020256,'Marek Island 9092','maksym.bielawski@yahoo.com',680252996936745157),
(693,32,'NULL','NULL','Frątczak, Frątczak and Frątczak',NULL,3258761963,9661154436,190381134,'Bazyli Garden 618','efrem.tomczyk@gmail.com',973706335974144004),
(694,68,'NULL','NULL','Tomczak, Tomczak and Tomczak',NULL,3501942149,8875949999,145435933,'Koza Plaza 728','eleazar.mielczarek@hotmail.com',149023729604346508),
(695,55,'NULL','NULL','Malinowski, Malinowski and Malinowski',NULL,8244342015,7607353338,905806112,'Filip Forges 9212','wincenty.nawrocki@hotmail.com',984147384356670216),
(696,53,'NULL','NULL','Stanek, Stanek and Stanek',NULL,6900697413,7992944926,630040532,'Strzelecki Cliffs 242','helena.przybyła@hotmail.com',603755180714022738),
(697,87,'NULL','NULL','Dąbrowski, Dąbrowski and Dąbrowski',NULL,8199022466,3201538518,475894498,'Kapusta Crest 5159','juliusz.michalik@yahoo.com',948195272917626519),
(698,47,'NULL','NULL','Lach sp.p.',NULL,1211115555,8483708526,797848654,'Adrian Drives 44264','franciszka.niedzielski@hotmail.com',672421133239870734),
(699,71,'NULL','NULL','Głogowski-Głogowski',NULL,6478662036,1441046127,379155794,'Kornel Flat 3022','gertruda.małecki@hotmail.com',146937378566033673),
(700,96,'NULL','NULL','Adamiak, Adamiak and Adamiak',NULL,2442573040,1657644588,980816761,'Ostrowski Ports 1645','sybilla.głowacki@hotmail.com',557460491866251315),
(701,89,'NULL','NULL','Ossowski sp. z o.o.',NULL,1966035399,6257264949,400150970,'Eleonora Pass 0006','róża.małecki@hotmail.com',498703648461794527),
(702,51,'NULL','NULL','Frączek-Frączek',NULL,1452518489,8903063876,250691328,'Karolina Mountains 071','gwido.zielonka@hotmail.com',260909309429795068),
(703,88,'NULL','NULL','Sowiński, Sowiński and Sowiński',NULL,4869864369,4882207005,167915625,'Gonsalwy Via 4670','angela.janiak@gmail.com',161252736530921885),
(704,54,'NULL','NULL','Kłos-Kłos',NULL,8801522576,7588481183,425573231,'Bieniek Lodge 678','piotr.tokarski@gmail.com',884215782354366010),
(705,96,'NULL','NULL','Włodarczyk, Włodarczyk and Włodarczyk',NULL,8507253924,9878602863,709647034,'Zagórski Falls 967','klara.suski@hotmail.com',123274130256105540),
(706,68,'NULL','NULL','Górniak sp.p.',NULL,5714014073,9128332194,296604074,'Herman Isle 1026','justyna.kubiak@gmail.com',613333794014582469),
(707,97,'NULL','NULL','Ratajczak S.A.',NULL,8102294166,5558329586,816901147,'Białkowski Turnpike 49304','jerzy.dziuba@gmail.com',521039384463505082),
(708,89,'NULL','NULL','Leśniewski-Leśniewski',NULL,9221144922,2770706999,742025294,'Ansgary Point 17436','jerzy.król@gmail.com',795479397447468503),
(709,51,'NULL','NULL','Drozd, Drozd and Drozd',NULL,1445784176,7613169378,460346962,'Makowski Brook 317','gilbert.witkowski@gmail.com',130100193414047582),
(710,48,'NULL','NULL','Woliński sp. z o.o.',NULL,9592009899,3875649832,645429907,'Rutkowski Estate 492','osmund.nowiński@yahoo.com',257963278174972392),
(711,65,'NULL','NULL','Szostak-Szostak',NULL,5648353681,2281302527,882187824,'Błażej Crossing 02870','gerald.tarnowski@hotmail.com',588510347276200863),
(712,57,'NULL','NULL','Woliński sp. j.',NULL,7976824058,5500336254,504834339,'Matuszak Turnpike 86157','melania.gaweł@hotmail.com',836951530027530749),
(713,73,'NULL','NULL','Sołtysiak, Sołtysiak and Sołtysiak',NULL,9709286689,4490094754,523245486,'Filip Run 6067','konstantyn.dróżdż@hotmail.com',806882845875584493),
(714,12,'NULL','NULL','Cieślak-Cieślak',NULL,2257517228,3939947813,779871530,'Chudzik Rapid 70356','ewelina.kozieł@yahoo.com',700016582244223078),
(715,57,'NULL','NULL','Kowalczuk, Kowalczuk and Kowalczuk',NULL,3845771962,8179502677,949237982,'Nazariusz Branch 6647','ruta.banaś@gmail.com',374632530037262608),
(716,61,'NULL','NULL','Skrzypek-Skrzypek',NULL,5137977921,1441289970,704626710,'Olaf Islands 464','aleksy.stępniak@hotmail.com',597948791902148731),
(717,17,'NULL','NULL','Lenart sp. k.',NULL,8826844484,4555229237,302294050,'Tobiasz Via 1744','abraham.matusiak@yahoo.com',426061474729693681),
(718,53,'NULL','NULL','Bober-Bober',NULL,8639489970,7642557012,110794133,'Daria Inlet 1566','sylwester.rogalski@gmail.com',909850821470140931),
(719,51,'NULL','NULL','Radecki, Radecki and Radecki',NULL,5567616911,6520857653,703646167,'Dina Hill 9255','maja.izdebski@hotmail.com',444108199142165790),
(720,33,'NULL','NULL','Borkowski-Borkowski',NULL,7344571355,5108072159,427501909,'Karczewski Highway 50424','dariusz.wolak@gmail.com',268006509906793054),
(721,84,'NULL','NULL','Kolasa S.K.A.',NULL,3688702404,2222240556,261976234,'Szwed Squares 4846','wacław.stolarczyk@gmail.com',320682408486064141),
(722,37,'NULL','NULL','Dudek, Dudek and Dudek',NULL,9821396295,9732252349,600870147,'Zając Expressway 31474','elwira.leszczyński@hotmail.com',464495758889463854),
(723,78,'NULL','NULL','Cieślik, Cieślik and Cieślik',NULL,4726906806,9587821415,222176588,'Biernat Crossing 946','gonsalwy.surma@hotmail.com',569257663729048208),
(724,96,'NULL','NULL','Adamowicz sp. k.',NULL,7693377485,8756823823,594077843,'Cichy Inlet 333','luiza.ślusarczyk@yahoo.com',669473610270561202),
(725,63,'NULL','NULL','Kaszuba sp. j.',NULL,5992905175,9596853008,302727699,'Penelopa Glen 0908','eliasz.sowiński@yahoo.com',203879733910362850),
(726,28,'NULL','NULL','Nawrot S.K.A.',NULL,2966847600,7465559699,758584838,'Nadzieja Underpass 694','august.lasota@yahoo.com',356842055686916205),
(727,9,'NULL','NULL','Pietrzak sp. z o.o.',NULL,6329504881,8467872461,791202069,'Pluta Knoll 1158','ambroży.stępień@gmail.com',219528213822038276),
(728,26,'NULL','NULL','Misztal, Misztal and Misztal',NULL,9669341903,1412802484,834235379,'Lucja Knoll 4890','nestor.frątczak@gmail.com',286110673629796442),
(729,28,'NULL','NULL','Żebrowski-Żebrowski',NULL,6328436860,9214280769,802529901,'Klara Hill 47666','porfiriusz.jaśkiewicz@hotmail.com',152883202466809241),
(730,22,'NULL','NULL','Gołębiowski S.K.A.',NULL,8441839196,3342702950,593344410,'Pankracy Greens 29334','justyn.sławiński@yahoo.com',165837958685397890),
(731,20,'NULL','NULL','Misztal sp.p.',NULL,9119856930,4844183431,924982037,'Koralia Rapid 89858','monika.tomczak@yahoo.com',197336245734202862),
(732,71,'NULL','NULL','Szafrański-Szafrański',NULL,7040221606,1752492540,522523316,'Franciszka Lodge 409','bibiana.kaleta@yahoo.com',716747539079530303),
(733,57,'NULL','NULL','Lipka, Lipka and Lipka',NULL,8360463729,7392810160,950356116,'Flis Plaza 59296','nadzieja.łuczak@yahoo.com',154531698301343432),
(734,52,'NULL','NULL','Rogala, Rogala and Rogala',NULL,3394613072,7531372138,781615601,'Szulc Vista 12568','walter.golec@yahoo.com',946387342536218252),
(735,29,'NULL','NULL','Lesiak-Lesiak',NULL,5077460170,3114304014,441238693,'Ewa Flat 409','dorota.więckowski@yahoo.com',582190713789251070),
(736,30,'NULL','NULL','Sochacki sp.p.',NULL,9996222947,4420802992,252856639,'Florek Prairie 7137','władysław.bieńkowski@gmail.com',866046100049734227),
(737,18,'NULL','NULL','Czerniak sp. k.',NULL,1027330801,4223240937,251854394,'Polikarp Pike 204','ilona.ptak@yahoo.com',485772737893408167),
(738,74,'NULL','NULL','Jurkiewicz, Jurkiewicz and Jurkiewicz',NULL,1564087784,3960974012,797900213,'Gonsalwy Centers 971','hilarion.krawiec@hotmail.com',781036644635623525),
(739,74,'NULL','NULL','Sitek, Sitek and Sitek',NULL,8699146015,2663693860,894290890,'Igor Falls 484','bernard.głowacki@gmail.com',470782660832958599),
(740,2,'NULL','NULL','Szwarc sp. j.',NULL,7973958448,5187231331,545148122,'Dębowski Court 35187','franciszek.pietras@hotmail.com',968775030512858246),
(741,97,'NULL','NULL','Burzyński-Burzyński',NULL,4884869023,4754773923,613328613,'Greta Field 2982','edward.bielak@yahoo.com',705686556256560882),
(742,19,'NULL','NULL','Gałązka sp. k.',NULL,2428504880,8604960469,676643779,'Teresa Crest 83157','walenty.szafrański@gmail.com',412431519455006098),
(743,62,'NULL','NULL','Golec, Golec and Golec',NULL,7471592516,5875770777,403241544,'Mateusz Expressway 62563','samson.bednarczyk@gmail.com',812256267615783201),
(744,83,'NULL','NULL','Molenda-Molenda',NULL,8050970653,4400976949,297016859,'Szczęsna Avenue 7668','eudoksja.karczewski@gmail.com',341086639947074788),
(745,93,'NULL','NULL','Stępniak-Stępniak',NULL,1951957190,5455513588,455629983,'Apollinary Trace 645','mikołaj.paluch@hotmail.com',650081370716777329),
(746,60,'NULL','NULL','Stanek sp. k.',NULL,1183080289,2887280047,956145617,'Owczarek Points 484','dionizy.janowski@yahoo.com',590245920716449101),
(747,77,'NULL','NULL','Adamus S.K.A.',NULL,7567924044,3774667088,657908101,'Rudolf Drives 6430','aleksander.piasecki@yahoo.com',188265278266615786),
(748,50,'NULL','NULL','Borek sp.p.',NULL,9572537019,6973394855,211715711,'Aleksandra Mills 18172','natan.adamek@yahoo.com',391048365457309915),
(749,18,'NULL','NULL','Sikora-Sikora',NULL,7169181024,3284866661,255364655,'Greta Cove 0997','weronika.majchrzak@hotmail.com',878821613664022188),
(750,25,'NULL','NULL','Wyszyński sp. j.',NULL,7729157200,4778200128,375011144,'Alan Forges 1112','ernest.pilarski@yahoo.com',821397196464100299),
(751,68,'NULL','NULL','Góra sp. k.',NULL,4056579137,1186402536,627011174,'Łucja Flat 463','julita.kuc@yahoo.com',628579208763173596),
(752,60,'NULL','NULL','Kłos, Kłos and Kłos',NULL,2597844832,1514986813,111632928,'Pankracy Grove 3760','alwar.bogucki@gmail.com',132864884560241151),
(753,74,'NULL','NULL','Kuczyński, Kuczyński and Kuczyński',NULL,3368255547,4440576115,317661888,'Chojnacki Drive 081','ksawera.olszewski@gmail.com',946374846515068225),
(754,78,'NULL','NULL','Borowski S.K.A.',NULL,6351615705,5020813065,239194301,'Artur Island 40284','natan.rzepka@yahoo.com',988405664130747829),
(755,17,'NULL','NULL','Kołodziej-Kołodziej',NULL,5667915324,9771932566,868071682,'Tacjana Gardens 1419','marceli.andrzejewski@gmail.com',613046229018535089),
(756,48,'NULL','NULL','Kozieł, Kozieł and Kozieł',NULL,9114829766,4091155095,393283134,'Anna Inlet 86453','arkadiusz.malec@hotmail.com',878720656723593990),
(757,3,'NULL','NULL','Domagała, Domagała and Domagała',NULL,5690878729,3309649636,401700141,'Tekla Row 61776','agnieszka.włodarczyk@hotmail.com',795957754270833630),
(758,76,'NULL','NULL','Błaszczyk-Błaszczyk',NULL,1239570094,3476350108,642313381,'Reginald Mountain 5035','konstantyn.rudziński@hotmail.com',920200695085849466),
(759,84,'NULL','NULL','Socha, Socha and Socha',NULL,8504530398,3296707293,102483837,'Laura Prairie 75491','antonina.radecki@hotmail.com',264600483278425827),
(760,57,'NULL','NULL','Żurek, Żurek and Żurek',NULL,4960623531,2157974064,792674926,'Demetriusz Pine 35426','maria.stefaniak@yahoo.com',412935136551297821),
(761,43,'NULL','NULL','Kaszuba sp. k.',NULL,3083390856,1585337558,534461229,'Eleazar Valley 5802','damian.popławski@hotmail.com',277577777731385038),
(762,46,'NULL','NULL','Wojciechowski, Wojciechowski and Wojciechowski',NULL,8338168428,6040954210,421942757,'Liliana Corner 4322','laura.hajduk@yahoo.com',565218489014118356),
(763,33,'NULL','NULL','Stępniak, Stępniak and Stępniak',NULL,3676220243,4894650586,955371036,'Janiszewski Brook 412','nikodem.rudziński@gmail.com',804522572452073541),
(764,17,'NULL','NULL','Zagórski-Zagórski',NULL,9303561862,7282013869,800625531,'Rosiak Road 479','oliwier.bąk@gmail.com',100228034725502604),
(765,24,'NULL','NULL','Biernat-Biernat',NULL,5065613763,3939402189,835147399,'Michalina Alley 709','juliusz.szczepański@yahoo.com',568599876964286077),
(766,88,'NULL','NULL','Marzec-Marzec',NULL,5440578209,5867727192,271481420,'Rudzki Point 648','karolina.lenart@hotmail.com',373402142459547471),
(767,84,'NULL','NULL','Panek, Panek and Panek',NULL,4468754092,9730795867,916320163,'Kaczmarek Flats 566','efraim.pluta@hotmail.com',645586870103490902),
(768,39,'NULL','NULL','Bielski-Bielski',NULL,3814233148,7664771479,264699746,'Popławski Meadow 3245','pantaleon.misztal@yahoo.com',881695682989985376),
(769,91,'NULL','NULL','Kozioł, Kozioł and Kozioł',NULL,8946965547,6853740495,166638686,'Natan Island 6588','zachariasz.cygan@gmail.com',536042217627134513),
(770,73,'NULL','NULL','Wysocki, Wysocki and Wysocki',NULL,5270607759,8584484208,438692428,'Robert Dam 1771','hubert.jasiński@gmail.com',642352069234370606),
(771,47,'NULL','NULL','Cygan, Cygan and Cygan',NULL,1648402225,4593270200,143236534,'Skowroński Haven 98177','walentyna.gołąb@hotmail.com',811032448751461377),
(772,41,'NULL','NULL','Sowiński sp. k.',NULL,4136883738,4148492749,378912598,'Patrycja Ranch 4460','florencja.młynarczyk@gmail.com',709732439035231627),
(773,14,'NULL','NULL','Janusz, Janusz and Janusz',NULL,6053472058,8400849676,724783339,'Laskowski Roads 84554','rudolf.suski@yahoo.com',502893575345643991),
(774,94,'NULL','NULL','Molenda, Molenda and Molenda',NULL,4106357594,7152602270,848728877,'Rufina Pike 51619','marianna.kaszuba@hotmail.com',160400440117086824),
(775,70,'NULL','NULL','Kaleta-Kaleta',NULL,2404178216,3826653389,258545174,'Kozieł Parkway 422','greta.kwiatkowski@hotmail.com',303453711849103306),
(776,56,'NULL','NULL','Kołodziej sp. j.',NULL,8357635289,7705418654,258154160,'Michalczyk Views 0082','sara.długosz@hotmail.com',163263570983614636),
(777,67,'NULL','NULL','Kaniewski-Kaniewski',NULL,7941745465,1344395848,644762018,'Wiącek Spurs 108','roderyk.skóra@gmail.com',726022175280187778),
(778,34,'NULL','NULL','Fijałkowski sp.p.',NULL,3144745197,9441006394,780918027,'Kołodziejski Pine 3884','michalina.rogalski@gmail.com',895517139140405910),
(779,30,'NULL','NULL','Małecki-Małecki',NULL,9854747073,2031104392,598847187,'Dorota Valley 79075','gonsalwy.kołodziejski@gmail.com',330064888959946003),
(780,66,'NULL','NULL','Rak sp. z o.o.',NULL,6883769266,2265768714,774937984,'Erwin Prairie 084','rebeka.stachowicz@yahoo.com',197352373750998778),
(781,49,'NULL','NULL','Łukasiewicz-Łukasiewicz',NULL,6945705086,9231208513,997434565,'Filemon Rue 292','edward.murawski@hotmail.com',973673543732443748),
(782,53,'NULL','NULL','Zych, Zych and Zych',NULL,1644091817,1030518248,785382860,'Estera Plain 44019','weronika.sowiński@yahoo.com',431503338068989449),
(783,25,'NULL','NULL','Paluch-Paluch',NULL,7098789801,9801457149,244411615,'Jagielski Cliff 7124','ryszard.kasprzak@yahoo.com',793788465955131606),
(784,13,'NULL','NULL','Pawlak, Pawlak and Pawlak',NULL,6477278015,6707076460,726764326,'Witkowski Heights 96080','florencja.suski@hotmail.com',317576267901165670),
(785,49,'NULL','NULL','Jaśkiewicz sp. z o.o.',NULL,8975369000,1065788257,544876739,'Kobus Well 4473','renata.karaś@hotmail.com',452488626468774427),
(786,99,'NULL','NULL','Polak S.K.A.',NULL,9245044482,4466889497,870656664,'Adam Plaza 0348','modest.stachowicz@hotmail.com',626023884932486884),
(787,7,'NULL','NULL','Cybulski-Cybulski',NULL,2567526302,6352953597,293184345,'Arkadiusz Village 582','alicja.filipowicz@gmail.com',808227781718392969),
(788,21,'NULL','NULL','Kmieć, Kmieć and Kmieć',NULL,7879409207,8356120643,897248586,'Kołodziejczyk Ford 49933','irma.słowiński@yahoo.com',950697423134557622),
(789,18,'NULL','NULL','Tarnowski sp. k.',NULL,4572235776,5109644795,555541327,'Korneli Corners 843','koralia.sosnowski@hotmail.com',998471296535494892),
(790,63,'NULL','NULL','Czerniak S.A.',NULL,1500217897,4294887052,430445501,'Laurentyna Garden 53628','natan.wilk@yahoo.com',601189815546248106),
(791,56,'NULL','NULL','Zwoliński S.A.',NULL,8627472845,7924015742,631802155,'Bibianna Viaduct 809','jeremi.sikora@hotmail.com',411877967862744601),
(792,94,'NULL','NULL','Wojciechowski sp. k.',NULL,4255299524,1382027024,447124635,'Prokles View 143','laurenty.wieczorek@yahoo.com',552152219972766017),
(793,46,'NULL','NULL','Wrona-Wrona',NULL,2910470870,7448786115,400254269,'Staszewski Plains 0955','wilhelm.jagielski@gmail.com',753343022142567052),
(794,56,'NULL','NULL','Pakuła S.K.A.',NULL,2148035854,6389122013,954260351,'Kalistrat Terrace 756','angela.pietrzyk@hotmail.com',495818239052030686),
(795,55,'NULL','NULL','Chmura sp. k.',NULL,2722780895,7813407702,799764048,'Stelmach Port 16559','zygmunt.wyszyński@hotmail.com',588577807241113377),
(796,81,'NULL','NULL','Owczarek-Owczarek',NULL,4560810163,8574636113,640152074,'Dąbkowski Dale 7431','melania.kaczmarczyk@gmail.com',972102079113660705),
(797,15,'NULL','NULL','Różański, Różański and Różański',NULL,4525337915,4127176709,465282172,'Onufry Mission 73114','wilfryd.niemiec@gmail.com',173231335188439442),
(798,29,'NULL','NULL','Zieliński sp. j.',NULL,9200871654,2631605756,898452570,'Szwed Lane 714','alan.łapiński@hotmail.com',785057227064748062),
(799,82,'NULL','NULL','Ratajczak-Ratajczak',NULL,1573161256,2483179193,738090150,'Patrycja Pike 246','klaudiusz.osiński@gmail.com',489189796263991575),
(800,12,'NULL','NULL','Szymański, Szymański and Szymański',NULL,9860598777,5471336311,297739291,'Edgar Pines 635','krzysztof.frąckowiak@yahoo.com',472213777398719710),
(801,52,'NULL','NULL','Rakowski sp. k.',NULL,2154429681,5065483977,255512865,'Orzechowski Mall 99426','korneli.bielawski@gmail.com',290670024235145507),
(802,29,'NULL','NULL','Olejnik, Olejnik and Olejnik',NULL,8330980483,2744974860,351502654,'Daniel Cliff 1156','cyrus.dominiak@hotmail.com',306069031113027346),
(803,72,'NULL','NULL','Trzeciak-Trzeciak',NULL,7649742224,1590758447,201482148,'Andrzej Walks 67423','juliusz.wilczek@yahoo.com',899289014316380001),
(804,67,'NULL','NULL','Żebrowski-Żebrowski',NULL,9386949619,3855263758,973492667,'Knapik Extension 8731','walter.wilk@hotmail.com',716279970619251270),
(805,88,'NULL','NULL','Kostecki, Kostecki and Kostecki',NULL,6273070297,7637922397,453576522,'Filemon Tunnel 98231','leon.kruszewski@yahoo.com',778650867192841662),
(806,64,'NULL','NULL','Kozak-Kozak',NULL,8041470315,1523239612,897602676,'Kowalczyk Glen 613','romeo.tkaczyk@gmail.com',441538692476391705),
(807,80,'NULL','NULL','Lis-Lis',NULL,1862243517,9315535219,312079109,'Kornelia Isle 554','antoni.kostrzewa@gmail.com',531617625354623154),
(808,47,'NULL','NULL','Słowik sp. k.',NULL,8425615626,3889753253,674726293,'Wróblewski Squares 224','teodora.urbański@gmail.com',573867370968478838),
(809,87,'NULL','NULL','Rojek-Rojek',NULL,2487292749,3897686797,253085852,'Henryk Parks 097','walenty.sadowski@hotmail.com',656944758167991888),
(810,30,'NULL','NULL','Chojnowski S.K.A.',NULL,6503004985,8918134263,616738405,'Justyn Alley 93750','walerian.kowalczuk@gmail.com',310769661909079582),
(811,37,'NULL','NULL','Prus-Prus',NULL,9997912721,2638964914,853994548,'Szwed Squares 74164','laurencjusz.michalczyk@hotmail.com',584605976509045083),
(812,5,'NULL','NULL','Rutkowski-Rutkowski',NULL,1786235351,8738591635,919389112,'Makowski Radial 81274','wiktoria.osiński@hotmail.com',845152729877810491),
(813,39,'NULL','NULL','Milewski-Milewski',NULL,4813598778,5810779332,201426609,'Gajda Station 5605','anatol.pawlik@gmail.com',534585366352021168),
(814,63,'NULL','NULL','Adamus sp. k.',NULL,8492803629,5474682089,564556672,'Henryk Plaza 981','makary.biernat@gmail.com',767976540895625456),
(815,95,'NULL','NULL','Pałka S.A.',NULL,8562284802,7329149219,255059682,'Kaczmarski Meadows 56237','leila.drabik@yahoo.com',944310529522867689),
(816,93,'NULL','NULL','Rak sp.p.',NULL,9398984408,2224755525,752647138,'Agaton Locks 3386','helena.brzeziński@hotmail.com',511605000151175662),
(817,37,'NULL','NULL','Pietruszka S.A.',NULL,7967211022,9438924513,589687564,'Lewicki Mountains 650','olga.sieradzki@gmail.com',425526906836655014),
(818,26,'NULL','NULL','Marchewka-Marchewka',NULL,6026962507,2189273535,212152725,'Erast Isle 170','łucja.karaś@yahoo.com',378768467731564070),
(819,76,'NULL','NULL','Kłos, Kłos and Kłos',NULL,2541742387,8739648380,234921964,'Dawid Squares 9477','larysa.dąbkowski@yahoo.com',526483493852306367),
(820,97,'NULL','NULL','Głąb, Głąb and Głąb',NULL,9258489294,3536116363,548407657,'Rogalski Flat 65790','adrian.kucharczyk@hotmail.com',504063287401298473),
(821,67,'NULL','NULL','Kuciński-Kuciński',NULL,3047342874,6029543361,284396692,'Gabriel Junctions 8160','ilona.porębski@yahoo.com',788355621818254404),
(822,60,'NULL','NULL','Stępień-Stępień',NULL,4734572829,3830919616,733588062,'Konstanty Dam 22652','izolda.rosa@gmail.com',810797633220510194),
(823,9,'NULL','NULL','Augustyniak, Augustyniak and Augustyniak',NULL,1679695177,3765581003,212110113,'Rudnicki Plaza 552','izajasz.marciniak@gmail.com',771008024844877016),
(824,25,'NULL','NULL','Grochowski-Grochowski',NULL,4852031382,5844221840,713652716,'Salwator Plains 4626','liliana.lisiecki@yahoo.com',100352741841419942),
(825,61,'NULL','NULL','Michałek, Michałek and Michałek',NULL,3169521211,2092143211,787351290,'Innocenty Well 45010','emil.bilski@hotmail.com',134237809406555929),
(826,29,'NULL','NULL','Skrzypczak S.K.A.',NULL,6419584198,4502956349,259070550,'Urbański Lights 20040','rajmund.nowaczyk@hotmail.com',435285021197206418),
(827,76,'NULL','NULL','Baran, Baran and Baran',NULL,6422278093,2969192642,635149798,'Osiński Junctions 7895','nikola.maćkowiak@gmail.com',108762138707203378),
(828,86,'NULL','NULL','Grabowski, Grabowski and Grabowski',NULL,8549902454,1405695384,606152062,'Urbanowicz Bridge 33785','klarencjusz.kłos@gmail.com',179548690495790049),
(829,9,'NULL','NULL','Frątczak sp.p.',NULL,1498140264,6625829511,484680613,'Jurkiewicz Island 4139','oleg.andrzejewski@yahoo.com',556676452624506116),
(830,71,'NULL','NULL','Kasperek-Kasperek',NULL,9447980218,8460855699,390295569,'Kmieć Rapid 45335','demetriusz.jagodziński@hotmail.com',822087388114729571),
(831,53,'NULL','NULL','Czerwiński-Czerwiński',NULL,7066338266,5308337194,944490474,'Julita Circles 6931','lilia.bieńkowski@yahoo.com',861401461578021887),
(832,88,'NULL','NULL','Kubiak, Kubiak and Kubiak',NULL,6433170381,9702837424,405571155,'Pawlik Route 245','pelagia.krawczyk@yahoo.com',982056710608548013),
(833,66,'NULL','NULL','Balcerzak-Balcerzak',NULL,4071688621,5699676514,108240789,'Bednarek Stravenue 35869','ada.musiał@yahoo.com',168263180455437836),
(834,79,'NULL','NULL','Kowalczuk S.K.A.',NULL,8722195057,8846550702,526888210,'Jankowiak Harbors 703','marek.kowalczyk@yahoo.com',939244353060150797),
(835,97,'NULL','NULL','Bąk S.A.',NULL,3236095542,6018708472,646409996,'Nawrot Lights 7666','marianna.urbański@hotmail.com',503442057450612092),
(836,79,'NULL','NULL','Bartnik sp. j.',NULL,6557281765,7619950067,392397701,'Rak Mission 598','krystian.leśniak@gmail.com',257495931024226499),
(837,84,'NULL','NULL','Zych-Zych',NULL,9430363593,1821408809,430313986,'Flis Pass 194','leila.urbanek@hotmail.com',955937928475877502),
(838,69,'NULL','NULL','Dobrzyński sp. j.',NULL,5600187007,7261907379,284144459,'Ossowski Gardens 284','laurencjusz.kulesza@yahoo.com',118822558743601328),
(839,55,'NULL','NULL','Lis-Lis',NULL,4702792544,1359427283,858862542,'Serafin Canyon 033','jerzy.zalewski@gmail.com',300350409395581075),
(840,43,'NULL','NULL','Tarnowski, Tarnowski and Tarnowski',NULL,7676245657,4832556646,264068579,'Jankowski Brook 5403','konstantyn.gajewski@yahoo.com',653145126537780552),
(841,27,'NULL','NULL','Kolasa sp. k.',NULL,9504528128,1532780858,467949239,'Jóźwiak Way 777','archibald.lis@hotmail.com',848939298468944404),
(842,82,'NULL','NULL','Konieczny, Konieczny and Konieczny',NULL,2567573011,9953395245,927185198,'Warchoł Point 612','witalis.sawicki@hotmail.com',323796875825308223),
(843,81,'NULL','NULL','Warchoł, Warchoł and Warchoł',NULL,4457678153,1805614881,870812209,'Ignacy Overpass 3897','magnus.czekaj@yahoo.com',888954514461446483),
(844,82,'NULL','NULL','Kasprzak, Kasprzak and Kasprzak',NULL,6658319095,3874087105,339415919,'Agata Hills 647','barbara.kula@yahoo.com',480690278169903059),
(845,76,'NULL','NULL','Kozioł S.K.A.',NULL,2602515904,5556676073,826382321,'Rufina Union 692','julita.majewski@yahoo.com',423291593686968216),
(846,59,'NULL','NULL','Stawicki sp.p.',NULL,4458169208,5765395846,992681245,'Cieślak Trace 1643','ada.grzybowski@yahoo.com',532233409493067692),
(847,92,'NULL','NULL','Florczak sp. j.',NULL,8052044613,7285885551,173352634,'Marchewka Springs 1420','julian.kurek@yahoo.com',115896841421418889),
(848,52,'NULL','NULL','Malinowski-Malinowski',NULL,3195966630,3587594454,186823643,'Lach Brook 79974','regina.ziółkowski@yahoo.com',184468432827053954),
(849,36,'NULL','NULL','Rusin-Rusin',NULL,3399650153,6602325039,568269638,'Mrozek Skyway 718','patrycja.szatkowski@gmail.com',381485518526287399),
(850,31,'NULL','NULL','Nowakowski sp. z o.o.',NULL,1354535464,6852947897,762647971,'Anatol Centers 184','stefan.kowalczyk@gmail.com',969279339632914544),
(851,36,'NULL','NULL','Strzelczyk, Strzelczyk and Strzelczyk',NULL,4022151107,1337349116,634490040,'Ida Stravenue 22238','erwin.szczygieł@gmail.com',740517526186572607),
(852,14,'NULL','NULL','Zawada-Zawada',NULL,7931180436,4233923733,752558223,'Helena Flat 507','oliwia.antczak@hotmail.com',107124175430080407),
(853,68,'NULL','NULL','Frątczak, Frątczak and Frątczak',NULL,2425699168,2679497849,757432154,'Paulina Stream 3948','gloria.zaręba@hotmail.com',944284601730104051),
(854,51,'NULL','NULL','Wiącek-Wiącek',NULL,1421175496,1034378298,619640340,'Śliwa Expressway 1649','eugeniusz.kuciński@yahoo.com',931083841866736903),
(855,92,'NULL','NULL','Dudzik-Dudzik',NULL,9887009873,1566137210,469547894,'Lis Alley 65387','nina.prus@gmail.com',874150309072133955),
(856,81,'NULL','NULL','Kapusta S.A.',NULL,1251474340,9550238054,767583361,'Zachary Fork 7878','wirginia.kowalczyk@yahoo.com',935495991694118423),
(857,14,'NULL','NULL','Zdunek sp. k.',NULL,6320182106,7392450397,293138171,'Liliana Rue 072','arystarch.zdunek@hotmail.com',375052178612165505),
(858,13,'NULL','NULL','Stachurski sp. z o.o.',NULL,6826864324,2989770995,325424660,'Dariusz Key 403','stanisław.augustyniak@gmail.com',458116180261970113),
(859,95,'NULL','NULL','Ciesielski, Ciesielski and Ciesielski',NULL,9650773213,8616260968,802728610,'Górniak Haven 4783','dina.kowal@hotmail.com',160525893509289190),
(860,81,'NULL','NULL','Makowski sp. z o.o.',NULL,9203080132,5091095081,185589456,'Edwin Manors 652','kamila.nowacki@gmail.com',948850752596223491),
(861,69,'NULL','NULL','Mazurek, Mazurek and Mazurek',NULL,7713413004,3855217298,128086035,'Kosowski Branch 182','noemi.gruszka@hotmail.com',390903301544830802),
(862,47,'NULL','NULL','Błaszczak, Błaszczak and Błaszczak',NULL,3363349315,7167670596,144688800,'Ksawery Parkway 28319','onufry.adamski@yahoo.com',871284485108938040),
(863,26,'NULL','NULL','Miller-Miller',NULL,2752400768,8039310055,760303600,'Serafina Motorway 117','brygida.podgórski@gmail.com',898299014626567289),
(864,1,'NULL','NULL','Łukaszewski-Łukaszewski',NULL,3859252489,2949217446,222719893,'Konstanty Alley 1777','dorota.wrona@hotmail.com',509064815589255616),
(865,31,'NULL','NULL','Kopczyński S.K.A.',NULL,3893433478,6253461479,465207127,'Wawrzyniec Land 04807','zuzanna.izdebski@hotmail.com',762933922463280775),
(866,73,'NULL','NULL','Białkowski, Białkowski and Białkowski',NULL,2549006438,6574663307,182930396,'Kostecki Ridges 8802','eliza.napierała@hotmail.com',249840739608758830),
(867,85,'NULL','NULL','Kalisz-Kalisz',NULL,7002495862,4764683646,284957488,'Polak Shore 5574','rufina.cichoń@gmail.com',870267104395903480),
(868,4,'NULL','NULL','Król-Król',NULL,6225545989,4260072775,795355039,'Buczyński Plaza 6621','fryderyk.maciąg@hotmail.com',405731829968238741),
(869,91,'NULL','NULL','Knapik-Knapik',NULL,8005643327,3640917951,635820840,'Ruciński Brooks 1967','polikarp.jędrzejczak@hotmail.com',894575931841308483),
(870,21,'NULL','NULL','Krukowski sp. z o.o.',NULL,4848237437,2550157954,480214621,'Kaczmarek Divide 43094','noemi.wojtczak@yahoo.com',429524697129024558),
(871,83,'NULL','NULL','Mazurek-Mazurek',NULL,1209830182,5407214760,822701711,'Eudokia Highway 74691','jadwiga.łuczak@yahoo.com',379110873766904623),
(872,90,'NULL','NULL','Banasik-Banasik',NULL,4740992960,8324550429,976045730,'Hubert Place 5569','miron.barański@hotmail.com',573724606980915264),
(873,65,'NULL','NULL','Leśniak-Leśniak',NULL,9021622196,6259348828,219261657,'Burzyński Manors 4542','józefina.dudziński@yahoo.com',273308834245685517),
(874,11,'NULL','NULL','Trojanowski-Trojanowski',NULL,7449475983,7989039603,494758071,'Aleksandra Village 03778','cezary.mielczarek@hotmail.com',270975340353558346),
(875,24,'NULL','NULL','Drabik-Drabik',NULL,9425036108,2021466247,928803189,'Tracz Ramp 1374','zachary.koza@yahoo.com',196268343590354813),
(876,14,'NULL','NULL','Jankowiak S.A.',NULL,4496388976,5168123132,409017260,'Konrad Isle 8460','oliwia.sitek@yahoo.com',138248762472627931),
(877,38,'NULL','NULL','Sikora-Sikora',NULL,1595418671,3430998565,307409823,'Roksana Cliffs 877','kornel.gajewski@gmail.com',514630416388736913),
(878,19,'NULL','NULL','Leśniewski, Leśniewski and Leśniewski',NULL,6403862755,6266739364,982694176,'Ada Burgs 14267','filipa.sobolewski@hotmail.com',112381281243470993),
(879,32,'NULL','NULL','Sitek sp.p.',NULL,7721201025,8373878803,712554843,'Dominiak Radial 5412','stanisław.piotrowicz@gmail.com',131110824530061118),
(880,43,'NULL','NULL','Kuś, Kuś and Kuś',NULL,7584982951,1358270949,216743374,'Klara Ways 57555','polikarp.kaczmarski@hotmail.com',702312418773703772),
(881,83,'NULL','NULL','Szczepanik sp. j.',NULL,9747425114,5639646675,815535035,'Kuc Ramp 0583','roman.murawski@gmail.com',331395180122862429),
(882,56,'NULL','NULL','Lis-Lis',NULL,6693163711,7750930983,259308324,'Dobrowolski Crossroad 27912','krystyna.gawroński@gmail.com',830194055864377752),
(883,19,'NULL','NULL','Szczęsna S.A.',NULL,1306224339,9025524491,456249441,'Bąk Crescent 3467','maria.czapla@gmail.com',933237842595807066),
(884,60,'NULL','NULL','Kacprzak, Kacprzak and Kacprzak',NULL,9495250394,6623612004,224060733,'Beatrycze Village 84076','efraim.siedlecki@hotmail.com',490041187066244313),
(885,49,'NULL','NULL','Cybulski, Cybulski and Cybulski',NULL,5933127467,6302216791,646549564,'Kaleta Heights 5903','efrem.wojtasik@gmail.com',783601863751332634),
(886,50,'NULL','NULL','Kita-Kita',NULL,7167317904,3099872394,807854110,'Pietras Station 3893','borys.ratajczak@hotmail.com',777428580978349705),
(887,96,'NULL','NULL','Misiak, Misiak and Misiak',NULL,4010988851,3015803761,640858065,'Michałek Highway 10593','leila.karpiński@yahoo.com',473106727477410567),
(888,49,'NULL','NULL','Kot-Kot',NULL,4144170180,3376878229,324751331,'Natan Branch 01127','aleksandra.więckowski@yahoo.com',221747798967857374),
(889,27,'NULL','NULL','Pietruszka S.K.A.',NULL,2435486278,4894460137,101083297,'Gabriela Estate 8523','agnieszka.panek@gmail.com',986395928457040766),
(890,57,'NULL','NULL','Partyka sp. z o.o.',NULL,8770348236,7578623108,686881642,'Skóra Drives 6604','estera.adamczak@yahoo.com',821874462706041540),
(891,8,'NULL','NULL','Kowalczuk-Kowalczuk',NULL,8462767293,2339472776,847983894,'Włodarczyk Parkways 55985','monika.bielecki@yahoo.com',818930281049113643),
(892,23,'NULL','NULL','Mika S.K.A.',NULL,6304242635,2774062659,834058042,'Skiba Cape 8350','ewa.molenda@hotmail.com',491367895757945723),
(893,42,'NULL','NULL','Kurowski, Kurowski and Kurowski',NULL,4867390136,8165207103,712387302,'Rajnold Extensions 381','dawid.kołodziejski@hotmail.com',817857198494959625),
(894,10,'NULL','NULL','Graczyk-Graczyk',NULL,1599315945,1209380346,290931752,'Małgorzata Mill 74913','jonatan.jagodziński@gmail.com',821494763356551787),
(895,26,'NULL','NULL','Smoliński sp.p.',NULL,8974363460,5791292377,178035035,'Zawadzki Crossroad 187','oskar.kasprzyk@yahoo.com',113374760116966925),
(896,48,'NULL','NULL','Malec-Malec',NULL,7398590751,9871598806,326568363,'Gertruda Streets 4241','lea.stelmach@gmail.com',221124269024603446),
(897,33,'NULL','NULL','Sobczyk sp. k.',NULL,5884379373,4335148898,766106170,'Sebastian Forest 6554','alina.miller@yahoo.com',292526087873626619),
(898,18,'NULL','NULL','Bogusz S.K.A.',NULL,3739005527,2536406556,417918931,'Helena Islands 5764','franciszek.bielski@hotmail.com',167026449512475964),
(899,49,'NULL','NULL','Szymkowiak sp.p.',NULL,2515155032,6526950881,435371266,'Ambroży Creek 453','agata.karpiński@yahoo.com',469270387603298591),
(900,48,'NULL','NULL','Zagórski-Zagórski',NULL,1932266745,6198414139,105992778,'Tamara Mill 8557','nikodem.tomczak@gmail.com',609750935184190804),
(901,6,'NULL','NULL','Gołąb sp. z o.o.',NULL,7101618858,1467873302,934322725,'Polikarp Ports 242','kazimierz.cebula@hotmail.com',388283371345268047),
(902,58,'NULL','NULL','Chmiel-Chmiel',NULL,4884098822,9626712059,803647411,'Wroński Springs 379','justyn.milewski@gmail.com',240599570057534952),
(903,61,'NULL','NULL','Bober, Bober and Bober',NULL,9583832380,5701239950,579065319,'Łapiński Cove 8781','ida.lesiak@yahoo.com',230816634250415247),
(904,42,'NULL','NULL','Panek-Panek',NULL,8712893328,7286473139,706864899,'Tracz Branch 90698','galfryd.twardowski@hotmail.com',468154126762038515),
(905,76,'NULL','NULL','Piasecki S.K.A.',NULL,3015752972,7248235737,154319216,'Larysa Brook 71551','korneliusz.sobczyk@gmail.com',312371816858482413),
(906,54,'NULL','NULL','Adamowicz S.K.A.',NULL,1451995795,6552660156,689305291,'Alan Mountain 4404','konrad.lewandowski@hotmail.com',780937179923825701),
(907,7,'NULL','NULL','Komorowski-Komorowski',NULL,3000309120,9199488080,742943754,'Lis Road 65974','sylwester.dobrowolski@gmail.com',710902847914590386),
(908,14,'NULL','NULL','Rosiński sp. k.',NULL,7966785584,9884659081,804969510,'Maria Circle 9838','aaron.bąkowski@gmail.com',810729473379925203),
(909,44,'NULL','NULL','Żebrowski, Żebrowski and Żebrowski',NULL,2687182033,2401397426,666111620,'Prokul Greens 7274','szymon.brzozowski@gmail.com',665796205502033992),
(910,18,'NULL','NULL','Dudek sp. k.',NULL,2639526167,6216755758,578857409,'Hanna Grove 8758','hieronim.malicki@gmail.com',925960434615144717),
(911,38,'NULL','NULL','Żyła-Żyła',NULL,5742387883,2527914747,331560201,'Ksenia Loop 26328','artur.młynarczyk@gmail.com',700637943382507710),
(912,17,'NULL','NULL','Woźniak, Woźniak and Woźniak',NULL,2939313894,9228382741,454077545,'Kurek Port 911','eleonora.marek@yahoo.com',465919728804907679),
(913,92,'NULL','NULL','Kłos S.A.',NULL,5135109689,5871534300,983137015,'Ryszard Views 88923','magnus.koza@hotmail.com',623889851694016239),
(914,44,'NULL','NULL','Janiszewski-Janiszewski',NULL,9445188059,6649353065,331114300,'Guzik Ramp 5037','zoe.kołodziejski@gmail.com',649528913020082335),
(915,20,'NULL','NULL','Winiarski, Winiarski and Winiarski',NULL,1764836668,5176842164,505743443,'Majewski Station 787','damian.suski@yahoo.com',134676300413766103),
(916,87,'NULL','NULL','Kłosowski sp.p.',NULL,4104332040,9167678435,333780848,'Hilary Pass 521','kornel.michalak@yahoo.com',609562123691750183),
(917,49,'NULL','NULL','Chudzik-Chudzik',NULL,4199118493,8983803919,717887139,'Porfiry Trace 1866','oskar.lis@yahoo.com',916336153241781235),
(918,85,'NULL','NULL','Karpiński S.A.',NULL,5389699830,1786386228,221282663,'Kwaśniewski Pike 3508','walentyn.grzegorczyk@hotmail.com',820122867812473816),
(919,21,'NULL','NULL','Kozioł, Kozioł and Kozioł',NULL,8869128872,8698966988,314570140,'Rebeka Mount 01815','demetriusz.borkowski@hotmail.com',629999018017300587),
(920,34,'NULL','NULL','Kaniewski sp.p.',NULL,9824254508,1025492767,303784884,'Żyła Village 2745','wiktor.żyła@yahoo.com',760924150340112574),
(921,56,'NULL','NULL','Zdunek-Zdunek',NULL,9901594036,4150323182,517432292,'Niedźwiecki Walks 685','tacjana.borek@yahoo.com',176654370829176784),
(922,54,'NULL','NULL','Markiewicz sp.p.',NULL,2135148412,6407190998,701376872,'Marek Crossroad 523','wiktor.witek@hotmail.com',675263975676275762),
(923,28,'NULL','NULL','Pawlak S.A.',NULL,3112277742,1799001315,581382186,'Bujak Unions 73658','igor.kaczmarek@yahoo.com',440420058301518524),
(924,41,'NULL','NULL','Zarzycki-Zarzycki',NULL,1846070061,2483818872,343370083,'Prokles Row 99585','kornel.kowalewski@yahoo.com',258779492670706627),
(925,80,'NULL','NULL','Kula, Kula and Kula',NULL,7494943251,9078267751,299200395,'Władysław Islands 34250','demetriusz.kisiel@gmail.com',643117736041489801),
(926,81,'NULL','NULL','Maślanka-Maślanka',NULL,7739513949,5164263892,363337654,'Karolina Forks 140','rajmund.drabik@hotmail.com',881808401516355839),
(927,78,'NULL','NULL','Krysiak S.K.A.',NULL,8551050104,6113938466,701710801,'Luiza Tunnel 269','maria.osiński@gmail.com',774852117705789615),
(928,39,'NULL','NULL','Markowski sp. z o.o.',NULL,6721441140,6253721114,889789412,'Malicki Curve 15754','melania.zaremba@gmail.com',878414094296172159),
(929,81,'NULL','NULL','Kalisz, Kalisz and Kalisz',NULL,3110946919,2457250645,381820919,'Panek Alley 264','krzysztof.baran@gmail.com',359283253585122350),
(930,93,'NULL','NULL','Adamczak, Adamczak and Adamczak',NULL,3644302395,4762645091,634455571,'Marciniak Mountain 71672','arkadiusz.kuliński@yahoo.com',423793072356872512),
(931,56,'NULL','NULL','Sowa, Sowa and Sowa',NULL,8504002177,7731329163,139787529,'Wiącek Way 305','eugenia.żyła@gmail.com',521601179408051462),
(932,92,'NULL','NULL','Mikulski sp. j.',NULL,8382224435,4422912226,232310314,'Lilianna Ramp 7280','teodora.puchalski@yahoo.com',276286879119107210),
(933,79,'NULL','NULL','Pilarski-Pilarski',NULL,6274571189,5489204871,149258103,'Aida Roads 3008','adelajda.dębski@hotmail.com',675471411516998187),
(934,35,'NULL','NULL','Kowalewski sp. k.',NULL,5108862179,4972896927,337406265,'Alan Forge 2629','laurentyna.kalinowski@gmail.com',303655285703041613),
(935,55,'NULL','NULL','Łuczak sp.p.',NULL,3367293497,3161330791,530483477,'Galfryd Haven 4165','olaf.frąckowiak@hotmail.com',555350826149056800),
(936,22,'NULL','NULL','Frączek sp. j.',NULL,5791701770,5414546456,421387565,'Bieniek Extension 5126','patrycja.nowakowski@yahoo.com',374288119425095464),
(937,62,'NULL','NULL','Mazurkiewicz S.K.A.',NULL,2431114277,4139854619,111070049,'Sochacki Gateway 9643','pantaleon.nawrocki@hotmail.com',991479282851827229),
(938,64,'NULL','NULL','Niedźwiecki, Niedźwiecki and Niedźwiecki',NULL,2988436384,2544696102,973052907,'Bruno Skyway 461','samson.urbanowicz@gmail.com',717752758504672903),
(939,57,'NULL','NULL','Bielawski S.A.',NULL,4873664719,3825084376,868005788,'Konstantyn Falls 251','efrem.bednarczyk@hotmail.com',444446659640482362),
(940,86,'NULL','NULL','Musiał, Musiał and Musiał',NULL,4103803420,6526728834,358958788,'Smoliński Crossroad 6774','wawrzyniec.bilski@yahoo.com',554975408426439710),
(941,97,'NULL','NULL','Kuś-Kuś',NULL,5200935170,5893406836,361920957,'Antczak Spring 191','gerazym.adamczyk@yahoo.com',414121002736471322),
(942,59,'NULL','NULL','Mazur-Mazur',NULL,2821383833,5335673625,334048154,'Witkowski View 2224','witalis.kalinowski@gmail.com',269753885660302260),
(943,28,'NULL','NULL','Niedźwiecki S.A.',NULL,9760621158,7458302177,853364895,'Gadomski Via 83777','tamara.gruszczyński@gmail.com',596891642444533146),
(944,41,'NULL','NULL','Wnuk S.A.',NULL,7172590664,2489028857,566901214,'Klemens Way 6134','eliasz.sochacki@hotmail.com',265946471690472721),
(945,58,'NULL','NULL','Skóra-Skóra',NULL,4806734989,6339664655,686114856,'Feliks Extension 23567','kornelia.ruciński@hotmail.com',571602806895014556),
(946,15,'NULL','NULL','Dec, Dec and Dec',NULL,9971415827,7968981354,291525109,'Gabriel Ridge 917','sylwester.juszczak@yahoo.com',782074089640786676),
(947,39,'NULL','NULL','Nowakowski-Nowakowski',NULL,9206913019,5014415942,765986349,'Sybilla Curve 08709','magdalena.falkowski@gmail.com',275213581040900983),
(948,7,'NULL','NULL','Zakrzewski-Zakrzewski',NULL,5096147181,1735596133,963399063,'Hubert Stream 4334','samuel.flis@gmail.com',250739494964050543),
(949,31,'NULL','NULL','Kowal-Kowal',NULL,2550632898,5862588708,905381956,'Ziółkowski Village 1408','szymon.bogucki@hotmail.com',508658027686910157),
(950,87,'NULL','NULL','Rzepka-Rzepka',NULL,5412158807,7349013709,775838985,'Sitek Heights 51834','ferdynanda.izdebski@gmail.com',693677386072291153),
(951,58,'NULL','NULL','Jóźwiak, Jóźwiak and Jóźwiak',NULL,4472365613,8574468103,457812433,'Prokles Parkways 7462','alfred.łukasiewicz@gmail.com',961206156851169558),
(952,88,'NULL','NULL','Bielski, Bielski and Bielski',NULL,7790536588,3215321203,384920786,'Tekla Hollow 5106','reginald.kubicki@yahoo.com',146880049476196545),
(953,41,'NULL','NULL','Sobczyk-Sobczyk',NULL,9669875854,7273204507,415964368,'Maja Lake 0848','rozalia.dąbek@yahoo.com',962341786656261356),
(954,23,'NULL','NULL','Bednarski-Bednarski',NULL,5053212287,8058058991,592857810,'Herbert Junction 973','teodora.chmielewski@hotmail.com',475998995804284965),
(955,79,'NULL','NULL','Witczak-Witczak',NULL,4046229727,1252190736,258512138,'Czajka Stream 88263','klementyna.wojtczak@hotmail.com',282324005544830653),
(956,25,'NULL','NULL','Juszczak-Juszczak',NULL,1572022302,3654686342,381627753,'Kwiecień Inlet 816','gerald.małek@yahoo.com',767947345312074137),
(957,50,'NULL','NULL','Stachura-Stachura',NULL,9260135888,8233499577,120993793,'Górski Village 11850','krystian.olejniczak@hotmail.com',931985169504101526),
(958,43,'NULL','NULL','Kowalewski-Kowalewski',NULL,1207556700,1550142831,950930686,'Molenda Passage 335','liliana.modzelewski@yahoo.com',843556644681259721),
(959,87,'NULL','NULL','Stawicki-Stawicki',NULL,7075922039,6107951380,613325505,'Wiktoria Lake 11118','leon.adamek@gmail.com',752781697130772973),
(960,45,'NULL','NULL','Woźniak S.A.',NULL,3341019614,9031637320,636508781,'Jastrzębski Trafficway 875','bibianna.winiarski@gmail.com',221581586286625687),
(961,82,'NULL','NULL','Gałka, Gałka and Gałka',NULL,4727224867,8493637187,758994211,'Leila Centers 75307','artur.wolski@yahoo.com',395554890640436956),
(962,19,'NULL','NULL','Leśniak-Leśniak',NULL,3693303658,3528998493,607510710,'Banach Ports 3102','izabela.marcinkowski@hotmail.com',229041376939257286),
(963,87,'NULL','NULL','Wolny-Wolny',NULL,1494419979,9016289746,927469930,'Drozd Plain 46564','herman.molenda@hotmail.com',166745961908520721),
(964,97,'NULL','NULL','Konieczna, Konieczna and Konieczna',NULL,8816592547,8728476549,878192484,'Klara Islands 403','andżelika.woliński@yahoo.com',706447435002508488),
(965,43,'NULL','NULL','Tokarski-Tokarski',NULL,9923330177,8145507265,181109979,'Jerzy Road 8619','estera.frankowski@yahoo.com',723230934642157158),
(966,30,'NULL','NULL','Florczak-Florczak',NULL,5062648218,2581248955,778937651,'Niemiec Grove 53842','spirydion.paluch@yahoo.com',831483706386607008),
(967,34,'NULL','NULL','Szulc, Szulc and Szulc',NULL,7068835016,6720962777,606141591,'Wilhelmina Mill 33166','marek.kruszewski@gmail.com',974898354296239894),
(968,49,'NULL','NULL','Radomski, Radomski and Radomski',NULL,9317108310,6417979901,308322761,'Sylwia Villages 446','konrad.gaweł@hotmail.com',185313652082670699),
(969,62,'NULL','NULL','Zabłocki, Zabłocki and Zabłocki',NULL,2899596476,6452497399,120304894,'Kozioł Via 6922','feliks.kotowski@gmail.com',662760765619759257),
(970,20,'NULL','NULL','Jędrzejczak, Jędrzejczak and Jędrzejczak',NULL,6317021876,1684537882,315016962,'Sitek Loop 189','patrycja.lech@yahoo.com',861354147378543239),
(971,57,'NULL','NULL','Muszyński S.A.',NULL,7388328373,5801293407,931579019,'Graczyk Spurs 134','nikola.janik@yahoo.com',695514092811172417),
(972,11,'NULL','NULL','Kubicki sp. j.',NULL,5428566038,8394613425,870512976,'Malinowski Union 048','walenty.sikorski@gmail.com',974479008383624520),
(973,33,'NULL','NULL','Czajkowski-Czajkowski',NULL,6994014959,8622929050,569075472,'Grzegorczyk Landing 5443','wiktoria.malinowski@gmail.com',134468880583299035),
(974,61,'NULL','NULL','Jakubiak sp. k.',NULL,4361480658,8242800562,717737864,'Nadzieja Forges 45134','marceli.gawroński@gmail.com',886599982195692924),
(975,88,'NULL','NULL','Bielecki, Bielecki and Bielecki',NULL,6162480623,7203001269,854115979,'Filipek Stravenue 44199','rajnold.krysiak@yahoo.com',281066044513830798),
(976,71,'NULL','NULL','Bielski-Bielski',NULL,1338918595,9781453250,737929360,'Pawlikowski Tunnel 3015','feliks.różański@hotmail.com',479072300987821548),
(977,1,'NULL','NULL','Kaczor-Kaczor',NULL,5160280355,4488337106,866810692,'Krzemiński Haven 0358','elwira.grochowski@yahoo.com',202923166440745942),
(978,47,'NULL','NULL','Przybysz-Przybysz',NULL,6436781042,3931444503,645765825,'Prokop Ville 428','wirginia.staniszewski@hotmail.com',463217265335669381),
(979,43,'NULL','NULL','Węgrzyn, Węgrzyn and Węgrzyn',NULL,2640708573,7995161724,441551385,'Alina Forge 74486','ksenofont.skowronek@gmail.com',812943751264065528),
(980,14,'NULL','NULL','Szyszka, Szyszka and Szyszka',NULL,7452662768,5146060925,703871702,'Eudoksja Mission 52640','demetriusz.piotrowski@hotmail.com',867404265682559081),
(981,94,'NULL','NULL','Rogalski S.K.A.',NULL,6262207327,2767760497,644994252,'Korneli Drive 382','nina.zalewski@yahoo.com',276817361895610134),
(982,21,'NULL','NULL','Wroński, Wroński and Wroński',NULL,1611197937,5352143597,648477144,'Wiącek Spur 029','teodora.adamski@yahoo.com',400332439898287484),
(983,64,'NULL','NULL','Strzelecki, Strzelecki and Strzelecki',NULL,1118111510,3057496205,307892987,'Kulesza Centers 35379','cecyliusz.marciniak@hotmail.com',819636576065794145),
(984,37,'NULL','NULL','Matusiak S.A.',NULL,3051230431,5239488689,534684597,'Florian Trail 83299','teodora.wróblewski@hotmail.com',385461508753794525),
(985,70,'NULL','NULL','Brzozowski-Brzozowski',NULL,6136051682,8557920654,745510650,'Szymczak Square 76678','tamara.król@hotmail.com',939539128922545476),
(986,57,'NULL','NULL','Sławiński sp.p.',NULL,7260783668,6141780081,688852073,'Konstantyn Mall 346','adrian.korzeniowski@yahoo.com',269115422723049226),
(987,49,'NULL','NULL','Bukowski-Bukowski',NULL,3953129458,9696155697,432028755,'Michałowski Place 89168','izydor.sławiński@gmail.com',946618934909290971),
(988,29,'NULL','NULL','Florczak S.A.',NULL,4186417243,7445295356,253071549,'Luiza Spur 3440','walerian.marciniak@yahoo.com',440479169503697773),
(989,87,'NULL','NULL','Guzik sp. z o.o.',NULL,2113167802,5418145472,359784153,'Lilia Brooks 6601','jozue.stefański@yahoo.com',398661221744770087),
(990,57,'NULL','NULL','Urbańczyk, Urbańczyk and Urbańczyk',NULL,2658933507,9698608410,395424635,'Ksawera Trail 0494','roderyk.augustyn@yahoo.com',805420649137899301),
(991,24,'NULL','NULL','Kacprzak S.K.A.',NULL,1174849474,4886522595,330641987,'Góra Pine 42159','kornelia.gil@hotmail.com',737347994748919655),
(992,97,'NULL','NULL','Głogowski, Głogowski and Głogowski',NULL,2179106042,4046563130,324454021,'Jagiełło Underpass 2622','ferdynanda.bujak@hotmail.com',302162912295040550),
(993,69,'NULL','NULL','Kacprzak-Kacprzak',NULL,1442469314,6971692643,139951881,'Waleria Points 625','klemens.kołodziejski@hotmail.com',789673572101359019),
(994,7,'NULL','NULL','Kujawski-Kujawski',NULL,8293571979,9726008879,917266355,'Świerczyński Lodge 4585','zachariasz.milczarek@gmail.com',471674123520827572),
(995,79,'NULL','NULL','Zarzycki S.K.A.',NULL,3322297494,8266985401,717940497,'Michalski Cape 6687','marceli.mrozek@gmail.com',971479069762398462),
(996,77,'NULL','NULL','Niewiadomski-Niewiadomski',NULL,9692428349,3012898040,492361573,'Sroka Flats 78899','wanesa.wrona@hotmail.com',228413627944310922),
(997,88,'NULL','NULL','Ratajczak S.A.',NULL,9347016293,3915031832,567794543,'Żyła Dam 6204','franciszek.królikowski@gmail.com',567221370745629590),
(998,64,'NULL','NULL','Adamus-Adamus',NULL,4954370408,7544074275,280942879,'Mazurkiewicz Curve 205','porfiriusz.malicki@yahoo.com',823221422624616271),
(999,27,'NULL','NULL','Mikulski S.A.',NULL,9848211188,4426819814,316008088,'Dobrzyński Stream 60272','liza.stachowiak@gmail.com',544679619931977036),
(1000,91,'NULL','NULL','Stachurski-Stachurski',NULL,3897741512,6239375754,775706079,'Jakub Station 67053','nazary.czechowski@gmail.com',998920446620988469);

INSERT INTO Długi
VALUES 
(1,930,144,618001.89,'2016-06-28','2017-08-14',561.74,'PLN',66001.35),
(2,701,63,524724.71,'2016-08-02','2017-08-01',628.41,'PLN',68836.29),
(3,587,72,609503.42,'2016-03-09','2017-01-01',401.7,'PLN',4244.73),
(4,801,120,267935.25,'2016-07-28','2017-03-05',972.39,'PLN',40979.3),
(5,724,461,945175.72,'2016-02-17','2017-09-18',928.38,'PLN',97368.23),
(6,751,329,942284.09,'2016-05-19','2017-10-26',304.19,'PLN',25081.02),
(7,916,214,343606.68,'2016-01-21','2017-06-23',960.81,'PLN',55306.46),
(8,536,187,49644.85,'2016-10-18','2017-11-18',961.46,'PLN',69960.64),
(9,774,111,760920.76,'2016-10-30','2017-02-12',395.35,'PLN',98909.89),
(10,906,372,154788.85,'2015-12-27','2017-08-11',115.29,'PLN',94492.92),
(11,900,145,875181.39,'2016-09-13','2017-05-12',873.01,'PLN',44612.1),
(12,979,24,183167.61,'2016-06-12','2017-08-24',280.01,'PLN',95277.43),
(13,609,331,733815.58,'2016-09-30','2017-02-20',112.07,'PLN',19856.61),
(14,884,387,414353.5,'2016-03-11','2017-03-10',478.63,'PLN',94727.6),
(15,990,277,133505.9,'2015-11-29','2017-07-27',857.71,'PLN',86050.19),
(16,528,429,948106.07,'2016-10-17','2017-07-05',562.81,'PLN',78661.03),
(17,609,430,677943.76,'2016-05-29','2017-07-08',768.18,'PLN',61532.26),
(18,823,48,842855.31,'2016-09-27','2017-05-23',226.4,'PLN',42882.74),
(19,570,211,178585.87,'2016-04-02','2017-11-11',519.15,'PLN',87147.72),
(20,748,76,392999.65,'2016-07-08','2017-08-13',385.0,'PLN',23037.96),
(21,633,188,127000.65,'2016-05-25','2017-03-12',963.47,'PLN',61483.12),
(22,951,447,121776.61,'2016-02-26','2017-08-18',822.06,'PLN',21171.42),
(23,500,420,374663.87,'2016-05-09','2017-08-30',333.05,'PLN',91673.72),
(24,913,197,20556.07,'2016-10-09','2017-07-06',322.83,'PLN',65965.17),
(25,783,371,906994.07,'2016-03-03','2017-09-20',212.61,'PLN',58911.73),
(26,696,24,363259.49,'2016-09-14','2017-09-05',932.83,'PLN',51537.13),
(27,558,396,693174.67,'2016-06-10','2017-07-18',352.1,'PLN',85383.69),
(28,764,229,66215.64,'2016-02-09','2017-08-13',486.19,'PLN',91967.76),
(29,919,14,31769.75,'2016-03-03','2017-08-03',315.19,'PLN',11337.42),
(30,897,103,49103.3,'2016-05-18','2017-06-07',151.7,'PLN',5382.29),
(31,614,209,594379.14,'2016-02-14','2016-12-28',485.66,'PLN',47326.85),
(32,538,397,381751.58,'2015-12-11','2017-03-20',440.81,'PLN',2451.26),
(33,707,325,495552.47,'2016-03-09','2017-06-12',71.57,'PLN',57405.63),
(34,617,21,174400.15,'2016-02-06','2017-01-17',911.83,'PLN',99582.18),
(35,540,137,186888.9,'2015-12-10','2017-06-02',459.29,'PLN',54137.92),
(36,914,150,185631.8,'2016-03-29','2017-07-01',688.17,'PLN',6860.2),
(37,764,386,786761.1,'2016-04-06','2017-03-09',574.84,'PLN',45767.72),
(38,868,357,982549.13,'2016-06-06','2017-03-20',886.43,'PLN',54956.14),
(39,762,202,614303.71,'2016-01-08','2017-09-29',809.45,'PLN',69735.43),
(40,889,223,191857.07,'2016-07-02','2017-07-07',120.99,'PLN',23754.9),
(41,533,332,197278.84,'2016-07-18','2017-09-17',559.66,'PLN',74953.24),
(42,810,49,928356.92,'2016-09-04','2017-10-16',416.99,'PLN',18367.95),
(43,987,50,868182.86,'2016-08-31','2017-09-14',518.87,'PLN',77848.45),
(44,752,217,879001.07,'2016-10-11','2017-02-14',122.47,'PLN',5478.36),
(45,575,12,251417.3,'2016-05-27','2017-01-04',538.1,'PLN',14156.53),
(46,710,48,755940.28,'2016-03-10','2017-04-16',762.81,'PLN',74627.17),
(47,719,15,476560.05,'2016-10-01','2017-02-09',148.12,'PLN',39793.46),
(48,865,152,911166.65,'2016-11-18','2017-08-13',226.94,'PLN',25085.08),
(49,638,272,828794.78,'2016-01-20','2016-12-08',703.21,'PLN',99859.41),
(50,867,7,828161.23,'2016-10-05','2017-07-14',214.92,'PLN',99363.43),
(51,627,238,767227.78,'2016-04-09','2017-10-10',568.78,'PLN',84923.47),
(52,877,101,972571.88,'2016-07-12','2017-08-20',510.19,'PLN',89203.79),
(53,862,462,805337.23,'2016-06-24','2017-08-24',830.7,'PLN',28212.07),
(54,829,160,94305.13,'2016-11-12','2017-07-13',367.29,'PLN',29045.51),
(55,935,306,655014.02,'2016-08-23','2017-10-08',653.7,'PLN',66170.97),
(56,546,367,527497.39,'2016-10-10','2017-07-26',127.31,'PLN',65505.8),
(57,662,305,286623.94,'2016-10-21','2017-09-25',659.17,'PLN',88093.73),
(58,764,426,332717.07,'2016-10-21','2016-11-30',88.22,'PLN',49317.0),
(59,718,106,152256.69,'2016-10-22','2017-11-09',529.84,'PLN',38106.91),
(60,597,302,267300.49,'2016-08-10','2017-01-11',665.96,'PLN',38450.99),
(61,801,296,757800.19,'2016-04-09','2017-04-08',479.36,'PLN',4775.25),
(62,767,316,555129.92,'2015-12-14','2017-08-08',985.02,'PLN',27820.57),
(63,950,186,51706.36,'2016-05-12','2017-07-24',249.11,'PLN',39937.33),
(64,504,402,256225.33,'2016-01-27','2017-08-08',233.12,'PLN',31983.28),
(65,560,152,724278.23,'2016-01-05','2017-09-19',913.0,'PLN',89105.33),
(66,645,416,709384.31,'2016-01-02','2017-07-28',404.91,'PLN',42682.59),
(67,769,229,481073.06,'2016-07-30','2017-06-27',982.71,'PLN',90859.65),
(68,928,165,37721.27,'2015-12-02','2017-02-17',443.34,'PLN',62847.4),
(69,833,99,667431.16,'2016-05-03','2017-03-30',111.53,'PLN',12142.31),
(70,915,442,67273.22,'2016-02-29','2017-01-23',264.95,'PLN',82830.02),
(71,565,81,278434.13,'2015-11-25','2017-06-27',94.49,'PLN',30200.38),
(72,767,283,212988.75,'2016-08-16','2016-12-10',726.29,'PLN',13198.88),
(73,861,57,389515.84,'2015-12-28','2017-06-07',855.4,'PLN',50153.38),
(74,866,418,934219.83,'2016-05-18','2016-12-31',254.29,'PLN',21311.49),
(75,570,50,387718.63,'2016-08-04','2017-10-26',698.68,'PLN',59756.36),
(76,926,455,253476.71,'2016-05-13','2017-08-17',621.69,'PLN',36179.14),
(77,813,79,72031.91,'2016-07-25','2017-05-24',284.14,'PLN',69903.09),
(78,752,163,567524.33,'2016-05-13','2017-06-07',201.35,'PLN',87794.35),
(79,523,423,723497.52,'2016-05-06','2017-03-15',557.56,'PLN',70761.04),
(80,535,147,559042.3,'2016-09-04','2017-07-07',979.66,'PLN',33127.55),
(81,784,211,621740.21,'2016-02-22','2017-03-02',237.97,'PLN',49153.09),
(82,603,452,439869.02,'2015-12-24','2017-02-16',649.17,'PLN',91409.68),
(83,865,30,204288.9,'2016-09-17','2017-01-31',424.5,'PLN',62898.03),
(84,563,417,23500.26,'2016-09-14','2017-09-11',234.29,'PLN',66102.29),
(85,894,301,128562.57,'2016-02-19','2017-01-30',441.17,'PLN',52294.87),
(86,772,143,234833.59,'2016-07-18','2017-09-19',931.77,'PLN',70117.06),
(87,813,22,903595.75,'2016-03-27','2017-09-16',187.81,'PLN',87783.59),
(88,788,101,619269.33,'2016-11-06','2017-04-15',168.47,'PLN',94381.96),
(89,862,23,509567.6,'2016-03-18','2017-04-28',7.8,'PLN',6037.47),
(90,944,493,211115.21,'2016-05-21','2017-10-24',294.5,'PLN',67760.94),
(91,529,461,517911.01,'2016-02-05','2017-01-26',420.98,'PLN',74340.01),
(92,675,121,762852.7,'2016-08-31','2017-07-27',838.05,'PLN',48619.79),
(93,624,147,663284.9,'2016-03-09','2017-01-10',0.21,'PLN',45071.95),
(94,862,497,822183.63,'2016-01-21','2017-11-03',851.39,'PLN',64990.58),
(95,831,135,600881.31,'2016-08-03','2017-04-01',194.62,'PLN',18481.65),
(96,850,164,472847.98,'2016-09-04','2017-05-11',573.12,'PLN',81322.25),
(97,718,345,708541.82,'2016-05-14','2016-12-10',20.88,'PLN',22634.61),
(98,637,449,728088.61,'2016-10-20','2017-05-20',422.44,'PLN',15215.41),
(99,999,389,262878.09,'2015-11-21','2016-12-26',255.64,'PLN',44535.76),
(100,974,164,582223.66,'2016-04-27','2017-06-17',224.51,'PLN',57324.06),
(101,774,300,132058.96,'2016-08-28','2017-08-25',67.85,'PLN',5890.7),
(102,713,435,586131.37,'2016-09-03','2017-08-14',543.79,'PLN',61767.62),
(103,900,347,285170.32,'2016-06-09','2017-01-09',929.27,'PLN',70819.63),
(104,789,380,516575.69,'2016-02-08','2017-11-03',73.43,'PLN',72931.37),
(105,517,386,919011.51,'2016-07-10','2017-05-02',134.54,'PLN',1060.62),
(106,895,227,257130.91,'2016-06-25','2017-05-01',193.81,'PLN',37443.92),
(107,863,486,847934.03,'2016-04-10','2017-04-12',349.11,'PLN',36796.22),
(108,500,234,400077.68,'2015-12-01','2017-01-09',72.23,'PLN',17405.1),
(109,517,285,990790.67,'2016-02-15','2017-06-13',284.03,'PLN',78210.37),
(110,503,454,313993.15,'2016-03-16','2017-10-02',28.06,'PLN',72598.33),
(111,733,418,321310.21,'2016-01-28','2017-09-25',870.92,'PLN',74229.96),
(112,533,479,500850.28,'2016-05-22','2017-02-09',334.27,'PLN',15456.11),
(113,754,192,524160.46,'2016-02-23','2016-12-18',178.69,'PLN',90628.23),
(114,744,56,989308.55,'2016-02-01','2017-05-13',165.98,'PLN',62957.86),
(115,627,31,818723.87,'2016-08-02','2017-07-03',775.55,'PLN',29764.75),
(116,917,188,277466.09,'2016-09-18','2017-05-31',40.73,'PLN',14424.35),
(117,700,265,976049.62,'2016-11-13','2016-12-21',295.26,'PLN',8709.46),
(118,855,495,948694.52,'2016-05-20','2017-09-17',822.45,'PLN',73332.99),
(119,965,382,461703.39,'2016-05-25','2016-11-29',616.39,'PLN',71345.84),
(120,970,85,538305.54,'2016-07-24','2017-04-16',182.62,'PLN',4813.66),
(121,514,410,888192.63,'2016-03-02','2016-11-26',306.06,'PLN',13270.96),
(122,769,287,526596.73,'2016-09-22','2017-06-12',327.08,'PLN',78394.74),
(123,674,169,555390.39,'2016-05-17','2016-12-28',816.95,'PLN',35907.74),
(124,990,485,475490.63,'2016-09-29','2017-11-18',805.63,'PLN',87854.12),
(125,767,51,795826.76,'2016-10-17','2017-10-19',356.78,'PLN',18217.71),
(126,689,50,311277.21,'2015-12-16','2017-08-09',324.25,'PLN',66690.34),
(127,892,286,123986.53,'2015-12-01','2017-02-18',373.94,'PLN',749.68),
(128,857,417,585104.31,'2016-01-18','2016-11-26',676.01,'PLN',28763.93),
(129,885,420,814680.11,'2015-12-15','2017-07-09',221.23,'PLN',17482.94),
(130,934,237,215702.85,'2016-08-19','2017-01-06',196.76,'PLN',59069.27),
(131,974,450,505333.49,'2016-02-08','2016-12-18',771.33,'PLN',86020.87),
(132,937,365,735424.99,'2016-04-17','2017-09-09',535.38,'PLN',59382.59),
(133,871,372,730459.46,'2016-04-23','2017-04-28',563.59,'PLN',76163.77),
(134,944,270,421051.66,'2016-10-03','2017-11-05',6.25,'PLN',17691.54),
(135,896,350,953863.53,'2016-10-31','2016-11-20',460.91,'PLN',20737.12),
(136,912,97,894887.19,'2016-03-22','2017-04-09',362.38,'PLN',18847.32),
(137,930,123,665058.88,'2016-03-05','2017-07-23',788.66,'PLN',10774.37),
(138,760,165,829558.88,'2016-04-19','2017-06-02',493.19,'PLN',46790.19),
(139,699,34,451124.67,'2016-10-18','2017-09-20',514.79,'PLN',29750.91),
(140,695,330,281491.91,'2016-10-07','2017-06-26',309.28,'PLN',45984.54),
(141,740,139,643709.34,'2016-02-28','2017-05-22',210.43,'PLN',28538.4),
(142,930,90,913419.83,'2016-11-07','2017-07-25',929.48,'PLN',11359.76),
(143,746,202,173104.26,'2016-02-12','2017-11-03',305.26,'PLN',24096.68),
(144,984,339,945378.66,'2016-05-31','2017-07-09',231.33,'PLN',62088.31),
(145,969,97,637286.43,'2016-07-14','2017-11-06',519.63,'PLN',20642.59),
(146,989,241,96468.11,'2016-03-12','2017-02-19',866.62,'PLN',24942.66),
(147,690,228,313576.43,'2016-09-16','2017-05-26',317.59,'PLN',2133.23),
(148,592,79,46294.35,'2015-12-11','2017-09-25',976.98,'PLN',7757.65),
(149,921,349,903995.48,'2016-04-08','2016-12-05',780.61,'PLN',29373.42),
(150,714,18,55346.54,'2016-03-03','2017-10-26',72.43,'PLN',82685.37),
(151,716,369,212683.02,'2016-07-15','2017-08-19',451.08,'PLN',93905.1),
(152,733,466,337647.78,'2016-05-01','2017-01-16',856.82,'PLN',22464.51),
(153,563,257,704654.16,'2016-02-16','2017-07-14',438.01,'PLN',34058.74),
(154,555,212,576897.84,'2016-11-03','2017-03-28',199.24,'PLN',40836.25),
(155,775,360,989967.58,'2016-07-09','2017-01-30',414.03,'PLN',6144.88),
(156,725,91,618907.09,'2016-02-13','2017-03-02',959.31,'PLN',80524.39),
(157,599,51,715786.55,'2016-08-05','2017-04-07',63.8,'PLN',25736.15),
(158,584,215,858482.08,'2016-03-14','2017-07-16',976.62,'PLN',68856.83),
(159,754,357,131091.67,'2015-12-29','2017-06-18',67.9,'PLN',50338.19),
(160,996,142,168024.51,'2016-05-04','2016-12-13',231.2,'PLN',22141.4),
(161,564,476,714755.67,'2016-03-20','2017-10-31',824.99,'PLN',65470.12),
(162,864,43,387945.37,'2016-09-25','2017-02-02',971.49,'PLN',25318.63),
(163,781,100,727429.6,'2016-09-08','2017-09-21',826.28,'PLN',61273.33),
(164,712,163,415624.38,'2016-10-15','2017-03-04',490.59,'PLN',43199.62),
(165,822,327,361145.1,'2016-08-13','2017-06-26',902.69,'PLN',46239.6),
(166,792,29,789957.33,'2016-09-24','2016-12-22',208.65,'PLN',33757.08),
(167,536,247,317795.48,'2016-10-15','2017-03-07',464.01,'PLN',38497.41),
(168,519,37,372676.25,'2016-07-07','2017-01-24',790.74,'PLN',32472.75),
(169,519,388,148611.9,'2016-06-12','2017-02-17',342.73,'PLN',3318.11),
(170,702,321,275444.09,'2016-08-02','2017-09-25',194.76,'PLN',59654.8),
(171,512,489,531479.89,'2016-04-19','2017-06-26',942.08,'PLN',68100.83),
(172,894,414,573357.27,'2016-07-15','2016-11-21',802.33,'PLN',69923.75),
(173,764,292,851430.8,'2015-12-18','2017-06-18',68.58,'PLN',43068.16),
(174,830,306,580816.2,'2016-10-29','2017-02-25',138.56,'PLN',14725.67),
(175,804,381,981851.72,'2015-12-11','2017-06-04',103.6,'PLN',7252.03),
(176,619,52,544837.46,'2016-01-06','2017-03-15',132.5,'PLN',24766.56),
(177,976,92,39950.12,'2016-06-06','2017-03-25',36.85,'PLN',85071.76),
(178,767,198,533735.68,'2016-03-23','2017-07-11',410.52,'PLN',39672.03),
(179,529,384,109721.04,'2016-01-10','2017-07-11',346.43,'PLN',38904.35),
(180,556,377,65696.68,'2016-10-20','2017-04-24',748.27,'PLN',16961.53),
(181,852,159,489163.09,'2016-04-06','2017-11-05',765.88,'PLN',37519.07),
(182,878,51,632116.59,'2016-03-28','2017-10-20',534.68,'PLN',41586.46),
(183,961,249,925683.98,'2016-11-13','2017-10-23',627.9,'PLN',29096.88),
(184,913,307,724695.08,'2016-01-30','2017-04-09',922.61,'PLN',30816.69),
(185,568,370,554643.63,'2016-05-24','2017-05-07',717.93,'PLN',50776.96),
(186,845,77,273096.51,'2016-09-29','2017-01-27',255.83,'PLN',87170.35),
(187,852,42,850689.04,'2016-07-26','2017-02-11',407.09,'PLN',44271.2),
(188,848,147,541623.32,'2015-12-04','2017-01-11',370.91,'PLN',94366.5),
(189,504,150,840030.52,'2016-04-22','2017-10-18',265.45,'PLN',19059.35),
(190,748,88,518684.52,'2015-12-29','2016-12-24',474.86,'PLN',77940.93),
(191,733,115,104009.13,'2016-02-25','2017-03-25',380.14,'PLN',11025.82),
(192,523,291,661932.21,'2016-08-13','2017-09-06',495.99,'PLN',63200.12),
(193,919,318,730305.56,'2016-05-29','2017-06-12',221.79,'PLN',25121.28),
(194,778,235,534816.31,'2016-10-14','2017-08-13',95.3,'PLN',58598.71),
(195,508,110,337866.47,'2016-07-13','2017-07-22',114.04,'PLN',25730.28),
(196,984,74,386884.34,'2016-07-31','2016-11-26',909.44,'PLN',72411.03),
(197,648,434,615068.47,'2016-10-01','2017-06-04',166.96,'PLN',47898.46),
(198,832,344,90523.02,'2016-11-09','2017-04-08',74.07,'PLN',34727.2),
(199,780,455,467922.09,'2016-11-04','2017-09-05',934.43,'PLN',46420.73),
(200,663,168,50926.73,'2016-05-03','2017-04-16',647.45,'PLN',45339.79),
(201,556,471,876036.14,'2016-01-29','2017-09-08',48.79,'PLN',78014.38),
(202,540,36,753939.62,'2016-04-18','2017-02-26',219.34,'PLN',996.76),
(203,598,169,898837.62,'2015-11-24','2017-09-10',672.81,'PLN',24398.89),
(204,886,459,508014.75,'2015-11-30','2017-09-07',748.98,'PLN',72782.0),
(205,565,170,962981.84,'2016-08-01','2017-09-27',790.06,'PLN',11076.57),
(206,862,419,671877.0,'2016-05-14','2017-08-26',528.47,'PLN',6044.54),
(207,755,39,594143.25,'2016-11-17','2017-03-21',128.63,'PLN',57956.21),
(208,779,202,238604.84,'2016-08-29','2017-04-09',114.21,'PLN',1333.1),
(209,628,190,132331.28,'2016-06-06','2017-09-20',881.96,'PLN',13684.15),
(210,973,115,69658.97,'2016-08-31','2017-01-04',109.01,'PLN',5202.23),
(211,829,384,689617.6,'2016-04-30','2017-07-15',351.8,'PLN',75645.23),
(212,648,60,339024.68,'2016-11-20','2017-03-27',811.37,'PLN',94542.11),
(213,791,251,672633.89,'2015-11-26','2016-12-18',194.49,'PLN',82068.41),
(214,619,492,857959.98,'2016-07-18','2016-12-24',975.82,'PLN',77243.65),
(215,886,414,599411.65,'2016-11-02','2017-10-24',101.0,'PLN',81519.84),
(216,689,264,904955.88,'2015-12-13','2016-12-23',249.79,'PLN',55546.03),
(217,530,369,691140.44,'2016-06-22','2017-08-14',484.09,'PLN',38288.33),
(218,947,274,983361.53,'2016-01-01','2017-09-15',267.09,'PLN',6323.96),
(219,998,105,814121.51,'2016-01-18','2017-08-14',83.36,'PLN',19766.49),
(220,908,166,570736.34,'2016-04-19','2017-03-16',887.24,'PLN',24856.83),
(221,593,101,785682.03,'2016-09-16','2017-09-28',329.13,'PLN',33902.82),
(222,597,291,409328.75,'2016-07-12','2017-08-30',672.38,'PLN',55282.43),
(223,960,497,840040.72,'2016-04-14','2017-10-25',830.85,'PLN',41148.1),
(224,923,468,216199.9,'2016-01-10','2017-06-17',389.4,'PLN',91972.9),
(225,599,296,176092.93,'2016-11-06','2017-02-10',473.67,'PLN',56041.84),
(226,997,239,864344.55,'2016-03-24','2017-11-15',115.64,'PLN',81480.56),
(227,772,131,978801.27,'2016-10-12','2017-01-10',318.95,'PLN',78682.58),
(228,632,480,102782.82,'2016-07-21','2017-01-15',409.59,'PLN',84486.88),
(229,971,114,119378.98,'2016-07-19','2017-05-31',809.88,'PLN',55797.85),
(230,977,352,743917.82,'2016-10-04','2017-11-13',986.09,'PLN',71347.5),
(231,537,388,896630.11,'2016-05-24','2017-02-03',683.05,'PLN',64977.92),
(232,655,4,950605.42,'2016-07-18','2017-11-15',406.59,'PLN',23361.68),
(233,786,117,682863.48,'2016-08-19','2017-01-30',479.78,'PLN',43859.8),
(234,507,286,803169.5,'2016-11-01','2017-04-04',460.0,'PLN',94804.66),
(235,772,196,182433.86,'2016-11-19','2017-07-23',638.04,'PLN',48645.5),
(236,510,296,718255.6,'2016-08-27','2017-07-04',168.65,'PLN',58046.51),
(237,582,479,199520.62,'2016-06-12','2017-11-13',826.51,'PLN',23311.49),
(238,847,170,526735.01,'2016-09-20','2017-10-01',706.32,'PLN',5741.24),
(239,618,348,343931.74,'2016-10-21','2017-10-26',456.49,'PLN',92213.83),
(240,948,470,96980.24,'2016-09-05','2017-03-24',961.47,'PLN',20105.04),
(241,884,376,979711.13,'2016-01-07','2016-12-18',175.88,'PLN',54515.98),
(242,972,242,312686.67,'2016-07-18','2017-06-04',19.12,'PLN',39712.82),
(243,565,352,941062.11,'2016-07-21','2017-04-13',611.06,'PLN',58964.26),
(244,616,25,981018.94,'2016-02-15','2017-01-04',468.31,'PLN',59027.22),
(245,518,482,103560.38,'2016-09-26','2017-01-29',678.41,'PLN',72008.15),
(246,987,248,857203.69,'2016-01-11','2017-10-28',169.85,'PLN',85034.53),
(247,723,287,805871.0,'2016-03-30','2016-12-26',436.39,'PLN',21110.76),
(248,769,317,425796.16,'2016-02-21','2017-08-23',940.17,'PLN',48896.94),
(249,509,469,368162.58,'2015-12-30','2017-02-03',692.51,'PLN',98317.11),
(250,842,404,376707.62,'2016-08-07','2017-02-23',522.32,'PLN',28441.05),
(251,644,451,548104.74,'2015-12-05','2017-04-20',416.15,'PLN',46745.54),
(252,717,471,855669.93,'2015-11-21','2016-11-25',223.8,'PLN',79587.23),
(253,622,25,713870.29,'2016-02-18','2017-08-12',439.2,'PLN',24640.54),
(254,854,434,554171.14,'2016-03-27','2017-08-28',703.42,'PLN',1485.05),
(255,799,128,795731.29,'2016-03-18','2017-07-08',950.54,'PLN',47972.44),
(256,592,385,532991.75,'2016-07-07','2017-07-22',585.87,'PLN',71154.88),
(257,595,322,703853.72,'2016-02-13','2017-08-24',908.84,'PLN',53292.6),
(258,900,217,346340.06,'2015-11-26','2017-03-14',872.52,'PLN',78845.98),
(259,781,418,869604.17,'2016-01-08','2017-06-06',709.86,'PLN',97649.9),
(260,804,302,550160.38,'2016-08-24','2016-11-22',500.88,'PLN',75106.52),
(261,775,452,881166.49,'2016-08-29','2016-12-10',250.31,'PLN',21847.41),
(262,566,203,38564.53,'2016-06-24','2017-06-07',882.57,'PLN',4721.28),
(263,579,133,841484.71,'2015-12-12','2016-11-25',929.48,'PLN',47165.45),
(264,716,441,856415.31,'2016-07-19','2016-11-29',821.11,'PLN',51207.75),
(265,897,194,77535.69,'2016-10-27','2017-05-02',123.22,'PLN',53900.05),
(266,838,41,183973.76,'2016-01-03','2017-07-26',875.77,'PLN',48471.59),
(267,955,459,174648.51,'2016-05-19','2016-12-20',251.78,'PLN',2663.59),
(268,843,302,81074.49,'2016-07-16','2017-09-12',996.38,'PLN',33507.52),
(269,580,52,998083.51,'2016-04-18','2017-06-26',743.43,'PLN',6366.75),
(270,504,174,313708.2,'2016-03-04','2017-03-16',106.92,'PLN',15692.07),
(271,706,314,396286.96,'2016-06-16','2017-09-21',970.51,'PLN',42148.87),
(272,900,210,164933.52,'2016-06-19','2017-08-14',261.58,'PLN',24249.34),
(273,637,392,656222.96,'2016-06-29','2017-09-10',602.56,'PLN',8246.32),
(274,984,70,554924.59,'2016-02-22','2017-01-23',37.26,'PLN',65881.62),
(275,606,498,500934.23,'2016-02-16','2017-08-14',783.01,'PLN',80886.1),
(276,505,159,61561.3,'2016-09-04','2017-09-06',960.17,'PLN',79341.41),
(277,858,463,482910.97,'2016-03-31','2017-08-23',91.83,'PLN',10764.66),
(278,909,410,543298.39,'2016-02-23','2017-08-19',991.89,'PLN',12881.83),
(279,833,216,34123.38,'2016-07-11','2017-04-07',405.73,'PLN',17519.57),
(280,538,230,20188.65,'2016-11-19','2017-05-19',421.26,'PLN',74057.44),
(281,983,440,184514.26,'2016-08-06','2017-04-25',510.67,'PLN',93824.16),
(282,754,333,266737.7,'2016-02-13','2017-08-19',923.72,'PLN',9257.63),
(283,923,111,55500.09,'2015-12-12','2017-07-30',658.62,'PLN',18333.17),
(284,850,268,211925.87,'2015-12-02','2017-03-29',58.56,'PLN',62640.04),
(285,964,423,673480.97,'2016-08-07','2017-06-24',190.7,'PLN',98679.92),
(286,883,63,727029.33,'2016-03-22','2016-12-11',76.8,'PLN',40791.4),
(287,967,212,430614.47,'2016-01-17','2016-12-08',873.8,'PLN',22073.15),
(288,541,312,711020.1,'2016-06-24','2017-05-23',609.01,'PLN',70478.59),
(289,920,43,646052.24,'2015-12-02','2017-02-14',715.45,'PLN',81764.62),
(290,668,352,556140.03,'2016-10-20','2017-02-01',592.23,'PLN',82262.59),
(291,750,293,150602.81,'2016-10-10','2017-10-24',733.93,'PLN',72755.62),
(292,882,5,92874.35,'2016-06-29','2017-10-25',679.05,'PLN',82533.48),
(293,767,43,631219.0,'2016-04-17','2017-10-25',466.26,'PLN',9584.04),
(294,608,239,973878.8,'2015-12-05','2017-05-18',349.35,'PLN',90684.48),
(295,901,175,628978.26,'2016-01-04','2016-12-25',895.83,'PLN',12880.45),
(296,805,54,160539.62,'2016-03-31','2017-03-29',16.57,'PLN',16678.46),
(297,880,441,585156.07,'2015-12-07','2017-04-06',975.01,'PLN',39604.91),
(298,626,433,723657.68,'2016-06-29','2017-05-20',585.4,'PLN',37170.21),
(299,974,399,174760.84,'2016-06-27','2017-03-11',4.77,'PLN',94473.6),
(300,844,12,561414.6,'2016-10-16','2016-12-15',176.5,'PLN',95633.22),
(301,878,243,355343.63,'2015-12-14','2017-08-09',813.87,'PLN',57057.1),
(302,546,326,873049.91,'2015-11-25','2017-03-18',86.53,'PLN',3599.73),
(303,890,220,91145.22,'2016-03-08','2017-10-24',954.96,'PLN',90379.69),
(304,594,448,305855.16,'2016-10-20','2016-11-28',497.92,'PLN',56157.81),
(305,978,415,588596.8,'2016-03-14','2017-02-14',2.78,'PLN',62572.02),
(306,824,62,615882.75,'2016-04-27','2017-05-27',993.03,'PLN',95259.77),
(307,739,186,98947.02,'2016-07-08','2017-08-08',501.6,'PLN',13226.64),
(308,858,179,449417.9,'2016-09-24','2017-01-15',560.78,'PLN',59180.97),
(309,502,399,907225.4,'2016-06-12','2017-09-11',165.01,'PLN',30579.06),
(310,975,267,462567.66,'2016-07-11','2017-03-23',511.98,'PLN',45628.47),
(311,507,484,34030.07,'2016-02-14','2017-01-10',580.04,'PLN',74484.33),
(312,852,276,450463.96,'2016-02-13','2016-12-15',540.1,'PLN',89534.14),
(313,975,391,427537.62,'2016-03-24','2017-01-14',911.32,'PLN',83381.92),
(314,910,212,455398.97,'2015-12-10','2017-04-26',80.06,'PLN',14476.73),
(315,787,199,17940.26,'2016-09-26','2017-10-30',937.54,'PLN',41039.19),
(316,739,39,964829.16,'2016-02-15','2017-06-25',125.71,'PLN',58963.06),
(317,966,246,944905.79,'2016-03-28','2016-12-28',183.16,'PLN',50836.81),
(318,745,450,295532.41,'2016-02-29','2017-01-23',769.67,'PLN',5458.04),
(319,743,103,550964.19,'2015-12-30','2016-12-25',933.03,'PLN',71706.42),
(320,935,148,89292.35,'2016-10-05','2017-07-17',925.38,'PLN',51088.89),
(321,762,459,359625.92,'2016-02-15','2017-07-22',535.31,'PLN',10554.32),
(322,724,31,518363.91,'2016-05-01','2017-04-27',981.1,'PLN',54358.79),
(323,967,480,226833.09,'2015-12-21','2017-11-18',610.35,'PLN',41101.92),
(324,603,226,315543.08,'2016-03-30','2016-12-27',519.48,'PLN',71990.53),
(325,759,386,167765.32,'2016-06-24','2016-12-25',588.63,'PLN',28546.79),
(326,574,393,104031.18,'2016-02-21','2017-03-28',714.05,'PLN',64180.72),
(327,899,143,18281.89,'2016-05-07','2017-04-09',400.48,'PLN',83295.66),
(328,827,431,706393.14,'2016-05-19','2017-03-08',584.9,'PLN',95080.35),
(329,800,358,91244.27,'2016-02-26','2017-02-03',133.17,'PLN',45243.2),
(330,854,327,159747.93,'2015-11-22','2017-03-20',961.15,'PLN',88227.71),
(331,889,293,332696.35,'2016-10-15','2017-07-23',58.24,'PLN',12668.48),
(332,598,189,55924.97,'2016-09-29','2017-03-15',756.48,'PLN',13944.79),
(333,749,221,171350.57,'2016-11-16','2017-04-12',612.24,'PLN',76793.25),
(334,973,34,560702.04,'2016-08-21','2017-06-10',16.6,'PLN',87368.36),
(335,519,421,287057.03,'2016-09-08','2017-05-03',688.8,'PLN',4394.06),
(336,756,123,45306.38,'2015-12-04','2017-04-19',143.67,'PLN',41822.13),
(337,968,460,899914.12,'2016-06-28','2017-06-17',967.82,'PLN',26582.79),
(338,700,111,686225.62,'2016-01-24','2017-06-29',742.93,'PLN',12646.7),
(339,941,438,901397.61,'2016-01-08','2017-09-14',969.68,'PLN',41968.06),
(340,700,367,655998.49,'2016-08-31','2017-10-15',670.51,'PLN',21388.92),
(341,871,102,212362.67,'2016-02-08','2017-02-03',77.93,'PLN',26882.13),
(342,981,259,637959.18,'2016-01-03','2016-11-28',88.75,'PLN',89412.53),
(343,646,107,160007.95,'2016-04-17','2017-03-07',923.47,'PLN',64206.23),
(344,666,145,352062.7,'2016-08-16','2016-12-25',656.97,'PLN',33527.26),
(345,811,59,416863.38,'2016-01-13','2017-10-02',266.18,'PLN',55549.36),
(346,670,205,576731.06,'2015-12-10','2017-08-18',400.49,'PLN',4143.45),
(347,682,369,139580.84,'2016-02-14','2017-03-27',847.01,'PLN',69133.43),
(348,709,277,793286.02,'2016-05-06','2017-10-27',309.38,'PLN',18744.6),
(349,777,65,383794.35,'2016-02-08','2017-02-09',614.28,'PLN',97710.53),
(350,972,386,64869.08,'2016-06-28','2017-08-09',321.22,'PLN',20130.43),
(351,944,422,653546.46,'2016-10-20','2017-02-17',252.17,'PLN',57185.31),
(352,829,482,90859.3,'2016-08-12','2017-02-14',38.22,'PLN',49917.99),
(353,864,56,569736.9,'2016-09-19','2017-05-14',57.67,'PLN',47338.43),
(354,532,458,550659.67,'2016-05-04','2016-11-30',319.25,'PLN',73198.76),
(355,617,291,111792.72,'2016-10-13','2017-08-26',924.06,'PLN',21144.7),
(356,513,116,867300.91,'2016-05-22','2017-09-28',770.96,'PLN',20034.7),
(357,824,345,700227.6,'2016-08-24','2017-05-17',494.96,'PLN',68651.94),
(358,789,309,381684.44,'2015-12-02','2017-11-16',139.81,'PLN',23636.29),
(359,582,366,544993.14,'2016-02-17','2017-08-12',451.81,'PLN',15234.47),
(360,609,85,632377.16,'2016-10-22','2017-02-12',678.16,'PLN',33601.06),
(361,616,49,185478.77,'2016-03-02','2017-10-10',391.57,'PLN',62257.82),
(362,934,494,983733.67,'2016-09-12','2017-03-16',722.48,'PLN',65500.82),
(363,558,104,992777.18,'2016-04-06','2017-10-28',837.61,'PLN',60788.67),
(364,756,116,236702.37,'2016-10-19','2017-06-23',980.6,'PLN',15391.38),
(365,704,34,593286.98,'2016-02-23','2017-06-21',608.01,'PLN',5956.87),
(366,755,218,92040.1,'2016-11-11','2017-03-09',377.55,'PLN',19478.49),
(367,980,131,704939.8,'2015-12-21','2016-12-30',39.42,'PLN',70924.1),
(368,534,368,414767.25,'2016-04-09','2017-09-13',755.54,'PLN',75208.79),
(369,994,215,753357.41,'2016-03-31','2017-10-13',433.32,'PLN',65136.15),
(370,601,436,171523.21,'2016-09-18','2017-07-19',264.16,'PLN',60465.11),
(371,531,173,854920.78,'2016-01-18','2017-09-21',552.76,'PLN',1633.78),
(372,683,357,679100.41,'2016-02-10','2017-03-08',910.01,'PLN',92329.99),
(373,880,444,317247.38,'2016-11-19','2017-09-11',54.11,'PLN',92669.35),
(374,632,376,412794.76,'2016-05-28','2016-11-23',463.25,'PLN',56042.23),
(375,821,106,714776.19,'2016-05-04','2017-10-24',387.07,'PLN',61724.6),
(376,944,223,77281.74,'2016-03-02','2017-02-15',739.13,'PLN',8305.64),
(377,543,212,848158.45,'2016-03-17','2017-05-12',939.7,'PLN',63247.06),
(378,731,498,940615.28,'2016-10-30','2017-03-01',188.24,'PLN',17019.92),
(379,803,437,490849.09,'2016-07-29','2017-08-20',42.23,'PLN',39020.72),
(380,624,441,573526.19,'2016-02-21','2017-07-20',737.45,'PLN',41788.42),
(381,761,139,764799.6,'2016-09-16','2017-07-27',873.74,'PLN',12058.84),
(382,679,405,121539.76,'2016-08-30','2017-07-08',926.49,'PLN',86217.94),
(383,838,296,269367.96,'2015-12-28','2016-12-03',340.52,'PLN',25254.78),
(384,615,389,66569.18,'2015-12-01','2016-12-19',581.18,'PLN',64060.46),
(385,682,414,713523.69,'2015-12-03','2017-01-19',612.93,'PLN',72749.02),
(386,633,65,107455.96,'2016-03-01','2016-12-20',554.35,'PLN',16657.49),
(387,844,350,771186.98,'2016-02-10','2017-01-19',219.59,'PLN',47068.67),
(388,608,405,305547.51,'2016-07-25','2017-08-05',449.42,'PLN',98932.19),
(389,766,433,192975.19,'2016-04-30','2017-05-10',403.18,'PLN',34567.94),
(390,576,132,1754.59,'2015-11-26','2017-05-11',719.0,'PLN',15335.13),
(391,838,386,864890.73,'2016-07-21','2017-03-20',841.94,'PLN',35545.89),
(392,607,450,215623.84,'2015-12-04','2017-06-04',102.27,'PLN',35684.36),
(393,544,13,505452.6,'2016-01-05','2017-02-07',833.67,'PLN',63640.77),
(394,616,15,284826.8,'2016-01-09','2017-05-05',29.84,'PLN',53750.82),
(395,898,488,37475.03,'2016-05-17','2017-06-10',626.3,'PLN',91697.16),
(396,779,487,395047.75,'2016-06-14','2017-04-05',383.73,'PLN',68725.13),
(397,651,6,359218.3,'2016-08-17','2017-08-27',759.48,'PLN',58275.57),
(398,691,227,385625.48,'2016-01-20','2017-08-25',852.46,'PLN',71362.08),
(399,822,98,271827.44,'2016-01-29','2016-12-11',56.42,'PLN',30321.34),
(400,681,254,795390.0,'2016-05-13','2017-02-07',67.59,'PLN',2634.2),
(401,801,394,695957.87,'2015-11-29','2017-05-17',272.92,'PLN',33232.44),
(402,590,427,535998.31,'2015-12-20','2017-10-17',748.29,'PLN',23136.0),
(403,554,490,30233.66,'2016-04-21','2017-03-25',372.77,'PLN',9663.49),
(404,678,199,846659.87,'2016-09-12','2016-12-08',213.94,'PLN',86265.67),
(405,914,319,567625.66,'2016-10-16','2017-04-18',954.36,'PLN',52875.92),
(406,816,227,294518.67,'2016-05-26','2017-03-18',852.65,'PLN',47371.0),
(407,897,197,293108.92,'2016-06-14','2017-08-14',502.48,'PLN',79291.89),
(408,695,278,539025.27,'2016-09-09','2017-09-09',454.6,'PLN',64581.71),
(409,772,154,136879.67,'2016-08-21','2017-02-08',882.83,'PLN',58132.16),
(410,605,483,376526.58,'2016-06-08','2017-01-25',734.41,'PLN',54960.29),
(411,576,278,852194.47,'2016-05-31','2017-09-12',833.26,'PLN',3615.9),
(412,923,467,222857.01,'2016-09-20','2017-11-18',875.23,'PLN',61888.77),
(413,708,42,125334.58,'2016-09-07','2017-01-29',136.92,'PLN',57172.94),
(414,639,136,677105.8,'2016-10-29','2017-07-20',530.09,'PLN',66268.85),
(415,912,87,307424.76,'2016-06-24','2017-10-11',686.4,'PLN',43466.65),
(416,670,376,138814.89,'2016-03-19','2017-01-17',412.12,'PLN',35148.24),
(417,709,339,283849.88,'2016-08-12','2017-04-15',766.45,'PLN',74748.44),
(418,587,286,623709.19,'2016-05-27','2017-09-11',395.36,'PLN',46795.76),
(419,519,333,466683.32,'2016-11-05','2017-04-20',594.7,'PLN',3162.26),
(420,871,469,939692.93,'2016-10-16','2017-02-11',931.71,'PLN',61033.49),
(421,536,434,709067.16,'2016-08-03','2016-12-18',465.37,'PLN',80090.44),
(422,591,351,245153.11,'2016-09-22','2017-07-08',567.04,'PLN',17793.85),
(423,758,82,97681.07,'2016-05-01','2017-07-15',740.49,'PLN',75479.59),
(424,591,15,715747.2,'2016-11-14','2017-11-04',410.76,'PLN',45405.09),
(425,825,489,80421.99,'2016-03-09','2017-05-04',426.34,'PLN',38308.1),
(426,905,60,593701.01,'2016-05-24','2017-09-28',578.4,'PLN',43018.52),
(427,811,85,231153.65,'2016-08-27','2017-05-23',159.42,'PLN',41954.4),
(428,879,205,285213.14,'2016-05-08','2017-07-03',885.09,'PLN',68876.15),
(429,812,26,141839.39,'2015-12-28','2017-07-03',107.54,'PLN',55197.88),
(430,582,277,406957.54,'2016-01-03','2017-11-06',420.89,'PLN',17777.52),
(431,576,393,464616.99,'2016-03-01','2016-12-19',565.32,'PLN',10931.68),
(432,848,229,761746.99,'2016-03-06','2017-02-20',84.9,'PLN',7139.56),
(433,996,244,2348.09,'2016-07-19','2017-03-03',892.08,'PLN',10389.82),
(434,900,488,146281.53,'2016-06-21','2017-09-17',695.08,'PLN',11453.67),
(435,637,129,965885.43,'2015-12-12','2016-12-03',901.79,'PLN',788.14),
(436,869,264,660503.07,'2016-07-11','2017-05-11',924.74,'PLN',89729.14),
(437,888,255,79812.7,'2015-12-27','2017-04-12',870.46,'PLN',98751.73),
(438,807,378,798448.64,'2016-10-13','2017-07-05',44.01,'PLN',39672.39),
(439,537,21,125580.8,'2016-04-01','2017-04-19',975.76,'PLN',748.71),
(440,654,352,54557.95,'2016-01-25','2017-02-19',265.89,'PLN',85886.49),
(441,949,186,762017.33,'2016-06-10','2017-06-29',226.74,'PLN',24973.37),
(442,823,204,77279.95,'2016-05-27','2017-10-11',411.7,'PLN',67285.8),
(443,857,393,57839.4,'2016-05-04','2017-08-23',778.73,'PLN',66718.85),
(444,974,334,543411.58,'2016-04-08','2017-03-28',619.26,'PLN',31205.37),
(445,813,442,109315.1,'2016-03-19','2017-02-06',958.65,'PLN',21252.49),
(446,835,419,911940.62,'2016-03-22','2017-01-16',919.94,'PLN',68345.39),
(447,938,64,398454.83,'2016-02-29','2017-10-05',350.97,'PLN',34554.68),
(448,538,340,45285.11,'2016-09-15','2016-12-10',706.81,'PLN',33725.59),
(449,889,35,173052.69,'2016-02-17','2017-01-28',912.23,'PLN',83004.41),
(450,917,82,358658.72,'2016-09-28','2017-07-01',406.27,'PLN',94235.12),
(451,602,308,99655.99,'2016-07-07','2017-07-14',294.22,'PLN',58192.67),
(452,923,7,674915.76,'2016-11-07','2016-12-31',49.31,'PLN',23148.27),
(453,706,416,754009.92,'2016-05-14','2017-06-26',361.5,'PLN',42517.32),
(454,528,422,322542.09,'2015-12-20','2017-10-19',916.06,'PLN',26136.74),
(455,591,396,170746.04,'2015-11-30','2017-08-22',288.37,'PLN',5060.85),
(456,730,157,218597.37,'2016-01-07','2017-01-19',998.56,'PLN',31844.23),
(457,695,355,675053.04,'2015-12-31','2017-09-28',613.52,'PLN',25474.91),
(458,628,80,726251.02,'2015-12-15','2017-04-06',691.83,'PLN',12999.28),
(459,649,80,563827.51,'2016-08-04','2017-03-08',217.59,'PLN',66193.4),
(460,758,48,968151.01,'2015-11-29','2017-05-29',881.96,'PLN',21327.53),
(461,688,175,892226.14,'2016-07-14','2016-12-27',369.42,'PLN',60268.32),
(462,743,30,12220.79,'2016-09-12','2017-02-24',452.58,'PLN',21184.58),
(463,711,480,653823.38,'2016-04-01','2017-09-21',761.35,'PLN',63470.42),
(464,884,199,925579.99,'2015-12-11','2017-06-11',177.38,'PLN',92865.96),
(465,672,274,18508.69,'2016-11-03','2017-06-21',821.81,'PLN',35019.28),
(466,818,273,115155.57,'2015-12-16','2017-05-12',6.22,'PLN',46960.71),
(467,909,473,12015.9,'2016-06-13','2017-09-02',555.8,'PLN',61404.94),
(468,845,248,640094.31,'2015-11-23','2017-01-02',886.4,'PLN',45900.35),
(469,963,150,84440.38,'2016-06-10','2017-01-28',719.0,'PLN',22236.34),
(470,512,148,291528.12,'2016-04-19','2017-03-03',488.03,'PLN',68015.15),
(471,586,38,422320.79,'2016-01-26','2017-10-29',281.05,'PLN',15898.78),
(472,546,388,189249.15,'2016-11-01','2017-06-03',523.75,'PLN',72944.64),
(473,555,54,609854.03,'2016-01-28','2016-11-26',876.61,'PLN',16025.98),
(474,825,372,442783.42,'2016-05-15','2017-07-23',768.16,'PLN',35159.68),
(475,719,309,339524.88,'2016-10-19','2017-02-08',279.64,'PLN',17389.41),
(476,554,294,65901.97,'2016-07-22','2017-06-08',391.05,'PLN',4638.43),
(477,934,233,310915.38,'2016-01-07','2017-05-26',866.97,'PLN',51780.57),
(478,703,153,818977.88,'2015-12-06','2017-07-14',821.06,'PLN',30398.67),
(479,889,202,238686.88,'2016-05-30','2017-06-30',561.96,'PLN',10809.45),
(480,874,251,982712.48,'2016-04-27','2017-05-11',52.73,'PLN',43624.16),
(481,977,169,16695.76,'2016-04-16','2017-02-16',866.71,'PLN',3264.94),
(482,852,438,239571.11,'2016-06-01','2017-09-09',99.88,'PLN',42532.94),
(483,874,299,554938.8,'2016-06-10','2017-04-25',303.75,'PLN',99780.86),
(484,703,494,855905.37,'2016-05-09','2017-10-09',182.11,'PLN',50920.46),
(485,625,127,619502.02,'2016-09-21','2017-07-22',893.19,'PLN',77023.63),
(486,796,497,218081.35,'2016-07-22','2017-02-26',208.75,'PLN',36470.74),
(487,972,77,162898.57,'2016-08-05','2017-01-15',191.44,'PLN',67465.6),
(488,955,440,480003.72,'2016-11-09','2017-09-25',195.7,'PLN',73463.83),
(489,597,355,133178.4,'2016-07-11','2017-01-21',910.03,'PLN',49030.42),
(490,958,247,627337.71,'2016-05-13','2017-08-06',416.02,'PLN',17417.99),
(491,927,274,594907.5,'2016-04-14','2017-01-08',220.61,'PLN',71494.64),
(492,559,78,655268.3,'2016-01-29','2017-05-30',343.5,'PLN',26490.33),
(493,689,450,183589.22,'2016-08-15','2017-04-23',532.41,'PLN',13502.32),
(494,676,151,792034.02,'2016-03-03','2017-05-28',801.24,'PLN',16119.48),
(495,510,331,447327.0,'2016-05-21','2017-10-12',803.15,'PLN',95397.24),
(496,516,307,779552.3,'2016-10-29','2017-01-28',173.49,'PLN',69429.33),
(497,524,383,505521.94,'2016-03-12','2017-03-16',312.42,'PLN',38799.61),
(498,837,468,145309.26,'2016-07-06','2017-06-30',79.04,'PLN',46322.98),
(499,673,347,674092.14,'2015-12-11','2017-06-08',288.47,'PLN',63952.35),
(500,837,352,166288.26,'2016-06-10','2017-04-02',538.14,'PLN',38980.95),
(501,922,340,270211.01,'2016-01-28','2017-05-19',835.06,'PLN',50334.04),
(502,553,333,836070.42,'2016-05-28','2017-06-13',392.78,'PLN',10638.19),
(503,575,100,716761.69,'2016-04-15','2017-10-28',254.4,'PLN',54883.98),
(504,859,236,600328.04,'2016-10-06','2017-03-15',560.92,'PLN',28049.38),
(505,717,407,317707.09,'2016-11-05','2017-01-27',105.35,'PLN',85406.85),
(506,848,489,923788.22,'2016-09-12','2017-08-05',620.95,'PLN',55962.23),
(507,901,478,670267.12,'2015-11-25','2017-04-24',173.08,'PLN',64322.47),
(508,903,218,893363.31,'2016-10-29','2017-07-09',230.8,'PLN',24203.64),
(509,663,92,618315.62,'2015-11-28','2017-08-08',956.88,'PLN',89898.74),
(510,816,302,47462.54,'2016-02-02','2017-09-02',989.26,'PLN',4643.73),
(511,613,241,933588.94,'2016-06-26','2017-10-11',307.39,'PLN',8453.46),
(512,891,429,450628.71,'2016-04-14','2017-09-17',542.76,'PLN',46337.93),
(513,625,218,537316.74,'2016-08-24','2017-07-11',462.51,'PLN',51733.39),
(514,619,330,705493.1,'2016-07-07','2017-02-28',31.51,'PLN',12557.36),
(515,739,304,44577.61,'2016-04-07','2017-02-25',943.41,'PLN',68776.55),
(516,824,416,110617.96,'2016-06-26','2017-02-07',352.16,'PLN',43203.2),
(517,945,340,727185.7,'2016-05-06','2017-07-01',577.44,'PLN',91036.61),
(518,529,217,533178.68,'2016-03-24','2017-03-21',192.03,'PLN',30260.47),
(519,637,344,648128.25,'2016-01-23','2016-12-18',314.34,'PLN',13395.39),
(520,575,230,769530.99,'2016-10-10','2017-05-03',361.07,'PLN',42482.06),
(521,804,61,721538.86,'2016-10-08','2017-08-22',495.3,'PLN',51912.89),
(522,518,196,214539.25,'2016-09-02','2017-08-07',612.82,'PLN',68404.1),
(523,594,203,796950.59,'2015-12-03','2017-07-24',821.29,'PLN',51761.12),
(524,595,201,552170.62,'2016-09-12','2017-03-26',904.42,'PLN',64078.62),
(525,783,281,555015.63,'2016-11-06','2017-10-04',447.63,'PLN',65761.29),
(526,873,101,915205.51,'2016-06-03','2017-10-20',898.24,'PLN',93569.83),
(527,786,496,34123.36,'2016-06-12','2017-09-03',406.58,'PLN',5291.19),
(528,853,58,540996.89,'2016-11-01','2017-02-21',454.0,'PLN',36295.46),
(529,565,476,983320.48,'2016-11-16','2017-07-01',927.26,'PLN',81052.47),
(530,541,141,373085.86,'2015-11-28','2017-06-20',900.3,'PLN',5704.66),
(531,918,19,956671.35,'2016-09-07','2017-05-23',184.84,'PLN',1285.09),
(532,870,240,325076.97,'2016-04-01','2017-03-20',8.26,'PLN',78569.33),
(533,830,166,127645.95,'2016-07-28','2017-03-07',566.01,'PLN',79488.8),
(534,958,333,33516.78,'2016-06-02','2017-07-18',817.48,'PLN',73325.57),
(535,697,290,209389.88,'2016-11-05','2017-05-11',687.48,'PLN',22559.3),
(536,640,278,880631.74,'2016-01-10','2017-08-12',785.91,'PLN',39437.56),
(537,868,257,617681.4,'2016-07-27','2017-02-22',147.33,'PLN',23469.4),
(538,867,410,865638.01,'2016-08-30','2017-01-19',150.07,'PLN',27665.77),
(539,692,231,108104.21,'2015-11-28','2017-09-13',325.97,'PLN',70222.9),
(540,852,439,544911.96,'2016-08-30','2017-07-31',891.2,'PLN',3407.15),
(541,593,327,557452.81,'2016-05-12','2017-09-01',484.07,'PLN',4781.98),
(542,586,354,746698.2,'2016-07-24','2017-04-09',304.94,'PLN',41934.54),
(543,693,307,341622.94,'2016-05-15','2017-02-28',929.36,'PLN',22016.09),
(544,504,453,95106.88,'2016-04-20','2017-01-04',868.98,'PLN',5398.23),
(545,630,34,888179.91,'2016-08-24','2017-01-06',142.15,'PLN',89443.41),
(546,982,336,551002.9,'2016-07-11','2017-08-20',892.79,'PLN',46862.31),
(547,696,74,451574.13,'2016-07-21','2017-10-17',461.64,'PLN',93633.24),
(548,605,447,194020.77,'2016-06-30','2017-07-10',317.39,'PLN',16433.88),
(549,833,420,972397.57,'2015-12-22','2017-08-27',240.41,'PLN',78610.71),
(550,559,272,330241.9,'2016-06-11','2017-04-13',10.84,'PLN',58703.2),
(551,839,187,39355.19,'2016-01-17','2017-01-28',274.21,'PLN',35452.41),
(552,641,91,714226.54,'2016-02-26','2017-05-27',976.2,'PLN',89248.19),
(553,831,102,473542.02,'2016-08-19','2017-08-06',807.13,'PLN',30484.66),
(554,665,421,221900.3,'2016-07-11','2017-06-11',53.84,'PLN',20866.57),
(555,501,259,899411.44,'2016-07-15','2017-10-24',499.13,'PLN',22093.37),
(556,657,348,702416.41,'2016-05-05','2016-12-26',958.8,'PLN',77484.41),
(557,877,205,855227.43,'2016-08-04','2017-11-12',423.81,'PLN',13127.57),
(558,611,368,972477.15,'2016-10-05','2017-04-11',846.43,'PLN',85349.69),
(559,646,446,528072.8,'2016-04-28','2017-05-12',438.42,'PLN',17225.71),
(560,770,382,995666.58,'2016-10-13','2017-08-02',45.73,'PLN',67155.0),
(561,798,202,74437.94,'2016-06-28','2017-03-08',136.48,'PLN',83117.29),
(562,900,302,212234.1,'2016-09-23','2017-03-13',139.93,'PLN',85143.21),
(563,583,378,707143.17,'2016-06-13','2017-10-12',55.13,'PLN',21049.16),
(564,943,486,751343.14,'2016-06-02','2017-03-21',207.79,'PLN',84035.59),
(565,798,478,292834.24,'2016-04-02','2017-08-03',865.23,'PLN',9959.29),
(566,568,387,868176.67,'2016-04-30','2017-05-26',766.24,'PLN',73781.53),
(567,516,45,111493.01,'2016-01-02','2017-05-22',921.35,'PLN',32867.88),
(568,849,269,402355.57,'2016-01-10','2017-01-06',776.69,'PLN',65664.63),
(569,772,423,680421.02,'2016-09-19','2017-04-30',792.2,'PLN',91178.63),
(570,747,463,352017.98,'2016-03-19','2017-06-06',992.15,'PLN',33209.7),
(571,732,122,139843.79,'2016-02-16','2017-08-31',228.85,'PLN',86180.61),
(572,677,101,799486.71,'2016-09-27','2017-02-03',931.13,'PLN',11620.61),
(573,584,220,635769.28,'2016-11-05','2016-12-08',458.71,'PLN',28013.75),
(574,596,494,409804.09,'2015-12-13','2017-08-05',866.82,'PLN',76138.95),
(575,865,204,417987.51,'2016-02-05','2017-07-15',717.8,'PLN',38708.61),
(576,757,113,552516.35,'2016-07-28','2017-03-23',416.41,'PLN',50748.76),
(577,608,464,997023.89,'2016-02-12','2017-09-16',551.86,'PLN',56633.99),
(578,891,210,769956.33,'2015-11-30','2017-05-05',605.39,'PLN',94062.53),
(579,609,239,673642.57,'2016-09-13','2017-03-15',628.88,'PLN',24783.14),
(580,962,126,831847.25,'2016-07-31','2017-07-30',665.4,'PLN',89009.08),
(581,593,113,67919.28,'2016-07-16','2017-06-03',611.13,'PLN',54802.58),
(582,973,251,976425.07,'2016-07-09','2017-06-19',301.89,'PLN',27103.88),
(583,910,480,932173.43,'2016-09-10','2017-03-01',34.45,'PLN',2514.5),
(584,526,472,142370.35,'2016-04-24','2017-02-25',738.98,'PLN',26617.6),
(585,854,287,533005.03,'2015-12-25','2017-06-14',135.41,'PLN',68907.14),
(586,890,119,43684.13,'2016-07-07','2017-02-06',514.14,'PLN',56868.94),
(587,560,204,232392.1,'2016-06-13','2017-03-01',154.11,'PLN',53164.41),
(588,742,94,831266.07,'2016-11-20','2017-09-23',753.79,'PLN',58152.71),
(589,976,320,586327.36,'2016-07-12','2017-04-13',820.97,'PLN',31279.43),
(590,633,367,820277.56,'2015-12-12','2017-07-12',513.86,'PLN',48474.5),
(591,614,417,311654.08,'2015-12-22','2017-11-04',510.17,'PLN',15143.65),
(592,652,319,341487.22,'2016-09-19','2017-07-20',715.31,'PLN',94298.43),
(593,524,401,847753.62,'2016-01-11','2016-11-22',910.8,'PLN',62726.35),
(594,961,33,197656.37,'2016-02-13','2017-05-17',244.77,'PLN',92924.37),
(595,885,230,959480.67,'2016-05-07','2017-11-12',28.48,'PLN',60056.8),
(596,681,150,472609.29,'2016-06-14','2017-11-02',924.31,'PLN',68896.58),
(597,663,430,891184.25,'2016-11-16','2017-10-26',885.86,'PLN',80193.89),
(598,515,407,550988.81,'2016-02-14','2017-02-25',281.78,'PLN',26005.47),
(599,938,387,988912.51,'2016-03-09','2017-05-31',440.16,'PLN',43215.99),
(600,635,461,160801.04,'2016-08-31','2017-08-16',374.5,'PLN',19979.64),
(601,939,108,458856.81,'2016-06-08','2017-10-28',978.56,'PLN',54486.12),
(602,776,22,48705.04,'2016-03-01','2017-09-13',334.16,'PLN',24875.42),
(603,539,496,24817.75,'2016-06-01','2016-12-05',589.59,'PLN',86045.5),
(604,987,211,539605.9,'2016-10-22','2017-09-30',809.45,'PLN',58456.13),
(605,678,94,685964.33,'2016-02-28','2016-12-31',239.15,'PLN',87960.92),
(606,602,119,717456.3,'2016-04-30','2017-01-03',85.69,'PLN',8513.76),
(607,990,144,558374.51,'2016-10-03','2017-02-23',504.17,'PLN',72799.17),
(608,991,193,293274.15,'2015-12-25','2017-02-13',356.73,'PLN',63120.56),
(609,818,197,909812.28,'2016-10-05','2017-04-15',135.27,'PLN',7124.44),
(610,715,497,399240.9,'2016-02-15','2016-12-17',414.76,'PLN',93208.53),
(611,623,432,966955.16,'2016-02-04','2017-09-10',331.37,'PLN',69012.28),
(612,964,473,564346.15,'2016-03-25','2017-06-03',907.18,'PLN',65659.65),
(613,582,439,887722.14,'2016-10-05','2017-01-21',915.3,'PLN',90046.06),
(614,596,483,987383.64,'2016-03-07','2017-05-31',287.37,'PLN',79250.12),
(615,789,442,448610.74,'2016-04-01','2016-12-10',498.45,'PLN',94110.12),
(616,620,210,927223.33,'2016-10-07','2017-08-12',657.42,'PLN',14326.77),
(617,534,3,497909.11,'2016-03-21','2017-09-26',215.92,'PLN',73515.82),
(618,898,477,578119.83,'2016-06-26','2016-12-11',866.03,'PLN',70004.27),
(619,977,287,70389.63,'2016-10-10','2017-09-24',700.45,'PLN',5594.77),
(620,657,2,189432.16,'2016-08-13','2017-06-18',483.37,'PLN',29956.5),
(621,855,23,247548.56,'2016-03-07','2017-05-29',644.24,'PLN',9866.14),
(622,652,228,424471.34,'2016-08-03','2016-11-23',627.49,'PLN',49536.13),
(623,640,474,379709.13,'2016-11-15','2017-01-07',571.72,'PLN',77232.22),
(624,743,350,32301.76,'2016-09-09','2017-02-03',62.93,'PLN',92991.1),
(625,718,125,162253.05,'2016-01-02','2016-12-24',315.22,'PLN',68379.75),
(626,894,488,829159.88,'2016-10-01','2017-04-21',532.32,'PLN',69957.19),
(627,675,135,277993.82,'2016-03-17','2017-02-13',146.65,'PLN',78661.51),
(628,776,56,752784.72,'2016-05-29','2017-07-04',915.67,'PLN',25190.89),
(629,640,153,881174.45,'2016-10-18','2017-07-03',574.56,'PLN',1205.66),
(630,814,2,363261.39,'2016-02-04','2017-03-16',539.23,'PLN',24666.96),
(631,838,107,105796.36,'2016-03-05','2017-06-18',464.98,'PLN',88848.03),
(632,742,334,618128.19,'2016-01-27','2017-05-24',777.57,'PLN',54700.25),
(633,640,122,31957.06,'2016-01-28','2016-12-05',387.77,'PLN',18705.01),
(634,757,285,47318.95,'2016-04-16','2016-11-29',7.16,'PLN',8661.39),
(635,580,218,138628.75,'2016-02-03','2017-05-01',927.17,'PLN',802.49),
(636,518,278,595112.57,'2016-02-15','2017-10-05',978.73,'PLN',78141.32),
(637,578,375,209744.05,'2016-01-13','2017-02-18',125.71,'PLN',44148.84),
(638,921,288,381644.93,'2016-01-20','2017-03-30',778.17,'PLN',92079.67),
(639,615,92,942715.77,'2015-12-31','2017-04-01',255.28,'PLN',99987.78),
(640,858,47,465590.0,'2016-10-15','2016-12-29',742.06,'PLN',58407.05),
(641,968,215,134484.32,'2016-02-24','2017-04-22',727.18,'PLN',42689.41),
(642,640,107,362522.04,'2016-01-11','2017-06-18',983.89,'PLN',58161.63),
(643,578,18,289895.0,'2016-02-15','2017-02-27',164.87,'PLN',23835.4),
(644,811,289,590027.78,'2016-09-27','2016-11-26',570.87,'PLN',21825.65),
(645,920,324,810726.87,'2016-11-04','2017-05-06',468.99,'PLN',44527.2),
(646,839,436,871019.63,'2016-11-14','2017-02-03',868.76,'PLN',81787.19),
(647,829,473,580868.26,'2016-06-12','2017-01-31',103.36,'PLN',34793.37),
(648,879,484,830783.39,'2016-09-11','2017-01-15',143.39,'PLN',43368.28),
(649,819,392,764147.37,'2016-07-22','2016-12-09',824.02,'PLN',7195.25),
(650,620,75,71156.36,'2016-08-30','2017-05-10',172.79,'PLN',49770.14),
(651,753,312,976048.77,'2016-06-09','2017-10-09',660.32,'PLN',64327.5),
(652,747,244,396826.52,'2016-02-17','2017-05-02',382.13,'PLN',33571.74),
(653,775,178,679005.13,'2016-03-05','2017-03-18',137.57,'PLN',86882.85),
(654,735,138,704108.14,'2016-04-05','2017-03-09',867.03,'PLN',49077.87),
(655,973,359,683196.59,'2016-10-17','2016-12-02',505.19,'PLN',10298.0),
(656,773,87,621624.48,'2016-04-27','2017-06-24',616.09,'PLN',65848.22),
(657,893,26,10766.82,'2016-05-20','2017-11-05',102.78,'PLN',13720.41),
(658,923,135,415208.82,'2016-08-02','2017-09-23',284.52,'PLN',74148.99),
(659,562,470,101074.11,'2015-12-11','2017-04-12',957.84,'PLN',95133.07),
(660,523,419,935919.93,'2016-11-05','2017-01-29',3.74,'PLN',7853.79),
(661,502,434,398100.9,'2016-05-18','2017-09-18',265.27,'PLN',90947.36),
(662,569,306,500427.24,'2016-09-08','2017-06-12',939.84,'PLN',29480.74),
(663,706,97,768339.76,'2016-01-26','2017-06-01',547.48,'PLN',17221.55),
(664,841,274,547106.64,'2016-04-20','2017-02-15',634.86,'PLN',45587.72),
(665,925,123,948476.26,'2016-09-18','2017-05-05',37.67,'PLN',62885.03),
(666,658,463,709071.47,'2016-07-20','2017-02-21',580.09,'PLN',28658.1),
(667,621,188,316902.05,'2016-03-03','2017-01-10',165.4,'PLN',52946.49),
(668,669,367,586927.65,'2016-06-06','2017-01-17',979.0,'PLN',13894.25),
(669,942,331,721568.78,'2016-08-22','2017-02-07',954.41,'PLN',21636.28),
(670,817,403,989418.23,'2016-10-18','2017-05-25',260.45,'PLN',15996.31),
(671,597,52,878934.71,'2016-09-11','2017-07-04',666.98,'PLN',91781.38),
(672,933,265,739220.56,'2015-11-24','2017-07-02',598.72,'PLN',72038.95),
(673,539,84,984701.5,'2016-07-28','2017-09-05',147.33,'PLN',47433.84),
(674,514,148,313996.26,'2015-12-09','2017-10-14',487.09,'PLN',61968.93),
(675,981,325,646801.53,'2016-07-16','2017-01-19',28.44,'PLN',11871.03),
(676,778,431,609418.08,'2016-03-14','2017-04-02',295.53,'PLN',88031.36),
(677,870,267,64545.08,'2016-09-19','2016-12-31',272.43,'PLN',2559.23),
(678,739,393,971233.7,'2016-03-23','2017-04-17',720.53,'PLN',8593.04),
(679,821,451,535078.11,'2015-12-16','2017-08-12',413.82,'PLN',28518.97),
(680,750,223,347528.62,'2016-06-17','2017-10-19',106.41,'PLN',20365.81),
(681,528,142,869276.29,'2016-02-05','2017-09-10',368.45,'PLN',23754.07),
(682,681,391,960205.82,'2016-05-08','2017-05-22',782.42,'PLN',65943.72),
(683,758,315,143914.63,'2016-08-26','2017-10-19',757.62,'PLN',73003.15),
(684,907,116,286315.41,'2016-07-22','2017-04-04',819.0,'PLN',10852.38),
(685,951,359,405444.82,'2016-02-14','2017-08-21',377.49,'PLN',83045.71),
(686,899,465,375175.83,'2016-06-08','2017-05-07',958.59,'PLN',85969.43),
(687,827,107,472941.54,'2016-09-21','2017-05-08',718.64,'PLN',84142.0),
(688,669,329,606392.16,'2016-05-11','2017-09-11',923.34,'PLN',27209.84),
(689,864,374,863727.09,'2016-07-18','2017-04-14',308.34,'PLN',11909.06),
(690,789,424,916668.53,'2016-03-23','2017-08-31',841.45,'PLN',64780.39),
(691,881,118,84949.43,'2016-10-27','2017-04-14',110.41,'PLN',20032.49),
(692,914,358,289954.67,'2016-04-04','2017-05-17',168.19,'PLN',19092.33),
(693,788,60,97828.01,'2016-06-20','2016-12-15',272.94,'PLN',8686.46),
(694,897,392,915793.0,'2016-03-29','2017-02-20',204.75,'PLN',49581.71),
(695,534,371,668546.71,'2016-06-16','2017-07-17',163.72,'PLN',22382.22),
(696,976,359,874861.73,'2016-03-21','2017-11-16',139.85,'PLN',76221.9),
(697,990,343,570710.64,'2015-12-02','2017-02-09',876.33,'PLN',74187.46),
(698,796,226,508518.56,'2016-05-29','2017-06-23',453.47,'PLN',51423.09),
(699,818,344,199035.0,'2016-01-08','2017-05-16',226.7,'PLN',90857.45),
(700,652,169,770798.09,'2016-01-12','2016-12-22',531.49,'PLN',2298.47),
(701,678,357,92408.84,'2016-06-01','2017-10-17',690.74,'PLN',45390.47),
(702,557,441,846638.76,'2016-02-03','2017-06-10',442.03,'PLN',89937.21),
(703,664,357,146694.96,'2016-02-29','2017-06-02',757.95,'PLN',49868.77),
(704,549,139,149218.45,'2016-07-31','2017-04-21',20.93,'PLN',43359.4),
(705,551,183,923605.37,'2016-09-24','2017-04-26',794.13,'PLN',22168.0),
(706,532,2,482139.24,'2016-03-28','2017-05-18',703.67,'PLN',21238.31),
(707,868,382,431727.32,'2016-03-17','2017-06-13',718.17,'PLN',15216.45),
(708,514,223,668806.8,'2015-12-27','2017-04-23',924.84,'PLN',34260.31),
(709,941,135,69231.13,'2016-02-29','2017-06-20',603.73,'PLN',6957.58),
(710,547,187,311676.43,'2016-10-24','2016-12-20',383.94,'PLN',25153.28),
(711,505,291,75050.08,'2016-09-12','2017-08-20',715.73,'PLN',93017.3),
(712,786,438,548169.46,'2016-02-08','2017-10-28',47.33,'PLN',51949.15),
(713,806,436,836264.5,'2016-09-26','2017-06-04',485.07,'PLN',2299.97),
(714,764,429,717902.55,'2016-09-28','2017-08-01',421.43,'PLN',52956.67),
(715,900,243,744173.31,'2016-05-02','2017-04-26',511.71,'PLN',68334.79),
(716,550,262,747464.76,'2015-12-14','2017-01-19',390.96,'PLN',89205.34),
(717,712,298,979993.76,'2015-11-24','2017-06-29',866.86,'PLN',36166.79),
(718,551,47,794345.72,'2016-09-07','2017-07-18',768.5,'PLN',61781.91),
(719,902,283,643383.13,'2016-04-30','2017-07-07',739.79,'PLN',65934.59),
(720,581,246,270710.13,'2016-08-12','2017-04-08',648.03,'PLN',87515.87),
(721,871,403,12919.31,'2016-01-23','2016-12-16',842.31,'PLN',9999.28),
(722,967,475,790562.61,'2016-01-16','2017-04-19',695.12,'PLN',86880.32),
(723,501,132,447431.46,'2016-01-22','2017-02-11',946.62,'PLN',90587.05),
(724,990,179,850464.98,'2016-11-11','2017-08-07',640.17,'PLN',92760.27),
(725,575,159,500539.21,'2016-02-09','2017-08-09',487.28,'PLN',89380.12),
(726,889,275,164290.16,'2016-01-21','2017-04-29',468.75,'PLN',27899.93),
(727,971,237,227971.68,'2016-05-19','2016-12-05',307.88,'PLN',79338.84),
(728,860,262,526628.72,'2016-10-14','2017-08-03',124.24,'PLN',22376.27),
(729,796,493,418239.87,'2016-09-05','2017-05-21',375.82,'PLN',82260.17),
(730,835,270,877305.45,'2016-07-07','2017-07-24',953.2,'PLN',50355.95),
(731,612,128,571945.81,'2016-10-24','2017-06-25',625.82,'PLN',23175.29),
(732,732,343,881048.01,'2016-05-20','2017-10-19',632.43,'PLN',57678.02),
(733,691,425,893486.26,'2015-11-29','2017-02-08',23.37,'PLN',74662.09),
(734,690,407,821727.59,'2016-04-16','2017-04-27',919.51,'PLN',28464.81),
(735,831,405,341149.13,'2016-10-03','2016-11-28',463.43,'PLN',40495.62),
(736,589,329,939678.57,'2015-11-28','2016-11-21',264.63,'PLN',99998.84),
(737,627,220,907558.94,'2016-04-26','2017-02-18',238.41,'PLN',18782.51),
(738,831,442,513457.09,'2016-08-16','2016-12-09',111.76,'PLN',80513.47),
(739,628,260,772181.69,'2016-05-03','2017-10-02',520.93,'PLN',9822.7),
(740,982,12,3998.65,'2016-11-03','2017-01-08',600.9,'PLN',54330.24),
(741,968,113,781034.67,'2015-11-25','2017-08-07',612.65,'PLN',93414.89),
(742,584,44,439494.38,'2016-10-11','2017-03-28',360.72,'PLN',72936.18),
(743,598,404,866020.3,'2016-01-17','2017-05-02',610.01,'PLN',94169.35),
(744,918,20,923400.78,'2015-11-22','2017-06-12',152.15,'PLN',29129.2),
(745,944,250,517243.4,'2016-03-31','2017-10-13',630.6,'PLN',81614.74),
(746,986,112,695844.3,'2016-03-13','2017-05-15',288.53,'PLN',94270.23),
(747,542,404,266413.55,'2016-05-02','2016-12-12',831.18,'PLN',14482.98),
(748,823,472,570294.21,'2016-07-16','2017-10-11',16.88,'PLN',65965.5),
(749,933,172,327912.98,'2016-02-23','2017-10-30',128.64,'PLN',35529.12),
(750,584,252,802727.65,'2016-02-17','2017-06-26',397.05,'PLN',25162.86),
(751,689,490,76328.28,'2015-12-21','2017-07-19',809.83,'PLN',54590.5),
(752,685,219,529603.59,'2016-06-14','2017-04-25',662.1,'PLN',37681.06),
(753,792,476,915222.84,'2016-05-26','2017-03-20',84.38,'PLN',23312.45),
(754,578,135,833817.12,'2016-04-01','2017-09-21',583.21,'PLN',55600.97),
(755,905,252,311667.5,'2016-08-21','2017-09-15',96.37,'PLN',5065.32),
(756,670,441,264420.52,'2016-08-16','2017-01-01',996.16,'PLN',78733.08),
(757,594,159,334488.53,'2016-07-07','2017-10-07',966.54,'PLN',78050.18),
(758,834,88,246220.36,'2016-05-06','2017-09-21',373.98,'PLN',25535.63),
(759,848,253,941471.36,'2016-07-24','2017-05-20',86.03,'PLN',78438.37),
(760,909,205,269498.98,'2016-05-29','2017-08-27',151.73,'PLN',36392.88),
(761,538,491,511682.75,'2016-02-27','2017-04-17',125.93,'PLN',93612.6),
(762,674,111,47922.97,'2016-01-15','2017-04-19',424.25,'PLN',90073.3),
(763,810,374,713826.18,'2016-10-26','2017-08-25',63.63,'PLN',53174.99),
(764,613,420,974327.84,'2016-05-04','2017-11-11',646.73,'PLN',56472.41),
(765,908,105,740034.35,'2016-07-24','2017-03-11',957.95,'PLN',37360.26),
(766,895,289,189418.37,'2015-12-23','2017-03-30',70.29,'PLN',35405.49),
(767,578,385,216693.34,'2016-02-18','2016-12-27',228.96,'PLN',28839.52),
(768,729,217,407496.14,'2016-10-22','2016-11-30',841.16,'PLN',42250.09),
(769,819,239,729901.58,'2016-05-22','2017-11-19',817.18,'PLN',74623.28),
(770,986,419,316235.36,'2016-03-22','2017-07-04',982.02,'PLN',96648.88),
(771,713,413,872885.33,'2016-07-28','2017-05-29',808.11,'PLN',99869.58),
(772,795,73,884059.51,'2015-12-06','2017-04-15',857.96,'PLN',50268.13),
(773,771,275,36151.28,'2016-04-29','2017-04-02',914.34,'PLN',24875.99),
(774,513,204,269085.25,'2016-10-15','2017-05-09',206.9,'PLN',53767.68),
(775,800,372,818406.87,'2016-04-20','2016-11-28',606.3,'PLN',80381.77),
(776,959,76,227651.19,'2016-10-13','2016-12-31',385.72,'PLN',11672.95),
(777,502,130,937255.81,'2016-06-30','2017-01-18',676.34,'PLN',94529.21),
(778,650,239,968347.37,'2016-08-13','2016-12-28',148.41,'PLN',6750.17),
(779,865,40,863366.39,'2016-01-12','2017-10-14',607.6,'PLN',37430.81),
(780,779,185,289023.29,'2016-10-13','2017-11-06',31.19,'PLN',92770.75),
(781,786,344,90341.21,'2016-07-27','2017-03-26',299.58,'PLN',56261.68),
(782,613,498,569616.14,'2016-03-30','2017-07-07',272.21,'PLN',56211.24),
(783,501,494,984696.28,'2016-11-13','2017-01-03',477.11,'PLN',15143.89),
(784,570,461,772769.6,'2016-03-20','2017-04-22',139.76,'PLN',33470.05),
(785,812,332,536373.67,'2016-10-03','2017-09-21',477.3,'PLN',69812.77),
(786,773,45,27014.73,'2016-07-02','2017-07-09',582.8,'PLN',40592.84),
(787,646,360,49888.07,'2016-08-31','2017-02-07',71.01,'PLN',57152.09),
(788,699,251,633925.65,'2015-12-05','2017-04-09',251.62,'PLN',27282.98),
(789,798,294,879746.29,'2016-01-23','2017-07-08',531.21,'PLN',64158.21),
(790,772,41,451011.48,'2016-07-17','2017-04-17',163.76,'PLN',6134.22),
(791,838,459,720959.21,'2016-01-11','2017-04-30',309.85,'PLN',59740.89),
(792,889,463,556172.05,'2016-10-29','2017-03-22',611.78,'PLN',31557.43),
(793,657,253,716445.76,'2016-08-31','2017-01-23',427.95,'PLN',25990.74),
(794,689,144,897449.45,'2016-09-05','2017-07-19',324.47,'PLN',10783.79),
(795,801,104,737888.97,'2016-03-24','2016-12-09',20.83,'PLN',13141.5),
(796,938,31,273365.58,'2016-06-17','2017-07-15',401.77,'PLN',21611.63),
(797,642,343,635039.33,'2016-06-15','2017-03-06',410.82,'PLN',64427.56),
(798,576,292,474503.57,'2016-10-31','2017-10-29',146.34,'PLN',88224.53),
(799,654,290,30712.94,'2016-02-17','2017-01-30',604.18,'PLN',13384.92),
(800,882,409,746106.89,'2016-05-01','2017-08-24',611.05,'PLN',27443.32),
(801,912,296,364697.53,'2016-01-21','2017-08-29',227.36,'PLN',46866.55),
(802,993,244,904288.31,'2016-10-15','2017-07-14',471.41,'PLN',23184.79),
(803,758,84,359517.99,'2016-10-11','2017-09-10',629.42,'PLN',52140.64),
(804,916,66,455074.5,'2016-02-13','2017-09-11',716.18,'PLN',16685.18),
(805,775,312,894465.2,'2016-03-31','2017-04-11',183.1,'PLN',25912.9),
(806,899,98,925843.11,'2015-12-28','2017-04-13',626.48,'PLN',14206.38),
(807,710,459,431553.54,'2016-10-06','2017-02-01',716.76,'PLN',16961.82),
(808,692,114,322828.99,'2016-03-25','2016-12-29',585.52,'PLN',12478.5),
(809,670,97,638009.64,'2016-05-01','2017-06-14',501.99,'PLN',2298.3),
(810,733,167,176196.79,'2015-12-01','2017-10-12',425.5,'PLN',25041.78),
(811,688,384,694663.85,'2016-02-19','2017-05-28',309.24,'PLN',59358.88),
(812,537,391,25823.67,'2016-03-28','2016-11-20',277.65,'PLN',59936.95),
(813,769,142,968049.41,'2016-11-10','2017-02-14',724.04,'PLN',93714.37),
(814,775,32,436241.65,'2016-05-04','2017-01-12',243.39,'PLN',50852.39),
(815,885,7,256277.44,'2016-04-21','2017-01-31',190.96,'PLN',13123.27),
(816,531,32,708325.34,'2016-07-27','2017-02-18',651.29,'PLN',79872.29),
(817,590,198,694702.99,'2015-12-14','2017-03-28',120.63,'PLN',4482.28),
(818,625,487,378139.84,'2016-03-03','2017-09-13',204.15,'PLN',50379.71),
(819,871,379,627157.56,'2016-07-31','2017-02-23',857.01,'PLN',70323.41),
(820,793,265,359977.57,'2016-10-02','2016-11-22',954.82,'PLN',73453.92),
(821,774,340,311954.81,'2016-02-28','2017-03-11',357.83,'PLN',15980.45),
(822,938,150,200964.78,'2016-07-20','2016-12-18',776.26,'PLN',20261.26),
(823,980,111,239149.12,'2016-10-29','2017-06-07',90.41,'PLN',47394.6),
(824,663,332,368706.89,'2016-05-11','2016-12-08',813.34,'PLN',66474.17),
(825,956,256,86473.86,'2016-07-15','2017-08-23',888.4,'PLN',42752.18),
(826,733,156,791311.14,'2016-05-14','2017-04-03',318.32,'PLN',12663.13),
(827,913,145,936118.76,'2016-07-03','2017-07-28',351.71,'PLN',98744.79),
(828,532,304,10713.8,'2015-11-29','2016-12-09',281.15,'PLN',6891.15),
(829,913,477,312995.11,'2016-03-07','2017-02-17',802.77,'PLN',24215.01),
(830,546,294,295589.59,'2015-12-28','2017-09-27',367.97,'PLN',22401.13),
(831,807,262,887333.17,'2016-05-27','2016-11-26',836.51,'PLN',60298.16),
(832,936,416,889245.24,'2016-04-02','2017-05-19',877.77,'PLN',54321.04),
(833,653,362,310485.64,'2015-12-30','2017-03-30',119.58,'PLN',46893.9),
(834,677,256,240713.07,'2016-08-23','2017-07-24',716.93,'PLN',94722.28),
(835,999,251,622467.1,'2016-07-11','2017-01-08',306.56,'PLN',30398.21),
(836,698,481,583888.21,'2015-12-01','2017-08-24',775.34,'PLN',25151.81),
(837,628,213,983309.95,'2016-02-23','2017-06-12',746.12,'PLN',17099.85),
(838,537,359,589913.51,'2016-09-27','2017-03-22',565.26,'PLN',29918.57),
(839,708,180,137482.28,'2016-08-17','2017-01-25',49.81,'PLN',20492.42),
(840,614,491,22078.56,'2016-08-26','2017-10-02',555.4,'PLN',81950.05),
(841,937,491,21623.49,'2015-12-06','2017-05-24',589.35,'PLN',28976.01),
(842,730,146,370391.49,'2016-07-08','2017-01-15',297.71,'PLN',85944.92),
(843,831,235,270582.6,'2016-09-16','2017-08-30',574.87,'PLN',33020.29),
(844,658,87,334568.22,'2016-03-25','2017-08-14',203.13,'PLN',80832.92),
(845,615,40,65193.54,'2016-07-10','2017-01-17',547.72,'PLN',97833.07),
(846,761,279,759520.55,'2015-12-14','2016-12-21',675.22,'PLN',5213.11),
(847,634,366,797471.79,'2016-08-07','2016-12-06',895.37,'PLN',48926.57),
(848,961,177,206558.26,'2016-10-16','2017-08-07',256.78,'PLN',15477.1),
(849,923,190,404894.95,'2016-10-27','2017-09-22',364.46,'PLN',53695.83),
(850,570,286,766334.81,'2016-01-14','2017-07-27',484.44,'PLN',16733.67),
(851,537,60,945126.91,'2015-12-29','2017-10-16',509.77,'PLN',32221.63),
(852,971,37,986209.5,'2016-10-03','2017-03-24',280.53,'PLN',21436.57),
(853,923,292,46071.95,'2016-09-25','2017-05-07',572.67,'PLN',14982.86),
(854,892,473,895003.11,'2016-03-27','2017-07-27',938.29,'PLN',89777.47),
(855,691,132,273308.13,'2016-08-02','2016-11-28',431.91,'PLN',84010.86),
(856,773,235,62269.0,'2016-01-12','2017-02-21',78.58,'PLN',29441.0),
(857,576,109,207997.07,'2016-09-11','2017-10-06',12.8,'PLN',87241.07),
(858,818,394,427023.14,'2016-01-04','2017-09-13',370.59,'PLN',40229.06),
(859,940,197,123023.65,'2016-03-17','2017-01-21',877.92,'PLN',3414.85),
(860,934,216,272502.94,'2016-08-18','2017-10-27',318.43,'PLN',81346.91),
(861,864,359,583650.85,'2016-05-07','2017-05-02',652.83,'PLN',56857.06),
(862,729,298,208841.91,'2016-10-11','2017-02-08',17.55,'PLN',15803.41),
(863,883,159,81173.78,'2016-04-13','2017-02-22',464.95,'PLN',37802.47),
(864,550,113,354690.45,'2016-06-22','2017-04-17',481.47,'PLN',47413.14),
(865,911,219,934029.98,'2016-03-13','2017-03-01',691.85,'PLN',74667.2),
(866,614,345,81632.73,'2016-09-02','2017-11-16',929.36,'PLN',11298.19),
(867,745,369,160582.49,'2016-04-15','2016-12-17',27.05,'PLN',29758.36),
(868,768,163,701861.8,'2016-04-08','2017-02-12',308.65,'PLN',8572.71),
(869,617,437,841209.95,'2016-08-15','2017-06-18',177.22,'PLN',49388.26),
(870,659,388,339937.6,'2016-09-12','2017-09-07',304.52,'PLN',90053.18),
(871,908,27,644643.08,'2016-08-16','2017-11-12',403.86,'PLN',93207.09),
(872,876,40,933524.31,'2016-03-12','2017-08-10',159.33,'PLN',92372.91),
(873,757,483,694377.45,'2015-12-23','2017-02-25',616.07,'PLN',95790.4),
(874,994,115,855900.35,'2016-03-09','2017-04-28',790.17,'PLN',12788.98),
(875,848,350,795795.51,'2016-08-30','2017-03-03',807.45,'PLN',76115.64),
(876,601,340,44583.19,'2016-01-03','2017-01-13',951.32,'PLN',76255.47),
(877,866,4,233055.14,'2016-06-29','2017-10-13',311.37,'PLN',7534.59),
(878,820,72,755806.47,'2016-04-23','2017-02-05',541.27,'PLN',99996.6),
(879,515,491,877049.78,'2016-10-27','2017-02-16',622.77,'PLN',92196.06),
(880,995,230,143675.17,'2016-06-10','2017-01-03',599.87,'PLN',96848.67),
(881,970,272,221732.15,'2016-02-17','2017-10-08',403.19,'PLN',49596.09),
(882,907,256,785646.01,'2016-02-11','2017-02-22',81.51,'PLN',79050.07),
(883,675,156,185781.25,'2016-02-25','2017-08-03',747.34,'PLN',29030.32),
(884,965,309,42647.87,'2016-10-26','2017-05-26',123.81,'PLN',28943.32),
(885,908,483,80125.88,'2016-03-02','2017-01-30',845.56,'PLN',90196.07),
(886,779,230,752426.01,'2016-02-25','2016-12-24',259.07,'PLN',92213.77),
(887,586,19,49008.07,'2016-08-01','2017-03-21',825.4,'PLN',65039.14),
(888,539,357,208881.53,'2016-01-29','2017-05-06',836.69,'PLN',22824.39),
(889,852,2,543285.12,'2016-08-01','2017-01-06',799.38,'PLN',17163.13),
(890,911,129,677942.72,'2016-05-28','2017-10-17',840.18,'PLN',66716.37),
(891,713,455,979379.8,'2016-01-23','2017-03-05',982.2,'PLN',52716.68),
(892,752,375,842190.39,'2015-12-27','2017-03-02',290.9,'PLN',13630.35),
(893,827,360,675763.59,'2016-04-08','2017-06-27',171.95,'PLN',8646.63),
(894,844,386,551737.3,'2016-06-28','2017-03-12',533.29,'PLN',73063.4),
(895,917,173,441089.73,'2016-06-14','2017-08-19',913.82,'PLN',50552.96),
(896,897,16,88015.68,'2016-05-08','2017-10-31',892.74,'PLN',41411.83),
(897,998,192,814071.47,'2016-11-11','2017-08-03',283.37,'PLN',53103.68),
(898,539,394,819951.55,'2016-09-17','2017-01-23',487.03,'PLN',22760.15),
(899,532,374,924920.04,'2016-11-05','2017-05-17',437.92,'PLN',11065.93),
(900,586,197,648620.18,'2016-07-17','2016-12-25',356.46,'PLN',45561.74),
(901,882,208,261634.27,'2016-10-20','2017-10-15',890.63,'PLN',38481.75),
(902,915,31,996805.33,'2016-11-19','2016-11-29',554.81,'PLN',81616.82),
(903,827,150,281666.54,'2016-05-22','2017-06-18',861.08,'PLN',57365.03),
(904,527,17,304027.94,'2016-10-13','2017-05-09',415.15,'PLN',22288.49),
(905,922,469,810467.57,'2016-07-22','2017-04-28',49.43,'PLN',55518.61),
(906,784,484,35410.51,'2016-08-20','2017-10-25',869.0,'PLN',99807.88),
(907,916,461,513125.49,'2016-09-17','2017-11-10',767.93,'PLN',5668.07),
(908,804,301,104394.32,'2016-10-10','2017-07-27',456.52,'PLN',58804.41),
(909,838,496,413800.98,'2016-05-02','2017-06-27',544.59,'PLN',85081.7),
(910,643,498,344638.35,'2016-09-11','2017-02-09',517.8,'PLN',84857.47),
(911,577,393,469895.77,'2016-07-03','2016-11-24',87.8,'PLN',16193.43),
(912,902,398,245554.48,'2016-06-08','2017-10-05',1.53,'PLN',82901.03),
(913,564,428,583847.55,'2016-10-07','2017-08-03',869.27,'PLN',64468.56),
(914,928,216,588774.1,'2016-11-08','2017-04-17',367.6,'PLN',68722.59),
(915,662,385,155187.52,'2016-06-08','2016-11-30',544.19,'PLN',79849.32),
(916,792,461,889452.4,'2016-05-06','2017-02-07',193.75,'PLN',91583.3),
(917,742,263,338963.72,'2016-02-04','2017-07-05',983.56,'PLN',52590.43),
(918,602,145,656653.88,'2016-03-18','2017-04-02',323.93,'PLN',45146.2),
(919,694,344,583872.17,'2016-06-12','2017-01-15',842.6,'PLN',73142.07),
(920,502,423,441176.51,'2015-12-31','2017-09-18',717.61,'PLN',47434.43),
(921,845,387,774395.09,'2016-01-13','2017-01-06',332.89,'PLN',38960.67),
(922,528,332,437021.44,'2015-12-19','2017-02-03',573.86,'PLN',78451.88),
(923,654,119,395991.17,'2016-06-03','2017-05-20',202.15,'PLN',38725.26),
(924,643,366,44311.61,'2016-01-05','2017-04-16',813.28,'PLN',56383.36),
(925,739,54,580846.05,'2016-02-13','2016-11-22',856.79,'PLN',66410.08),
(926,851,182,286814.9,'2016-10-12','2017-03-14',602.95,'PLN',9952.05),
(927,631,397,673930.8,'2016-06-22','2017-02-16',86.49,'PLN',74011.62),
(928,696,413,306340.34,'2016-02-05','2017-01-22',306.32,'PLN',65546.71),
(929,585,219,85074.57,'2015-12-05','2017-08-16',968.29,'PLN',62450.87),
(930,533,468,329106.05,'2016-09-05','2017-10-31',29.57,'PLN',13141.6),
(931,651,471,662499.21,'2016-03-29','2017-07-11',239.5,'PLN',35269.53),
(932,721,149,515802.2,'2016-04-09','2017-07-24',820.02,'PLN',44817.03),
(933,740,409,636744.18,'2016-07-22','2017-01-01',734.71,'PLN',99211.13),
(934,514,310,967407.66,'2016-01-05','2017-08-21',549.7,'PLN',73848.74),
(935,811,37,341108.45,'2016-09-05','2016-12-20',381.13,'PLN',89626.04),
(936,806,11,862928.61,'2016-09-05','2016-12-14',588.3,'PLN',40869.3),
(937,719,417,415750.64,'2016-04-02','2017-08-05',740.05,'PLN',26861.84),
(938,845,207,253072.45,'2016-02-16','2017-07-03',535.03,'PLN',96515.1),
(939,781,225,47289.96,'2016-02-23','2017-06-08',168.98,'PLN',72398.2),
(940,783,380,425480.18,'2016-01-27','2017-10-23',537.35,'PLN',17257.48),
(941,834,273,984227.75,'2016-08-14','2017-04-24',359.55,'PLN',50458.09),
(942,959,465,992489.62,'2016-11-10','2017-05-30',77.52,'PLN',62776.75),
(943,619,293,600758.86,'2016-01-15','2017-10-16',281.02,'PLN',32174.74),
(944,821,387,931494.28,'2016-08-05','2017-03-13',553.75,'PLN',19273.05),
(945,880,233,157475.84,'2016-01-03','2017-04-21',426.94,'PLN',45116.56),
(946,622,112,730824.06,'2015-12-31','2017-03-25',523.16,'PLN',93518.16),
(947,985,156,627249.21,'2016-11-17','2017-02-09',724.94,'PLN',71069.74),
(948,659,469,560678.3,'2016-01-18','2017-01-22',107.2,'PLN',27237.38),
(949,589,230,18002.08,'2015-11-30','2016-11-27',524.77,'PLN',29450.98),
(950,930,14,998981.2,'2015-11-28','2017-09-07',788.09,'PLN',90571.0),
(951,926,496,31329.77,'2016-04-14','2017-05-30',729.58,'PLN',12570.4),
(952,606,273,296143.97,'2016-11-12','2017-04-28',645.75,'PLN',86899.81),
(953,643,488,146922.13,'2016-04-11','2017-02-01',378.3,'PLN',42187.55),
(954,974,187,460551.2,'2016-11-17','2017-07-28',999.99,'PLN',59229.45),
(955,699,346,817428.12,'2016-05-20','2017-07-21',823.93,'PLN',54400.62),
(956,719,425,588224.39,'2016-08-20','2017-10-02',431.52,'PLN',30613.33),
(957,963,1,396917.1,'2016-09-29','2017-05-22',83.48,'PLN',91882.23),
(958,895,349,845422.47,'2016-10-31','2017-01-21',257.62,'PLN',37754.22),
(959,857,449,708286.3,'2015-11-26','2017-03-15',959.17,'PLN',88822.33),
(960,623,98,342080.07,'2016-08-11','2016-12-10',734.93,'PLN',27959.7),
(961,768,359,780977.03,'2016-10-14','2017-09-01',149.39,'PLN',74661.61),
(962,963,313,806808.29,'2015-12-16','2016-12-26',551.64,'PLN',85036.75),
(963,714,319,260045.87,'2016-05-19','2017-08-03',779.14,'PLN',97796.51),
(964,553,75,490810.73,'2016-07-15','2017-07-12',555.24,'PLN',29495.93),
(965,599,93,301147.88,'2016-03-11','2017-05-23',585.74,'PLN',79909.42),
(966,678,105,88382.55,'2016-06-11','2017-01-24',139.5,'PLN',2595.9),
(967,592,240,423204.55,'2015-12-30','2017-03-04',394.94,'PLN',55425.55),
(968,534,389,665803.02,'2016-07-06','2017-03-21',285.63,'PLN',92293.97),
(969,905,377,791494.79,'2016-09-11','2017-11-19',515.69,'PLN',28820.37),
(970,864,284,638257.13,'2016-10-24','2017-06-10',917.6,'PLN',92078.66),
(971,907,123,748652.6,'2016-03-26','2017-07-08',268.73,'PLN',95099.18),
(972,871,311,726021.05,'2016-11-19','2016-12-10',990.53,'PLN',945.45),
(973,563,217,99515.76,'2016-03-27','2017-07-26',44.77,'PLN',15743.44),
(974,772,96,556523.34,'2016-09-12','2017-02-18',583.35,'PLN',74436.89),
(975,814,138,688005.52,'2016-02-19','2017-07-19',62.69,'PLN',23765.44),
(976,913,131,157965.59,'2016-09-26','2017-07-20',213.37,'PLN',22703.48),
(977,951,245,180199.35,'2016-06-01','2017-03-14',366.01,'PLN',47236.24),
(978,708,304,13057.48,'2015-12-20','2017-03-15',630.51,'PLN',21952.04),
(979,605,25,687454.99,'2016-07-20','2017-11-15',558.11,'PLN',90748.95),
(980,503,83,608015.45,'2016-04-09','2017-07-25',482.55,'PLN',60433.14),
(981,587,78,926973.86,'2015-12-03','2017-06-25',332.05,'PLN',98752.45),
(982,931,271,522327.59,'2016-01-02','2017-01-22',470.41,'PLN',79279.56),
(983,643,74,24359.93,'2016-10-31','2017-05-03',0.54,'PLN',43538.02),
(984,958,87,58881.15,'2016-06-19','2017-10-22',933.77,'PLN',92042.83),
(985,537,145,813746.06,'2016-04-09','2017-03-13',974.55,'PLN',33884.21),
(986,841,432,211917.52,'2016-10-24','2017-05-16',222.28,'PLN',74685.01),
(987,621,210,585787.09,'2016-06-07','2017-01-28',476.09,'PLN',27962.77),
(988,971,398,411867.93,'2016-03-27','2017-01-25',716.55,'PLN',10068.12),
(989,504,94,672251.55,'2016-05-27','2017-08-25',701.34,'PLN',56081.32),
(990,692,445,971471.41,'2016-03-13','2017-10-15',965.47,'PLN',47643.69),
(991,508,481,38236.67,'2016-06-23','2017-10-29',174.6,'PLN',15185.87),
(992,587,93,486694.96,'2016-09-26','2017-09-16',102.93,'PLN',80.1),
(993,836,468,178946.35,'2016-07-02','2017-10-24',151.92,'PLN',87769.1),
(994,726,266,618803.84,'2016-05-06','2017-08-10',496.68,'PLN',43975.62),
(995,718,85,87745.89,'2016-08-07','2017-03-12',644.99,'PLN',62927.98),
(996,661,417,700562.93,'2016-08-05','2017-11-16',466.42,'PLN',21590.01),
(997,874,385,875644.15,'2016-11-07','2017-04-29',941.6,'PLN',96786.82),
(998,671,378,469864.34,'2016-06-18','2017-05-16',885.06,'PLN',54687.9),
(999,909,392,779618.19,'2015-11-24','2017-08-16',398.42,'PLN',43349.67),
(1000,554,149,938207.63,'2015-12-01','2017-01-03',549.06,'PLN',80122.2);

INSERT INTO Upowaznienia
VALUES 
(1,44,'2016-11-10','2017-06-23'),
(2,256,'2016-11-11','2016-11-23'),
(3,659,'2016-11-09','2017-05-26'),
(4,804,'2016-11-18','2017-12-21'),
(5,510,'2016-11-16','2017-02-21'),
(6,840,'2016-11-07','2017-07-02'),
(7,476,'2016-11-10','2017-06-06'),
(8,851,'2016-11-07','2017-09-08'),
(9,976,'2016-11-19','2017-01-28'),
(10,374,'2016-11-16','2017-02-16'),
(11,997,'2016-11-10','2017-09-25'),
(12,484,'2016-11-08','2016-12-06'),
(13,321,'2016-11-11','2017-04-18'),
(14,359,'2016-11-15','2017-09-17'),
(15,86,'2016-11-08','2018-03-07'),
(16,825,'2016-11-15','2017-03-13'),
(17,865,'2016-11-09','2018-02-03'),
(18,817,'2016-11-08','2017-12-31'),
(19,518,'2016-11-09','2017-06-07'),
(20,397,'2016-11-10','2018-02-17'),
(21,846,'2016-11-13','2018-02-13'),
(22,991,'2016-11-18','2017-06-13'),
(23,302,'2016-11-17','2017-03-04'),
(24,409,'2016-11-13','2017-10-12'),
(25,541,'2016-11-09','2016-12-22'),
(26,738,'2016-11-07','2017-07-01'),
(27,624,'2016-11-18','2017-01-17'),
(28,986,'2016-11-14','2018-01-31'),
(29,247,'2016-11-06','2017-01-25'),
(30,978,'2016-11-16','2016-12-21'),
(31,282,'2016-11-10','2017-09-03'),
(32,907,'2016-11-16','2017-09-21'),
(33,251,'2016-11-18','2017-05-25'),
(34,346,'2016-11-14','2017-03-14'),
(35,886,'2016-11-06','2017-07-02'),
(36,360,'2016-11-17','2017-05-14'),
(37,237,'2016-11-08','2017-07-20'),
(38,819,'2016-11-20','2017-04-05'),
(39,298,'2016-11-08','2018-03-23'),
(40,908,'2016-11-18','2018-02-22'),
(41,404,'2016-11-13','2017-05-17'),
(42,800,'2016-11-10','2017-04-11'),
(43,641,'2016-11-08','2017-12-10'),
(44,495,'2016-11-10','2018-04-01'),
(45,618,'2016-11-08','2016-12-31'),
(46,434,'2016-11-11','2017-02-13'),
(47,693,'2016-11-16','2018-02-24'),
(48,622,'2016-11-20','2017-01-22'),
(49,7,'2016-11-17','2017-01-01'),
(50,478,'2016-11-20','2017-02-23'),
(51,816,'2016-11-18','2017-08-10'),
(52,517,'2016-11-15','2017-11-14'),
(53,775,'2016-11-10','2017-05-21'),
(54,181,'2016-11-11','2017-06-17'),
(55,913,'2016-11-18','2017-10-31'),
(56,642,'2016-11-19','2017-10-31'),
(57,345,'2016-11-12','2017-10-07'),
(58,242,'2016-11-18','2016-11-22'),
(59,368,'2016-11-18','2018-01-27'),
(60,547,'2016-11-08','2018-04-02'),
(61,733,'2016-11-19','2016-12-18'),
(62,71,'2016-11-15','2018-02-18'),
(63,489,'2016-11-20','2017-08-12'),
(64,158,'2016-11-13','2017-12-11'),
(65,55,'2016-11-11','2017-11-23'),
(66,704,'2016-11-13','2017-06-10'),
(67,170,'2016-11-12','2017-01-09'),
(68,391,'2016-11-10','2017-07-15'),
(69,911,'2016-11-15','2017-08-22'),
(70,588,'2016-11-13','2018-01-21'),
(71,546,'2016-11-08','2017-01-15'),
(72,306,'2016-11-08','2016-11-27'),
(73,250,'2016-11-10','2017-10-28'),
(74,110,'2016-11-12','2017-04-18'),
(75,549,'2016-11-07','2017-09-17'),
(76,767,'2016-11-12','2016-12-26'),
(77,322,'2016-11-08','2017-03-24'),
(78,385,'2016-11-17','2017-04-28'),
(79,728,'2016-11-18','2018-02-28'),
(80,186,'2016-11-18','2017-10-20'),
(81,781,'2016-11-08','2018-03-24'),
(82,224,'2016-11-13','2017-01-04'),
(83,182,'2016-11-06','2017-03-20'),
(84,829,'2016-11-18','2016-11-25'),
(85,784,'2016-11-07','2018-02-18'),
(86,677,'2016-11-12','2017-12-14'),
(87,339,'2016-11-18','2017-12-03'),
(88,198,'2016-11-11','2017-01-02'),
(89,971,'2016-11-17','2017-06-13'),
(90,982,'2016-11-07','2016-11-26'),
(91,214,'2016-11-14','2017-05-17'),
(92,16,'2016-11-07','2017-03-30'),
(93,583,'2016-11-12','2018-03-04'),
(94,479,'2016-11-10','2018-01-12'),
(95,937,'2016-11-14','2016-12-12'),
(96,921,'2016-11-09','2017-11-25'),
(97,177,'2016-11-16','2017-02-24'),
(98,53,'2016-11-16','2018-03-10'),
(99,740,'2016-11-08','2018-02-10'),
(100,104,'2016-11-16','2017-03-05'),
(101,294,'2016-11-09','2017-04-18'),
(102,935,'2016-11-08','2016-12-15'),
(103,106,'2016-11-12','2017-01-28'),
(104,117,'2016-11-14','2017-05-10'),
(105,2,'2016-11-16','2016-12-15'),
(106,299,'2016-11-09','2017-12-26'),
(107,412,'2016-11-14','2017-05-25'),
(108,407,'2016-11-20','2017-11-17'),
(109,924,'2016-11-17','2017-05-26'),
(110,554,'2016-11-14','2018-02-07'),
(111,918,'2016-11-09','2017-09-03'),
(112,811,'2016-11-19','2017-10-04'),
(113,916,'2016-11-20','2017-02-12'),
(114,563,'2016-11-16','2016-12-10'),
(115,93,'2016-11-16','2018-01-29'),
(116,681,'2016-11-06','2017-08-24'),
(117,490,'2016-11-08','2017-12-15'),
(118,649,'2016-11-12','2017-07-18'),
(119,62,'2016-11-16','2017-06-09'),
(120,879,'2016-11-06','2017-11-18'),
(121,140,'2016-11-09','2018-02-01'),
(122,701,'2016-11-19','2017-04-06'),
(123,713,'2016-11-18','2016-12-30'),
(124,606,'2016-11-11','2018-03-16'),
(125,308,'2016-11-10','2017-09-10'),
(126,855,'2016-11-07','2017-09-23'),
(127,142,'2016-11-10','2018-01-30'),
(128,307,'2016-11-16','2018-04-03'),
(129,380,'2016-11-17','2016-11-26'),
(130,863,'2016-11-07','2017-10-31'),
(131,961,'2016-11-17','2017-03-19'),
(132,162,'2016-11-13','2017-04-22'),
(133,862,'2016-11-16','2017-01-03'),
(134,286,'2016-11-18','2016-12-14'),
(135,768,'2016-11-12','2018-03-10'),
(136,792,'2016-11-11','2017-03-16'),
(137,340,'2016-11-07','2017-01-20'),
(138,501,'2016-11-14','2017-07-11'),
(139,276,'2016-11-11','2017-01-02'),
(140,327,'2016-11-15','2017-05-18'),
(141,739,'2016-11-09','2017-04-05'),
(142,524,'2016-11-14','2018-01-16'),
(143,94,'2016-11-08','2017-08-21'),
(144,30,'2016-11-08','2017-04-06'),
(145,570,'2016-11-13','2017-09-10'),
(146,905,'2016-11-09','2018-03-05'),
(147,446,'2016-11-15','2017-08-27'),
(148,387,'2016-11-12','2018-02-22'),
(149,757,'2016-11-09','2017-07-11'),
(150,381,'2016-11-14','2017-01-04'),
(151,866,'2016-11-10','2017-02-04'),
(152,566,'2016-11-18','2017-06-24'),
(153,702,'2016-11-09','2017-02-17'),
(154,579,'2016-11-19','2017-12-28'),
(155,163,'2016-11-15','2017-11-14'),
(156,915,'2016-11-14','2017-02-21'),
(157,765,'2016-11-09','2017-09-08'),
(158,270,'2016-11-19','2018-01-28'),
(159,287,'2016-11-17','2017-01-18'),
(160,362,'2016-11-18','2016-11-29'),
(161,80,'2016-11-18','2017-01-31'),
(162,940,'2016-11-15','2017-09-30'),
(163,303,'2016-11-19','2018-03-28'),
(164,455,'2016-11-12','2017-12-11'),
(165,894,'2016-11-11','2017-12-17'),
(166,872,'2016-11-17','2017-08-12'),
(167,818,'2016-11-09','2018-02-05'),
(168,223,'2016-11-16','2017-01-26'),
(169,284,'2016-11-08','2017-09-29'),
(170,84,'2016-11-14','2017-12-25'),
(171,507,'2016-11-06','2017-11-24'),
(172,153,'2016-11-12','2018-03-04'),
(173,394,'2016-11-18','2016-12-15'),
(174,353,'2016-11-19','2017-06-20'),
(175,361,'2016-11-16','2018-02-17'),
(176,403,'2016-11-17','2017-11-07'),
(177,174,'2016-11-12','2017-08-26'),
(178,167,'2016-11-12','2017-09-21'),
(179,152,'2016-11-12','2017-11-27'),
(180,912,'2016-11-19','2017-04-17'),
(181,774,'2016-11-14','2018-03-31'),
(182,451,'2016-11-14','2018-02-13'),
(183,172,'2016-11-15','2017-06-15'),
(184,305,'2016-11-10','2017-09-21'),
(185,807,'2016-11-06','2016-12-17'),
(186,719,'2016-11-20','2017-04-08'),
(187,123,'2016-11-18','2017-07-13'),
(188,204,'2016-11-18','2016-11-25'),
(189,676,'2016-11-18','2017-06-25'),
(190,197,'2016-11-12','2017-03-25'),
(191,670,'2016-11-08','2017-07-28'),
(192,390,'2016-11-12','2017-12-19'),
(193,313,'2016-11-17','2017-07-10'),
(194,892,'2016-11-12','2018-01-02'),
(195,576,'2016-11-14','2018-03-27'),
(196,832,'2016-11-09','2017-12-08'),
(197,450,'2016-11-16','2017-11-27'),
(198,568,'2016-11-10','2017-05-27'),
(199,666,'2016-11-16','2017-11-17'),
(200,664,'2016-11-18','2017-10-16'),
(201,207,'2016-11-07','2016-11-24'),
(202,475,'2016-11-13','2017-11-02'),
(203,176,'2016-11-17','2017-10-27'),
(204,698,'2016-11-15','2017-07-08'),
(205,714,'2016-11-19','2017-02-03'),
(206,468,'2016-11-12','2018-01-29'),
(207,24,'2016-11-15','2017-09-13'),
(208,729,'2016-11-13','2017-07-15'),
(209,21,'2016-11-11','2017-05-24'),
(210,788,'2016-11-19','2017-06-10'),
(211,27,'2016-11-07','2016-12-09'),
(212,363,'2016-11-20','2017-08-20'),
(213,285,'2016-11-08','2017-11-13'),
(214,597,'2016-11-15','2017-04-04'),
(215,687,'2016-11-13','2017-03-15'),
(216,777,'2016-11-12','2017-10-01'),
(217,267,'2016-11-17','2017-03-27'),
(218,503,'2016-11-14','2018-01-07'),
(219,545,'2016-11-12','2017-04-05'),
(220,672,'2016-11-11','2017-03-17'),
(221,107,'2016-11-13','2017-11-14'),
(222,929,'2016-11-08','2016-12-15'),
(223,87,'2016-11-16','2018-01-15'),
(224,423,'2016-11-13','2018-02-25'),
(225,896,'2016-11-10','2017-04-13'),
(226,66,'2016-11-13','2018-02-24'),
(227,70,'2016-11-09','2017-11-18'),
(228,232,'2016-11-14','2017-08-23'),
(229,108,'2016-11-08','2017-03-06'),
(230,209,'2016-11-08','2017-08-29'),
(231,790,'2016-11-17','2017-05-15'),
(232,867,'2016-11-08','2017-06-22'),
(233,847,'2016-11-06','2017-07-28'),
(234,967,'2016-11-12','2017-10-18'),
(235,599,'2016-11-15','2017-10-16'),
(236,59,'2016-11-19','2017-07-28'),
(237,514,'2016-11-20','2017-01-09'),
(238,523,'2016-11-17','2017-07-16'),
(239,136,'2016-11-07','2017-08-06'),
(240,211,'2016-11-07','2017-02-07'),
(241,234,'2016-11-13','2017-02-28'),
(242,651,'2016-11-12','2017-01-17'),
(243,859,'2016-11-10','2017-02-21'),
(244,808,'2016-11-15','2017-08-15'),
(245,56,'2016-11-13','2017-04-19'),
(246,116,'2016-11-09','2017-06-16'),
(247,726,'2016-11-19','2016-12-24'),
(248,309,'2016-11-09','2017-11-29'),
(249,984,'2016-11-15','2017-01-04'),
(250,897,'2016-11-09','2017-09-01'),
(251,735,'2016-11-18','2017-11-07'),
(252,755,'2016-11-18','2018-03-19'),
(253,994,'2016-11-12','2017-09-05'),
(254,437,'2016-11-11','2017-07-15'),
(255,594,'2016-11-15','2017-01-22'),
(256,266,'2016-11-07','2017-01-24'),
(257,511,'2016-11-20','2017-11-17'),
(258,92,'2016-11-19','2017-06-05'),
(259,483,'2016-11-10','2017-08-09'),
(260,543,'2016-11-09','2017-07-17'),
(261,47,'2016-11-08','2017-08-03'),
(262,963,'2016-11-16','2016-12-07'),
(263,556,'2016-11-14','2016-12-23'),
(264,587,'2016-11-08','2017-06-09'),
(265,411,'2016-11-17','2017-02-05'),
(266,311,'2016-11-11','2018-02-18'),
(267,347,'2016-11-06','2018-01-29'),
(268,166,'2016-11-18','2018-03-21'),
(269,853,'2016-11-09','2017-10-16'),
(270,813,'2016-11-15','2016-12-15'),
(271,488,'2016-11-07','2017-04-28'),
(272,614,'2016-11-06','2017-06-26'),
(273,878,'2016-11-10','2017-11-08'),
(274,365,'2016-11-14','2017-10-17'),
(275,103,'2016-11-12','2017-09-16'),
(276,820,'2016-11-17','2016-12-12'),
(277,10,'2016-11-20','2017-07-05'),
(278,220,'2016-11-09','2017-10-05'),
(279,946,'2016-11-07','2017-04-15'),
(280,49,'2016-11-20','2018-01-28'),
(281,241,'2016-11-15','2017-08-13'),
(282,560,'2016-11-07','2017-03-10'),
(283,210,'2016-11-18','2017-02-18'),
(284,890,'2016-11-19','2017-06-04'),
(285,373,'2016-11-17','2018-03-28'),
(286,604,'2016-11-13','2017-10-16'),
(287,951,'2016-11-17','2017-02-23'),
(288,791,'2016-11-17','2017-02-23'),
(289,778,'2016-11-09','2018-01-05'),
(290,509,'2016-11-09','2018-03-04'),
(291,168,'2016-11-11','2017-06-28'),
(292,34,'2016-11-10','2017-07-13'),
(293,652,'2016-11-09','2018-01-01'),
(294,718,'2016-11-11','2017-11-20'),
(295,228,'2016-11-15','2017-03-01'),
(296,194,'2016-11-17','2017-05-26'),
(297,520,'2016-11-15','2017-09-22'),
(298,955,'2016-11-18','2017-05-01'),
(299,139,'2016-11-18','2017-01-03'),
(300,367,'2016-11-14','2017-07-14'),
(301,413,'2016-11-14','2018-03-05'),
(302,970,'2016-11-14','2017-09-06'),
(303,910,'2016-11-09','2018-01-29'),
(304,754,'2016-11-09','2017-07-06'),
(305,904,'2016-11-12','2017-11-11'),
(306,331,'2016-11-15','2017-04-10'),
(307,203,'2016-11-16','2017-05-11'),
(308,710,'2016-11-07','2017-03-30'),
(309,731,'2016-11-18','2017-05-09'),
(310,109,'2016-11-16','2017-03-08'),
(311,274,'2016-11-12','2016-12-01'),
(312,756,'2016-11-06','2017-12-27'),
(313,29,'2016-11-18','2017-01-06'),
(314,993,'2016-11-09','2017-04-13'),
(315,350,'2016-11-15','2017-11-11'),
(316,830,'2016-11-12','2017-01-18'),
(317,96,'2016-11-11','2017-04-28'),
(318,580,'2016-11-12','2016-12-04'),
(319,696,'2016-11-18','2017-08-12'),
(320,289,'2016-11-10','2017-01-03'),
(321,586,'2016-11-15','2018-02-19'),
(322,11,'2016-11-13','2017-03-28'),
(323,626,'2016-11-07','2017-03-19'),
(324,491,'2016-11-08','2017-01-01'),
(325,408,'2016-11-07','2017-08-15'),
(326,178,'2016-11-17','2017-07-28'),
(327,654,'2016-11-19','2017-02-27'),
(328,938,'2016-11-18','2017-03-06'),
(329,858,'2016-11-13','2016-11-22'),
(330,609,'2016-11-18','2017-11-16'),
(331,75,'2016-11-18','2017-12-12'),
(332,854,'2016-11-11','2017-01-29'),
(333,537,'2016-11-06','2017-07-23'),
(334,90,'2016-11-19','2018-03-14'),
(335,843,'2016-11-16','2018-04-02'),
(336,601,'2016-11-13','2017-02-08'),
(337,801,'2016-11-10','2017-07-12'),
(338,942,'2016-11-14','2017-01-30'),
(339,559,'2016-11-07','2017-09-23'),
(340,608,'2016-11-11','2017-08-19'),
(341,936,'2016-11-19','2017-03-08'),
(342,822,'2016-11-14','2016-12-10'),
(343,673,'2016-11-11','2017-08-03'),
(344,417,'2016-11-15','2018-04-02'),
(345,690,'2016-11-13','2017-09-13'),
(346,406,'2016-11-19','2018-01-19'),
(347,9,'2016-11-10','2017-08-27'),
(348,836,'2016-11-08','2017-07-25'),
(349,780,'2016-11-20','2017-10-30'),
(350,988,'2016-11-19','2017-09-28'),
(351,99,'2016-11-17','2018-03-04'),
(352,717,'2016-11-12','2017-07-24'),
(353,516,'2016-11-18','2017-09-19'),
(354,504,'2016-11-15','2017-12-27'),
(355,279,'2016-11-16','2018-03-02'),
(356,146,'2016-11-17','2017-09-01'),
(357,635,'2016-11-19','2017-04-22'),
(358,180,'2016-11-15','2017-05-27'),
(359,539,'2016-11-13','2018-03-12'),
(360,742,'2016-11-17','2017-06-01'),
(361,15,'2016-11-07','2016-12-05'),
(362,83,'2016-11-18','2017-02-07'),
(363,789,'2016-11-14','2017-02-01'),
(364,42,'2016-11-16','2016-12-30'),
(365,684,'2016-11-18','2017-10-24'),
(366,202,'2016-11-13','2017-02-13'),
(367,610,'2016-11-15','2017-01-20'),
(368,436,'2016-11-18','2017-05-08'),
(369,293,'2016-11-07','2017-10-29'),
(370,852,'2016-11-15','2017-04-27'),
(371,833,'2016-11-12','2017-07-29'),
(372,977,'2016-11-10','2016-12-28'),
(373,296,'2016-11-12','2018-02-27'),
(374,502,'2016-11-18','2018-02-25'),
(375,253,'2016-11-19','2017-04-16'),
(376,749,'2016-11-19','2017-09-29'),
(377,772,'2016-11-07','2016-12-08'),
(378,555,'2016-11-12','2017-05-06'),
(379,909,'2016-11-08','2017-12-28'),
(380,273,'2016-11-07','2017-11-16'),
(381,571,'2016-11-18','2017-10-02'),
(382,472,'2016-11-20','2017-01-22'),
(383,979,'2016-11-16','2017-03-17'),
(384,638,'2016-11-19','2017-03-25'),
(385,438,'2016-11-12','2017-12-13'),
(386,722,'2016-11-06','2017-09-23'),
(387,384,'2016-11-15','2017-08-13'),
(388,632,'2016-11-14','2017-08-04'),
(389,750,'2016-11-15','2017-02-07'),
(390,326,'2016-11-14','2016-12-20'),
(391,78,'2016-11-07','2017-07-16'),
(392,793,'2016-11-16','2018-03-29'),
(393,428,'2016-11-09','2017-05-29'),
(394,815,'2016-11-14','2018-03-13'),
(395,264,'2016-11-08','2016-12-03'),
(396,640,'2016-11-19','2017-02-09'),
(397,806,'2016-11-14','2017-04-28'),
(398,414,'2016-11-09','2017-07-24'),
(399,845,'2016-11-12','2018-03-07'),
(400,156,'2016-11-17','2017-08-06'),
(401,725,'2016-11-11','2017-02-27'),
(402,295,'2016-11-15','2016-12-02'),
(403,699,'2016-11-11','2017-11-01'),
(404,602,'2016-11-17','2017-08-12'),
(405,300,'2016-11-12','2017-08-11'),
(406,572,'2016-11-07','2017-07-24'),
(407,707,'2016-11-16','2017-02-10'),
(408,857,'2016-11-10','2018-01-26'),
(409,440,'2016-11-09','2017-03-27'),
(410,372,'2016-11-17','2017-03-24'),
(411,885,'2016-11-14','2017-09-22'),
(412,661,'2016-11-19','2017-09-25'),
(413,199,'2016-11-06','2017-11-10'),
(414,98,'2016-11-10','2017-03-24'),
(415,169,'2016-11-13','2017-07-25'),
(416,41,'2016-11-07','2017-03-09'),
(417,58,'2016-11-09','2017-03-05'),
(418,615,'2016-11-19','2017-06-09'),
(419,703,'2016-11-19','2017-12-10'),
(420,4,'2016-11-07','2017-07-28'),
(421,874,'2016-11-18','2017-02-09'),
(422,25,'2016-11-12','2018-01-27'),
(423,334,'2016-11-12','2017-01-06'),
(424,278,'2016-11-12','2017-05-01'),
(425,871,'2016-11-14','2017-03-21'),
(426,783,'2016-11-09','2018-02-01'),
(427,933,'2016-11-16','2017-07-28'),
(428,126,'2016-11-16','2018-01-17'),
(429,77,'2016-11-18','2016-12-11'),
(430,512,'2016-11-09','2016-12-10'),
(431,248,'2016-11-06','2017-06-29'),
(432,521,'2016-11-14','2017-05-02'),
(433,727,'2016-11-13','2018-02-24'),
(434,470,'2016-11-11','2017-10-25'),
(435,558,'2016-11-13','2018-01-22'),
(436,945,'2016-11-09','2017-02-19'),
(437,585,'2016-11-17','2017-06-15'),
(438,245,'2016-11-19','2017-06-18'),
(439,85,'2016-11-13','2018-03-24'),
(440,966,'2016-11-08','2017-12-06'),
(441,161,'2016-11-17','2018-03-30'),
(442,316,'2016-11-08','2017-07-05'),
(443,625,'2016-11-15','2017-11-15'),
(444,645,'2016-11-19','2018-02-27'),
(445,301,'2016-11-08','2017-10-04'),
(446,536,'2016-11-19','2017-03-02'),
(447,370,'2016-11-09','2017-11-18'),
(448,463,'2016-11-12','2017-10-05'),
(449,462,'2016-11-16','2017-07-15'),
(450,50,'2016-11-11','2017-08-19'),
(451,229,'2016-11-09','2017-04-19'),
(452,746,'2016-11-12','2017-07-15'),
(453,496,'2016-11-18','2017-02-19'),
(454,763,'2016-11-09','2017-06-26'),
(455,418,'2016-11-06','2018-03-19'),
(456,883,'2016-11-15','2018-04-03'),
(457,744,'2016-11-08','2017-11-13'),
(458,150,'2016-11-15','2018-02-11'),
(459,249,'2016-11-06','2017-12-09'),
(460,764,'2016-11-20','2017-01-11'),
(461,923,'2016-11-12','2017-10-03'),
(462,880,'2016-11-08','2017-04-03'),
(463,706,'2016-11-18','2017-06-25'),
(464,630,'2016-11-09','2017-11-26'),
(465,112,'2016-11-14','2017-12-01'),
(466,505,'2016-11-19','2017-04-02'),
(467,884,'2016-11-19','2017-06-15'),
(468,396,'2016-11-11','2017-11-19'),
(469,519,'2016-11-17','2017-04-18'),
(470,919,'2016-11-08','2017-11-25'),
(471,54,'2016-11-08','2017-05-08'),
(472,19,'2016-11-08','2017-12-07'),
(473,573,'2016-11-12','2016-12-28'),
(474,631,'2016-11-13','2017-09-19'),
(475,324,'2016-11-13','2018-04-01'),
(476,283,'2016-11-18','2017-12-19'),
(477,67,'2016-11-09','2018-02-04'),
(478,766,'2016-11-10','2018-03-14'),
(479,605,'2016-11-10','2016-12-21'),
(480,802,'2016-11-17','2016-12-02'),
(481,13,'2016-11-11','2017-06-02'),
(482,776,'2016-11-14','2017-03-20'),
(483,870,'2016-11-07','2016-12-16'),
(484,461,'2016-11-07','2017-08-28'),
(485,949,'2016-11-07','2016-12-29'),
(486,598,'2016-11-19','2017-11-22'),
(487,335,'2016-11-17','2017-09-01'),
(488,823,'2016-11-14','2017-03-05'),
(489,20,'2016-11-17','2017-03-11'),
(490,927,'2016-11-17','2017-05-25'),
(491,405,'2016-11-15','2017-06-21'),
(492,906,'2016-11-14','2017-06-16'),
(493,877,'2016-11-14','2017-07-09'),
(494,424,'2016-11-18','2017-02-01'),
(495,720,'2016-11-15','2017-01-31'),
(496,668,'2016-11-16','2017-07-23'),
(497,28,'2016-11-19','2018-03-23'),
(498,633,'2016-11-07','2017-12-07'),
(499,219,'2016-11-18','2017-03-10'),
(500,35,'2016-11-15','2017-07-11'),
(501,497,'2016-11-19','2017-07-30'),
(502,193,'2016-11-17','2017-08-13'),
(503,838,'2016-11-15','2018-01-28'),
(504,23,'2016-11-06','2018-01-05'),
(505,526,'2016-11-09','2018-03-16'),
(506,643,'2016-11-11','2017-09-21'),
(507,17,'2016-11-15','2017-02-13'),
(508,996,'2016-11-10','2017-01-13'),
(509,134,'2016-11-10','2017-01-19'),
(510,441,'2016-11-15','2017-08-20'),
(511,259,'2016-11-19','2018-01-16'),
(512,143,'2016-11-10','2017-06-06'),
(513,255,'2016-11-12','2017-05-11'),
(514,449,'2016-11-19','2018-03-04'),
(515,627,'2016-11-10','2017-01-04'),
(516,934,'2016-11-06','2017-09-25'),
(517,388,'2016-11-07','2017-11-30'),
(518,271,'2016-11-06','2017-12-30'),
(519,658,'2016-11-12','2017-06-08'),
(520,261,'2016-11-14','2017-08-12'),
(521,553,'2016-11-16','2017-05-29'),
(522,164,'2016-11-19','2017-05-22'),
(523,697,'2016-11-07','2017-07-17'),
(524,565,'2016-11-12','2017-08-28'),
(525,272,'2016-11-19','2017-09-19'),
(526,548,'2016-11-09','2017-02-13'),
(527,960,'2016-11-07','2017-03-20'),
(528,3,'2016-11-09','2017-06-14'),
(529,187,'2016-11-07','2017-01-21'),
(530,562,'2016-11-17','2017-04-16'),
(531,660,'2016-11-19','2018-02-04'),
(532,337,'2016-11-07','2017-10-07'),
(533,773,'2016-11-11','2017-02-10'),
(534,111,'2016-11-13','2017-11-15'),
(535,805,'2016-11-18','2017-10-09'),
(536,753,'2016-11-16','2018-03-28'),
(537,155,'2016-11-12','2018-02-09'),
(538,786,'2016-11-16','2016-12-02'),
(539,18,'2016-11-16','2017-05-29'),
(540,850,'2016-11-11','2017-11-11'),
(541,844,'2016-11-13','2017-05-21'),
(542,260,'2016-11-08','2017-08-05'),
(543,721,'2016-11-11','2017-06-20'),
(544,364,'2016-11-07','2017-03-27'),
(545,875,'2016-11-18','2017-08-01'),
(546,535,'2016-11-11','2018-01-28'),
(547,983,'2016-11-13','2017-07-09'),
(548,159,'2016-11-07','2017-09-24'),
(549,132,'2016-11-17','2017-05-15'),
(550,760,'2016-11-13','2018-01-12'),
(551,737,'2016-11-15','2017-03-17'),
(552,82,'2016-11-12','2018-01-16'),
(553,711,'2016-11-11','2017-08-14'),
(554,837,'2016-11-13','2016-12-27'),
(555,695,'2016-11-14','2017-01-12'),
(556,647,'2016-11-15','2017-03-17'),
(557,262,'2016-11-14','2017-02-21'),
(558,828,'2016-11-15','2017-10-03'),
(559,688,'2016-11-06','2017-10-06'),
(560,173,'2016-11-08','2016-12-09'),
(561,856,'2016-11-10','2018-03-14'),
(562,686,'2016-11-09','2017-01-03'),
(563,330,'2016-11-15','2017-11-05'),
(564,998,'2016-11-09','2017-09-07'),
(565,191,'2016-11-15','2017-05-07'),
(566,465,'2016-11-06','2017-03-10'),
(567,79,'2016-11-19','2018-01-12'),
(568,705,'2016-11-15','2016-12-17'),
(569,57,'2016-11-08','2017-04-13'),
(570,953,'2016-11-08','2017-03-29'),
(571,458,'2016-11-16','2017-08-23'),
(572,980,'2016-11-13','2017-11-17'),
(573,582,'2016-11-08','2017-12-29'),
(574,527,'2016-11-10','2017-06-01'),
(575,304,'2016-11-17','2018-03-28'),
(576,240,'2016-11-11','2016-12-22'),
(577,849,'2016-11-12','2018-02-13'),
(578,900,'2016-11-15','2016-11-27'),
(579,351,'2016-11-09','2017-01-26'),
(580,393,'2016-11-07','2018-01-25'),
(581,981,'2016-11-08','2017-12-30'),
(582,319,'2016-11-19','2018-02-07'),
(583,943,'2016-11-14','2017-08-28'),
(584,590,'2016-11-13','2017-07-02'),
(585,51,'2016-11-10','2017-03-21'),
(586,574,'2016-11-09','2017-01-02'),
(587,498,'2016-11-16','2017-05-07'),
(588,378,'2016-11-07','2017-11-17'),
(589,357,'2016-11-13','2017-03-22'),
(590,115,'2016-11-17','2017-09-16'),
(591,751,'2016-11-08','2017-11-17'),
(592,33,'2016-11-07','2017-03-11'),
(593,662,'2016-11-12','2017-10-10'),
(594,336,'2016-11-20','2017-11-27'),
(595,151,'2016-11-16','2017-05-18'),
(596,312,'2016-11-06','2017-12-10'),
(597,898,'2016-11-14','2017-03-04'),
(598,607,'2016-11-14','2017-08-16'),
(599,190,'2016-11-11','2017-06-15'),
(600,589,'2016-11-08','2017-11-19'),
(601,678,'2016-11-17','2017-10-19'),
(602,341,'2016-11-10','2018-01-03'),
(603,860,'2016-11-11','2017-05-31'),
(604,650,'2016-11-14','2018-02-06'),
(605,893,'2016-11-06','2017-05-01'),
(606,959,'2016-11-19','2017-07-16'),
(607,101,'2016-11-17','2017-03-26'),
(608,492,'2016-11-07','2016-12-31'),
(609,160,'2016-11-11','2017-07-27'),
(610,891,'2016-11-17','2016-12-16'),
(611,68,'2016-11-13','2017-07-09'),
(612,732,'2016-11-16','2017-05-23'),
(613,482,'2016-11-14','2017-10-28'),
(614,869,'2016-11-08','2017-03-29'),
(615,621,'2016-11-10','2018-03-13'),
(616,420,'2016-11-14','2017-08-16'),
(617,426,'2016-11-20','2017-11-15'),
(618,999,'2016-11-20','2017-09-23'),
(619,552,'2016-11-18','2017-06-11'),
(620,263,'2016-11-12','2018-01-16'),
(621,343,'2016-11-08','2016-12-29'),
(622,743,'2016-11-08','2018-04-03'),
(623,796,'2016-11-09','2017-02-12'),
(624,810,'2016-11-10','2018-01-28'),
(625,400,'2016-11-12','2018-01-06'),
(626,522,'2016-11-15','2017-01-28'),
(627,464,'2016-11-08','2018-03-13'),
(628,569,'2016-11-13','2017-10-02'),
(629,268,'2016-11-07','2017-12-22'),
(630,827,'2016-11-07','2017-10-10'),
(631,770,'2016-11-11','2017-03-25'),
(632,65,'2016-11-07','2018-02-22'),
(633,617,'2016-11-18','2017-01-26'),
(634,114,'2016-11-06','2017-01-05'),
(635,962,'2016-11-12','2018-02-16'),
(636,201,'2016-11-08','2017-07-07'),
(637,22,'2016-11-13','2017-10-25'),
(638,456,'2016-11-12','2017-01-30'),
(639,950,'2016-11-19','2017-10-25'),
(640,222,'2016-11-11','2017-10-09'),
(641,724,'2016-11-15','2017-03-28'),
(642,320,'2016-11-19','2017-10-30'),
(643,1,'2016-11-16','2017-11-04'),
(644,575,'2016-11-15','2017-07-09'),
(645,227,'2016-11-09','2017-05-21'),
(646,154,'2016-11-14','2017-12-15'),
(647,325,'2016-11-06','2016-12-03'),
(648,217,'2016-11-07','2017-03-16'),
(649,318,'2016-11-16','2017-12-25'),
(650,685,'2016-11-14','2017-04-07'),
(651,439,'2016-11-11','2017-12-03'),
(652,812,'2016-11-14','2017-10-20'),
(653,460,'2016-11-18','2016-12-27'),
(654,591,'2016-11-18','2017-10-08'),
(655,471,'2016-11-16','2018-03-23'),
(656,395,'2016-11-11','2017-10-18'),
(657,135,'2016-11-08','2017-06-09'),
(658,76,'2016-11-06','2018-02-09'),
(659,691,'2016-11-18','2017-11-24'),
(660,317,'2016-11-17','2018-01-09'),
(661,648,'2016-11-11','2017-12-16'),
(662,674,'2016-11-07','2017-04-02'),
(663,663,'2016-11-11','2017-07-14'),
(664,779,'2016-11-06','2018-01-07'),
(665,72,'2016-11-07','2016-12-26'),
(666,215,'2016-11-11','2017-07-07'),
(667,709,'2016-11-09','2018-02-25'),
(668,73,'2016-11-07','2017-03-04'),
(669,506,'2016-11-09','2017-10-02'),
(670,188,'2016-11-10','2017-01-18'),
(671,809,'2016-11-08','2018-03-14'),
(672,192,'2016-11-10','2017-04-04'),
(673,443,'2016-11-06','2018-01-12'),
(674,826,'2016-11-07','2017-12-26'),
(675,383,'2016-11-20','2018-03-01'),
(676,939,'2016-11-07','2017-06-08'),
(677,433,'2016-11-09','2017-07-24'),
(678,398,'2016-11-08','2017-04-10'),
(679,120,'2016-11-14','2017-11-04'),
(680,965,'2016-11-13','2017-05-21'),
(681,530,'2016-11-09','2017-11-01'),
(682,377,'2016-11-13','2017-02-13'),
(683,639,'2016-11-07','2017-06-29'),
(684,636,'2016-11-11','2018-01-31'),
(685,694,'2016-11-14','2017-09-28'),
(686,540,'2016-11-20','2017-03-04'),
(687,957,'2016-11-12','2017-07-25'),
(688,233,'2016-11-08','2017-04-28'),
(689,798,'2016-11-16','2017-01-23'),
(690,795,'2016-11-15','2017-11-23'),
(691,467,'2016-11-15','2017-06-01'),
(692,239,'2016-11-10','2017-11-16'),
(693,895,'2016-11-16','2018-02-17'),
(694,5,'2016-11-13','2018-02-02'),
(695,769,'2016-11-06','2017-03-09'),
(696,474,'2016-11-13','2018-02-14'),
(697,429,'2016-11-12','2017-07-15'),
(698,747,'2016-11-08','2017-02-01'),
(699,762,'2016-11-14','2016-12-28'),
(700,596,'2016-11-12','2017-05-11'),
(701,352,'2016-11-07','2017-02-17'),
(702,861,'2016-11-10','2017-02-28'),
(703,629,'2016-11-17','2017-01-16'),
(704,208,'2016-11-16','2017-10-16'),
(705,8,'2016-11-16','2017-09-25'),
(706,288,'2016-11-11','2017-06-07'),
(707,6,'2016-11-20','2017-08-14'),
(708,712,'2016-11-12','2016-12-20'),
(709,803,'2016-11-17','2016-12-24'),
(710,839,'2016-11-07','2017-11-30'),
(711,257,'2016-11-13','2017-01-04'),
(712,567,'2016-11-13','2017-03-08'),
(713,926,'2016-11-09','2017-08-31'),
(714,831,'2016-11-14','2017-07-26'),
(715,281,'2016-11-17','2017-01-03'),
(716,144,'2016-11-15','2017-06-29'),
(717,165,'2016-11-14','2017-10-09'),
(718,679,'2016-11-12','2017-01-03'),
(719,824,'2016-11-20','2017-11-23'),
(720,689,'2016-11-11','2017-09-18'),
(721,481,'2016-11-13','2017-04-05'),
(722,665,'2016-11-16','2018-01-26'),
(723,422,'2016-11-20','2017-08-13'),
(724,628,'2016-11-17','2017-07-18'),
(725,887,'2016-11-20','2017-01-27'),
(726,61,'2016-11-12','2017-10-31'),
(727,682,'2016-11-12','2017-01-17'),
(728,416,'2016-11-13','2017-03-17'),
(729,922,'2016-11-13','2017-06-24'),
(730,671,'2016-11-10','2017-03-12'),
(731,358,'2016-11-18','2017-11-05'),
(732,124,'2016-11-15','2017-05-20'),
(733,444,'2016-11-07','2017-04-02'),
(734,37,'2016-11-13','2017-09-01'),
(735,947,'2016-11-12','2017-06-14'),
(736,328,'2016-11-09','2017-10-13'),
(737,990,'2016-11-13','2017-08-31'),
(738,147,'2016-11-16','2017-10-21'),
(739,277,'2016-11-15','2018-03-31'),
(740,787,'2016-11-09','2017-04-13'),
(741,157,'2016-11-17','2017-07-16'),
(742,799,'2016-11-06','2017-07-19'),
(743,581,'2016-11-11','2018-03-05'),
(744,425,'2016-11-16','2017-02-03'),
(745,669,'2016-11-17','2017-09-27'),
(746,611,'2016-11-18','2018-03-12'),
(747,348,'2016-11-10','2017-08-25'),
(748,371,'2016-11-08','2017-07-10'),
(749,486,'2016-11-15','2017-02-20'),
(750,842,'2016-11-10','2018-03-17'),
(751,758,'2016-11-20','2017-12-26'),
(752,513,'2016-11-13','2017-06-25'),
(753,452,'2016-11-17','2017-06-25'),
(754,246,'2016-11-07','2017-06-19'),
(755,914,'2016-11-10','2017-12-12'),
(756,616,'2016-11-10','2017-06-24'),
(757,292,'2016-11-08','2017-03-26'),
(758,26,'2016-11-16','2017-05-14'),
(759,354,'2016-11-11','2017-09-29'),
(760,868,'2016-11-17','2017-05-22'),
(761,60,'2016-11-14','2018-01-13'),
(762,401,'2016-11-19','2017-11-18'),
(763,118,'2016-11-20','2017-04-20'),
(764,221,'2016-11-20','2018-02-08'),
(765,131,'2016-11-10','2017-11-11'),
(766,752,'2016-11-07','2018-01-01'),
(767,310,'2016-11-12','2017-05-01'),
(768,102,'2016-11-07','2016-12-23'),
(769,708,'2016-11-20','2017-11-24'),
(770,745,'2016-11-11','2017-11-24'),
(771,653,'2016-11-08','2017-03-11'),
(772,761,'2016-11-15','2017-01-08'),
(773,252,'2016-11-20','2017-04-01'),
(774,275,'2016-11-15','2017-03-14'),
(775,355,'2016-11-13','2018-01-19'),
(776,542,'2016-11-17','2018-03-13'),
(777,40,'2016-11-09','2017-11-13'),
(778,206,'2016-11-20','2017-12-25'),
(779,487,'2016-11-12','2017-03-10'),
(780,14,'2016-11-12','2016-12-01'),
(781,529,'2016-11-19','2017-01-18'),
(782,888,'2016-11-14','2017-06-29'),
(783,141,'2016-11-16','2016-12-11'),
(784,944,'2016-11-13','2017-06-17'),
(785,538,'2016-11-19','2018-03-02'),
(786,623,'2016-11-14','2017-05-23'),
(787,12,'2016-11-09','2017-07-29'),
(788,987,'2016-11-09','2017-10-31'),
(789,45,'2016-11-07','2016-11-27'),
(790,477,'2016-11-15','2018-02-25'),
(791,454,'2016-11-13','2017-07-06'),
(792,122,'2016-11-12','2017-01-26'),
(793,882,'2016-11-09','2016-12-10'),
(794,975,'2016-11-10','2017-09-12'),
(795,421,'2016-11-07','2017-06-05'),
(796,584,'2016-11-08','2017-09-16'),
(797,925,'2016-11-13','2017-07-19'),
(798,797,'2016-11-06','2017-05-11'),
(799,419,'2016-11-12','2018-02-10'),
(800,69,'2016-11-09','2017-11-30'),
(801,595,'2016-11-11','2017-10-22'),
(802,32,'2016-11-06','2017-02-01'),
(803,52,'2016-11-14','2017-10-17'),
(804,930,'2016-11-13','2017-08-16'),
(805,619,'2016-11-12','2016-12-10'),
(806,741,'2016-11-13','2016-12-05'),
(807,95,'2016-11-15','2018-02-14'),
(808,323,'2016-11-18','2016-11-29'),
(809,265,'2016-11-10','2018-01-30'),
(810,269,'2016-11-12','2017-05-12'),
(811,415,'2016-11-11','2017-07-16'),
(812,36,'2016-11-07','2017-11-07'),
(813,366,'2016-11-19','2017-12-06'),
(814,97,'2016-11-07','2016-11-29'),
(815,148,'2016-11-17','2017-11-25'),
(816,485,'2016-11-18','2016-12-01'),
(817,600,'2016-11-11','2017-11-05'),
(818,956,'2016-11-13','2017-05-06'),
(819,564,'2016-11-15','2018-01-09'),
(820,238,'2016-11-14','2017-12-17'),
(821,205,'2016-11-11','2017-11-20'),
(822,196,'2016-11-15','2017-11-18'),
(823,578,'2016-11-20','2016-12-18'),
(824,230,'2016-11-12','2017-06-29'),
(825,427,'2016-11-17','2017-12-21'),
(826,675,'2016-11-07','2017-03-27'),
(827,129,'2016-11-17','2018-02-26'),
(828,121,'2016-11-11','2017-07-19'),
(829,656,'2016-11-16','2018-02-15'),
(830,889,'2016-11-12','2017-09-17'),
(831,903,'2016-11-11','2017-04-08'),
(832,64,'2016-11-11','2017-07-08'),
(833,715,'2016-11-19','2017-06-26'),
(834,532,'2016-11-10','2017-05-07'),
(835,499,'2016-11-09','2017-12-13'),
(836,329,'2016-11-14','2017-06-30'),
(837,386,'2016-11-20','2017-05-21'),
(838,453,'2016-11-13','2017-11-19'),
(839,356,'2016-11-13','2018-01-21'),
(840,212,'2016-11-18','2016-12-30'),
(841,550,'2016-11-19','2017-02-22'),
(842,544,'2016-11-08','2017-02-20'),
(843,954,'2016-11-18','2018-03-23'),
(844,382,'2016-11-16','2017-04-07'),
(845,315,'2016-11-17','2017-09-06'),
(846,902,'2016-11-18','2016-12-19'),
(847,46,'2016-11-16','2017-06-04'),
(848,466,'2016-11-08','2018-02-11'),
(849,91,'2016-11-08','2017-05-29'),
(850,620,'2016-11-15','2017-04-11'),
(851,128,'2016-11-09','2017-08-12'),
(852,113,'2016-11-13','2017-04-25'),
(853,399,'2016-11-09','2017-12-06'),
(854,137,'2016-11-10','2017-11-01'),
(855,175,'2016-11-16','2017-06-20'),
(856,515,'2016-11-19','2017-06-11'),
(857,972,'2016-11-13','2017-07-26'),
(858,392,'2016-11-07','2018-01-09'),
(859,657,'2016-11-14','2017-10-30'),
(860,431,'2016-11-16','2017-11-12'),
(861,603,'2016-11-11','2016-12-21'),
(862,528,'2016-11-15','2018-02-05'),
(863,349,'2016-11-14','2017-06-28'),
(864,533,'2016-11-16','2017-12-10'),
(865,920,'2016-11-15','2017-08-18'),
(866,314,'2016-11-13','2017-09-06'),
(867,184,'2016-11-19','2017-11-05'),
(868,881,'2016-11-14','2016-12-05'),
(869,149,'2016-11-08','2018-03-07'),
(870,901,'2016-11-13','2017-03-26'),
(871,333,'2016-11-17','2017-12-11'),
(872,995,'2016-11-19','2017-10-30'),
(873,480,'2016-11-17','2017-07-31'),
(874,723,'2016-11-19','2017-12-19'),
(875,459,'2016-11-17','2017-07-17'),
(876,551,'2016-11-07','2017-10-25'),
(877,344,'2016-11-18','2017-12-03'),
(878,445,'2016-11-15','2017-02-06'),
(879,43,'2016-11-19','2017-12-10'),
(880,534,'2016-11-16','2017-03-26'),
(881,332,'2016-11-13','2016-12-08'),
(882,814,'2016-11-09','2018-03-26'),
(883,254,'2016-11-12','2018-01-17'),
(884,683,'2016-11-07','2016-11-27'),
(885,952,'2016-11-06','2016-12-23'),
(886,226,'2016-11-15','2017-05-02'),
(887,457,'2016-11-15','2017-11-19'),
(888,39,'2016-11-17','2017-11-22'),
(889,88,'2016-11-14','2017-11-22'),
(890,873,'2016-11-07','2017-09-24'),
(891,500,'2016-11-16','2017-09-16'),
(892,531,'2016-11-18','2018-03-04'),
(893,119,'2016-11-14','2017-11-04'),
(894,244,'2016-11-14','2017-04-07'),
(895,469,'2016-11-16','2018-04-03'),
(896,127,'2016-11-07','2017-01-29'),
(897,692,'2016-11-11','2017-12-05'),
(898,736,'2016-11-15','2017-10-16'),
(899,973,'2016-11-09','2017-02-27'),
(900,183,'2016-11-16','2017-03-12'),
(901,917,'2016-11-15','2017-08-07'),
(902,667,'2016-11-19','2018-02-10'),
(903,243,'2016-11-19','2017-03-31'),
(904,195,'2016-11-08','2018-03-03'),
(905,989,'2016-11-16','2018-01-07'),
(906,841,'2016-11-15','2017-09-15'),
(907,130,'2016-11-20','2017-08-16'),
(908,612,'2016-11-06','2017-10-18'),
(909,389,'2016-11-16','2017-11-20'),
(910,74,'2016-11-13','2017-08-12'),
(911,89,'2016-11-18','2016-11-22'),
(912,525,'2016-11-19','2018-02-06'),
(913,508,'2016-11-09','2017-03-28'),
(914,473,'2016-11-09','2017-03-25'),
(915,31,'2016-11-18','2017-01-11'),
(916,291,'2016-11-20','2016-11-29'),
(917,782,'2016-11-06','2017-06-15'),
(918,189,'2016-11-10','2016-12-22'),
(919,759,'2016-11-08','2017-07-11'),
(920,493,'2016-11-11','2018-01-20'),
(921,213,'2016-11-14','2016-12-08'),
(922,985,'2016-11-10','2017-08-17'),
(923,100,'2016-11-18','2017-07-21'),
(924,876,'2016-11-17','2017-12-18'),
(925,700,'2016-11-20','2017-10-03'),
(926,376,'2016-11-14','2017-03-28'),
(927,716,'2016-11-14','2017-10-18'),
(928,218,'2016-11-13','2017-07-04'),
(929,235,'2016-11-11','2017-09-22'),
(930,964,'2016-11-14','2017-12-29'),
(931,734,'2016-11-07','2018-02-05'),
(932,171,'2016-11-16','2017-09-05'),
(933,848,'2016-11-14','2017-03-29'),
(934,948,'2016-11-12','2017-03-23'),
(935,297,'2016-11-10','2018-03-24'),
(936,785,'2016-11-10','2018-01-13'),
(937,969,'2016-11-11','2017-03-17'),
(938,932,'2016-11-16','2017-06-07'),
(939,748,'2016-11-18','2018-02-05'),
(940,613,'2016-11-13','2018-01-30'),
(941,593,'2016-11-13','2018-02-26'),
(942,561,'2016-11-15','2018-02-12'),
(943,448,'2016-11-08','2017-07-09'),
(944,968,'2016-11-19','2016-12-31'),
(945,941,'2016-11-14','2017-09-17'),
(946,928,'2016-11-07','2018-02-10'),
(947,375,'2016-11-16','2017-08-16'),
(948,38,'2016-11-13','2017-07-18'),
(949,592,'2016-11-08','2018-02-13'),
(950,338,'2016-11-12','2018-01-20'),
(951,637,'2016-11-13','2017-01-11'),
(952,225,'2016-11-12','2017-07-06'),
(953,185,'2016-11-10','2017-04-02'),
(954,442,'2016-11-10','2017-10-19'),
(955,794,'2016-11-16','2018-01-18'),
(956,410,'2016-11-12','2017-04-27'),
(957,435,'2016-11-13','2017-12-07'),
(958,379,'2016-11-07','2017-09-29'),
(959,63,'2016-11-19','2017-09-07'),
(960,258,'2016-11-20','2018-02-04'),
(961,216,'2016-11-11','2017-08-19'),
(962,48,'2016-11-07','2018-02-15'),
(963,81,'2016-11-15','2017-09-14'),
(964,771,'2016-11-09','2018-03-01'),
(965,646,'2016-11-09','2018-03-08'),
(966,430,'2016-11-17','2017-12-18'),
(967,231,'2016-11-09','2017-05-12'),
(968,834,'2016-11-11','2017-06-28'),
(969,821,'2016-11-10','2016-12-01'),
(970,125,'2016-11-10','2017-07-17'),
(971,931,'2016-11-20','2017-08-19'),
(972,680,'2016-11-15','2018-02-10'),
(973,105,'2016-11-10','2017-02-22'),
(974,958,'2016-11-15','2017-04-15'),
(975,236,'2016-11-19','2017-07-26'),
(976,835,'2016-11-19','2017-06-23'),
(977,730,'2016-11-19','2018-01-09'),
(978,138,'2016-11-15','2017-09-04'),
(979,369,'2016-11-12','2017-06-05'),
(980,655,'2016-11-08','2018-01-29'),
(981,577,'2016-11-10','2017-02-03'),
(982,432,'2016-11-14','2017-06-02'),
(983,634,'2016-11-07','2017-03-06'),
(984,447,'2016-11-17','2017-03-27'),
(985,179,'2016-11-16','2017-04-19'),
(986,133,'2016-11-17','2017-03-29'),
(987,992,'2016-11-08','2017-11-04'),
(988,899,'2016-11-17','2018-01-05'),
(989,342,'2016-11-09','2018-02-27'),
(990,280,'2016-11-19','2018-02-24'),
(991,290,'2016-11-13','2018-01-01'),
(992,402,'2016-11-09','2018-01-27'),
(993,644,'2016-11-11','2017-06-14'),
(994,557,'2016-11-17','2017-12-06'),
(995,494,'2016-11-15','2018-02-20'),
(996,200,'2016-11-19','2017-12-17'),
(997,864,'2016-11-09','2017-04-20'),
(998,145,'2016-11-12','2017-10-30'),
(999,974,'2016-11-15','2017-05-07');

INSERT INTO Rodzaje
VALUES 
(1,'Magic1'),
(2,'Power Absorption1'),
(3,'Vaporising Beams1'),
(4,'Pyrokinesis1'),
(5,'Magnetokinesis1'),
(6,'Telekinesis1'),
(7,'Geokinesis1'),
(8,'Astral Trap1'),
(9,'Probability Manipulation1'),
(10,'Vision - Heat1');

INSERT INTO Postepowania
VALUES 
(1,559,1),
(2,353,1),
(3,892,7),
(4,610,9),
(5,88,5),
(6,196,3),
(7,894,2),
(8,70,3),
(9,195,8),
(10,997,2),
(11,532,1),
(12,405,1),
(13,561,1),
(14,152,2),
(15,963,7),
(16,39,9),
(17,785,3),
(18,382,7),
(19,86,5),
(20,839,1),
(21,718,3),
(22,116,3),
(23,37,1),
(24,838,7),
(25,859,6),
(26,564,9),
(27,683,8),
(28,727,8),
(29,803,9),
(30,865,4),
(31,173,5),
(32,333,2),
(33,260,6),
(34,63,9),
(35,567,3),
(36,556,4),
(37,735,2),
(38,770,2),
(39,662,8),
(40,458,1),
(41,541,8),
(42,684,9),
(43,457,3),
(44,265,6),
(45,547,9),
(46,597,4),
(47,636,6),
(48,929,2),
(49,765,6),
(50,288,5),
(51,218,9),
(52,767,4),
(53,318,8),
(54,286,3),
(55,371,4),
(56,789,7),
(57,264,2),
(58,872,3),
(59,126,3),
(60,860,9),
(61,904,2),
(62,259,8),
(63,307,8),
(64,879,8),
(65,756,7),
(66,670,6),
(67,191,3),
(68,823,3),
(69,724,8),
(70,125,8),
(71,150,6),
(72,768,7),
(73,968,8),
(74,922,2),
(75,497,1),
(76,972,5),
(77,817,7),
(78,821,9),
(79,361,7),
(80,456,7),
(81,175,8),
(82,535,5),
(83,351,1),
(84,276,2),
(85,903,9),
(86,262,8),
(87,834,1),
(88,551,5),
(89,620,8),
(90,698,6),
(91,328,8),
(92,971,6),
(93,314,9),
(94,177,7),
(95,245,7),
(96,664,3),
(97,486,5),
(98,466,7),
(99,241,9),
(100,633,9),
(101,251,4),
(102,687,4),
(103,277,3),
(104,21,3),
(105,185,4),
(106,836,2),
(107,814,5),
(108,721,2),
(109,944,7),
(110,148,4),
(111,595,1),
(112,67,5),
(113,609,6),
(114,55,5),
(115,7,3),
(116,897,9),
(117,615,7),
(118,949,5),
(119,487,6),
(120,242,8),
(121,162,9),
(122,248,8),
(123,604,1),
(124,592,8),
(125,192,5),
(126,736,6),
(127,651,1),
(128,701,9),
(129,98,3),
(130,338,4),
(131,81,7),
(132,763,4),
(133,383,5),
(134,77,6),
(135,467,5),
(136,424,4),
(137,111,8),
(138,168,7),
(139,544,5),
(140,17,5),
(141,189,1),
(142,376,7),
(143,453,9),
(144,136,3),
(145,853,2),
(146,391,8),
(147,446,3),
(148,15,6),
(149,538,9),
(150,479,4),
(151,524,2),
(152,642,2),
(153,704,2),
(154,253,7),
(155,3,2),
(156,842,7),
(157,632,4),
(158,240,7),
(159,634,6),
(160,433,6),
(161,682,3),
(162,105,6),
(163,713,1),
(164,498,9),
(165,830,8),
(166,45,7),
(167,504,5),
(168,49,8),
(169,783,5),
(170,474,8),
(171,899,5),
(172,934,7),
(173,717,6),
(174,72,2),
(175,110,5),
(176,80,9),
(177,539,7),
(178,90,3),
(179,612,8),
(180,672,9),
(181,677,3),
(182,170,8),
(183,585,7),
(184,602,6),
(185,247,2),
(186,829,8),
(187,885,9),
(188,776,2),
(189,352,4),
(190,368,5),
(191,601,5),
(192,702,9),
(193,220,2),
(194,751,1),
(195,667,3),
(196,980,9),
(197,716,5),
(198,953,1),
(199,141,5),
(200,782,6),
(201,728,7),
(202,494,2),
(203,207,4),
(204,898,5),
(205,945,7),
(206,935,6),
(207,516,8),
(208,648,9),
(209,914,6),
(210,350,7),
(211,397,9),
(212,694,4),
(213,267,5),
(214,951,9),
(215,741,4),
(216,583,3),
(217,100,4),
(218,624,4),
(219,591,7),
(220,655,7),
(221,107,6),
(222,689,1),
(223,812,2),
(224,332,9),
(225,725,4),
(226,613,3),
(227,769,7),
(228,502,3),
(229,915,6),
(230,364,8),
(231,278,7),
(232,396,9),
(233,511,6),
(234,29,6),
(235,981,5),
(236,574,4),
(237,155,7),
(238,96,7),
(239,437,1),
(240,8,6),
(241,394,8),
(242,71,7),
(243,939,8),
(244,940,9),
(245,362,6),
(246,952,2),
(247,779,6),
(248,202,3),
(249,137,2),
(250,239,6),
(251,135,9),
(252,178,7),
(253,781,4),
(254,229,9),
(255,550,2),
(256,849,1),
(257,861,3),
(258,837,9),
(259,216,1),
(260,431,1),
(261,118,8),
(262,480,5),
(263,367,9),
(264,926,8),
(265,962,9),
(266,35,3),
(267,321,9),
(268,363,3),
(269,325,7),
(270,587,8),
(271,143,9),
(272,281,1),
(273,160,2),
(274,84,2),
(275,87,1),
(276,475,4),
(277,83,4),
(278,131,5),
(279,627,4),
(280,331,4),
(281,862,5),
(282,896,4),
(283,187,7),
(284,203,1),
(285,389,8),
(286,395,7),
(287,92,6),
(288,252,9),
(289,762,1),
(290,948,4),
(291,319,9),
(292,219,7),
(293,354,5),
(294,404,1),
(295,761,4),
(296,300,2),
(297,44,2),
(298,710,3),
(299,233,2),
(300,53,4),
(301,554,6),
(302,493,6),
(303,831,2),
(304,139,7),
(305,68,8),
(306,568,1),
(307,674,2),
(308,388,2),
(309,93,4),
(310,749,1),
(311,747,2),
(312,198,2),
(313,132,3),
(314,720,6),
(315,793,3),
(316,164,4),
(317,369,1),
(318,174,3),
(319,705,6),
(320,62,9),
(321,802,2),
(322,960,9),
(323,811,6),
(324,425,3),
(325,549,4),
(326,428,5),
(327,25,8),
(328,303,4),
(329,641,6),
(330,715,1),
(331,700,5),
(332,586,8),
(333,640,6),
(334,681,1),
(335,60,3),
(336,970,5),
(337,886,6),
(338,874,4),
(339,657,3),
(340,10,7),
(341,176,1),
(342,89,6),
(343,123,5),
(344,882,1),
(345,58,1),
(346,224,5),
(347,489,5),
(348,558,5),
(349,228,5),
(350,496,2),
(351,299,2),
(352,78,6),
(353,234,2),
(354,373,8),
(355,623,5),
(356,427,4),
(357,133,5),
(358,285,9),
(359,858,1),
(360,109,9),
(361,873,6),
(362,639,8),
(363,102,8),
(364,181,5),
(365,209,9),
(366,343,1),
(367,91,6),
(368,659,2),
(369,384,1),
(370,401,2),
(371,732,8),
(372,145,8),
(373,444,6),
(374,790,7),
(375,936,5),
(376,9,5),
(377,961,6),
(378,441,2),
(379,646,5),
(380,398,1),
(381,95,9),
(382,876,7),
(383,302,8),
(384,920,5),
(385,847,9),
(386,852,1),
(387,235,3),
(388,41,8),
(389,629,4),
(390,183,1),
(391,186,5),
(392,709,5),
(393,774,8),
(394,878,8),
(395,647,4),
(396,432,7),
(397,990,7),
(398,560,8),
(399,680,9),
(400,995,8),
(401,171,8),
(402,773,3),
(403,753,7),
(404,925,7),
(405,590,2),
(406,955,8),
(407,159,2),
(408,584,6),
(409,157,3),
(410,129,7),
(411,739,6),
(412,412,1),
(413,815,8),
(414,429,4),
(415,625,3),
(416,4,6),
(417,911,7),
(418,179,8),
(419,868,3),
(420,846,9),
(421,359,1),
(422,565,9),
(423,463,1),
(424,740,9),
(425,726,2),
(426,298,1),
(427,844,7),
(428,833,7),
(429,415,8),
(430,347,6),
(431,593,2),
(432,526,9),
(433,32,4),
(434,99,2),
(435,993,6),
(436,210,9),
(437,208,4),
(438,851,6),
(439,537,9),
(440,730,5),
(441,857,5),
(442,61,8),
(443,79,5),
(444,596,8),
(445,786,5),
(446,305,9),
(447,146,1),
(448,693,7),
(449,887,2),
(450,144,8),
(451,513,9),
(452,543,2),
(453,901,7),
(454,918,1),
(455,679,2),
(456,555,9),
(457,292,2),
(458,517,7),
(459,902,4),
(460,772,6),
(461,965,3),
(462,536,3),
(463,806,3),
(464,48,3),
(465,666,1),
(466,119,3),
(467,578,2),
(468,188,6),
(469,884,6),
(470,182,8),
(471,169,9),
(472,907,7),
(473,528,1),
(474,618,2),
(475,27,3),
(476,435,4),
(477,795,5),
(478,274,9),
(479,293,2),
(480,316,3),
(481,755,1),
(482,919,2),
(483,31,1),
(484,967,2),
(485,548,7),
(486,231,8),
(487,654,7),
(488,36,7),
(489,692,6),
(490,6,5),
(491,928,7),
(492,619,3),
(493,820,3),
(494,525,6),
(495,575,4),
(496,799,1),
(497,758,7),
(498,908,5),
(499,707,7),
(500,256,8),
(501,197,2),
(502,76,9),
(503,840,5),
(504,714,2),
(505,381,9),
(506,386,1),
(507,983,8),
(508,476,6),
(509,931,8),
(510,448,8),
(511,913,4),
(512,393,5),
(513,807,3),
(514,130,1),
(515,503,7),
(516,322,5),
(517,822,9),
(518,422,1),
(519,217,4),
(520,671,7),
(521,827,2),
(522,889,1),
(523,56,6),
(524,348,7),
(525,161,2),
(526,992,8),
(527,200,2),
(528,621,7),
(529,54,3),
(530,529,7),
(531,5,6),
(532,355,1),
(533,74,1),
(534,938,1),
(535,22,9),
(536,780,9),
(537,947,4),
(538,794,2),
(539,606,6),
(540,290,6),
(541,877,4),
(542,375,2),
(543,419,1),
(544,985,3),
(545,206,3),
(546,471,2),
(547,688,9),
(548,923,8),
(549,246,2),
(550,193,5),
(551,507,5),
(552,250,4),
(553,966,2),
(554,459,5),
(555,326,4),
(556,270,8),
(557,416,9),
(558,43,3),
(559,784,3),
(560,327,3),
(561,863,5),
(562,108,2),
(563,430,3),
(564,295,3),
(565,570,6),
(566,366,6),
(567,711,8),
(568,30,1),
(569,661,9),
(570,65,9),
(571,450,6),
(572,594,5),
(573,611,4),
(574,420,4),
(575,973,1),
(576,650,3),
(577,345,7),
(578,166,3),
(579,805,1),
(580,996,5),
(581,866,1),
(582,442,3),
(583,320,2),
(584,306,6),
(585,553,7),
(586,841,6),
(587,436,4),
(588,778,2),
(589,337,8),
(590,483,2),
(591,600,8),
(592,937,8),
(593,905,1),
(594,850,8),
(595,357,7),
(596,19,2),
(597,311,2),
(598,134,7),
(599,766,7),
(600,696,3),
(601,828,5),
(602,409,9),
(603,652,6),
(604,527,3),
(605,238,9),
(606,520,4),
(607,499,6),
(608,151,8),
(609,982,3),
(610,329,4),
(611,835,1),
(612,582,2),
(613,777,3),
(614,313,2),
(615,472,7),
(616,255,7),
(617,678,9),
(618,644,8),
(619,106,7),
(620,660,9),
(621,843,5),
(622,946,4),
(623,492,3),
(624,977,2),
(625,706,6),
(626,390,1),
(627,18,4),
(628,236,2),
(629,791,7),
(630,312,8),
(631,438,5),
(632,222,1),
(633,400,6),
(634,530,5),
(635,158,3),
(636,221,4),
(637,212,7),
(638,387,9),
(639,787,5),
(640,757,8),
(641,800,7),
(642,226,1),
(643,272,1),
(644,917,9),
(645,643,3),
(646,122,8),
(647,638,9),
(648,653,6),
(649,330,8),
(650,273,6),
(651,101,6),
(652,622,7),
(653,760,6),
(654,334,5),
(655,339,5),
(656,563,3),
(657,23,6),
(658,690,6),
(659,722,2),
(660,978,9),
(661,969,1),
(662,893,5),
(663,976,9),
(664,149,2),
(665,69,5),
(666,540,3),
(667,699,7),
(668,752,1),
(669,410,6),
(670,140,2),
(671,289,6),
(672,249,2),
(673,2,7),
(674,518,8),
(675,617,2),
(676,959,5),
(677,808,9),
(678,900,4),
(679,743,3),
(680,243,1),
(681,85,8),
(682,515,5),
(683,514,3),
(684,449,8),
(685,552,3),
(686,418,3),
(687,801,2),
(688,344,4),
(689,275,2),
(690,379,3),
(691,167,3),
(692,349,9),
(693,686,9),
(694,254,4),
(695,608,9),
(696,581,2),
(697,417,2),
(698,66,9),
(699,64,3),
(700,566,7),
(701,605,7),
(702,40,6),
(703,975,2),
(704,205,5),
(705,626,8),
(706,443,2),
(707,663,9),
(708,691,4),
(709,890,5),
(710,244,6),
(711,869,1),
(712,675,9),
(713,668,1),
(714,891,1),
(715,576,9),
(716,933,6),
(717,974,6),
(718,266,8),
(719,324,6),
(720,59,6),
(721,871,1),
(722,614,3),
(723,930,7),
(724,797,2),
(725,372,7),
(726,927,2),
(727,998,1),
(728,12,8),
(729,104,7),
(730,880,5),
(731,649,5),
(732,268,1),
(733,402,3),
(734,744,3),
(735,403,6),
(736,855,6),
(737,434,1),
(738,213,5),
(739,365,3),
(740,531,4),
(741,589,1),
(742,754,5),
(743,454,8),
(744,263,4),
(745,461,7),
(746,523,5),
(747,832,4),
(748,941,9),
(749,477,2),
(750,764,9),
(751,616,6),
(752,201,8),
(753,121,8),
(754,986,2),
(755,75,1),
(756,628,1),
(757,294,1),
(758,546,9),
(759,297,2),
(760,291,3),
(761,447,9),
(762,473,4),
(763,745,8),
(764,695,9),
(765,819,6),
(766,512,1),
(767,748,7),
(768,360,9),
(769,462,9),
(770,33,8),
(771,38,8),
(772,411,5),
(773,50,5),
(774,269,1),
(775,954,7),
(776,42,8),
(777,534,5),
(778,810,7),
(779,484,6),
(780,421,2),
(781,232,4),
(782,775,7),
(783,468,5),
(784,788,9),
(785,950,6),
(786,984,2),
(787,237,8),
(788,445,3),
(789,991,8),
(790,571,1),
(791,942,2),
(792,958,2),
(793,184,7),
(794,315,1),
(795,738,9),
(796,580,1),
(797,895,5),
(798,51,2),
(799,703,1),
(800,924,2),
(801,34,9),
(802,283,6),
(803,676,4),
(804,296,5),
(805,24,7),
(806,731,6),
(807,599,2),
(808,153,8),
(809,199,3),
(810,826,1),
(811,746,3),
(812,500,6),
(813,142,6),
(814,211,9),
(815,82,2),
(816,469,5),
(817,215,2),
(818,287,8),
(819,825,3),
(820,804,4),
(821,47,7),
(822,52,1),
(823,304,3),
(824,957,4),
(825,750,3),
(826,439,7),
(827,97,2),
(828,374,5),
(829,335,5),
(830,906,3),
(831,138,2),
(832,214,6),
(833,708,7),
(834,488,3),
(835,577,8),
(836,308,7),
(837,358,1),
(838,103,1),
(839,864,6),
(840,16,3),
(841,509,1),
(842,573,2),
(843,988,8),
(844,128,2),
(845,909,9),
(846,742,3),
(847,342,3),
(848,635,6),
(849,392,3),
(850,190,5),
(851,631,3),
(852,943,5),
(853,464,6),
(854,147,8),
(855,94,2),
(856,470,3),
(857,482,5),
(858,485,2),
(859,258,9),
(860,533,2),
(861,824,9),
(862,921,1),
(863,271,7),
(864,370,6),
(865,956,7),
(866,645,8),
(867,588,2),
(868,987,1),
(869,495,5),
(870,792,5),
(871,413,5),
(872,603,6),
(873,28,5),
(874,377,3),
(875,440,8),
(876,964,5),
(877,14,7),
(878,796,4),
(879,607,1),
(880,284,5),
(881,309,6),
(882,734,9),
(883,656,7),
(884,673,3),
(885,113,3),
(886,501,6),
(887,414,8),
(888,979,3),
(889,356,3),
(890,11,6),
(891,856,8),
(892,26,1),
(893,124,7),
(894,989,2),
(895,630,3),
(896,759,1),
(897,460,3),
(898,13,7),
(899,813,7),
(900,916,6),
(901,323,6),
(902,870,6),
(903,569,9),
(904,317,9),
(905,407,7),
(906,910,7),
(907,452,1),
(908,848,2),
(909,154,7),
(910,818,5),
(911,579,2),
(912,340,3),
(913,505,4),
(914,423,1),
(915,204,9),
(916,399,2),
(917,257,5),
(918,406,9),
(919,310,2),
(920,490,4),
(921,932,4),
(922,230,1),
(923,545,5),
(924,519,7),
(925,465,5),
(926,194,5),
(927,542,6),
(928,737,5),
(929,1,3),
(930,114,3),
(931,172,8),
(932,112,7),
(933,223,2),
(934,481,1),
(935,282,1),
(936,875,1),
(937,279,1),
(938,669,5),
(939,225,6),
(940,845,6),
(941,380,3),
(942,227,4),
(943,999,3),
(944,46,2),
(945,73,9),
(946,156,7),
(947,20,6),
(948,719,9),
(949,455,1),
(950,854,8),
(951,180,7),
(952,881,9),
(953,120,4),
(954,478,3),
(955,378,2),
(956,522,9),
(957,729,1),
(958,665,1),
(959,888,9),
(960,491,8),
(961,883,9),
(962,572,4),
(963,798,6),
(964,598,1),
(965,346,6),
(966,994,9),
(967,301,1),
(968,697,5),
(969,165,5),
(970,261,8),
(971,510,1),
(972,385,9),
(973,912,3),
(974,521,3),
(975,867,9),
(976,280,3),
(977,562,6),
(978,809,5),
(979,685,4),
(980,57,6),
(981,163,1),
(982,506,5),
(983,816,5),
(984,117,2),
(985,408,3),
(986,723,5),
(987,637,9),
(988,771,2),
(989,451,3),
(990,508,8),
(991,658,2),
(992,115,1),
(993,426,9),
(994,336,4),
(995,341,5),
(996,712,3),
(997,127,8),
(998,733,1),
(999,557,8);

INSERT INTO Faktury
VALUES 
(1,'2016-10-24',282,964783,'2016-12-12'),
(2,'2016-11-06',696,845655,'2016-12-11'),
(3,'2016-11-13',980,751608,'2016-11-24'),
(4,'2016-10-31',198,719206,'2016-11-21'),
(5,'2016-10-04',529,692438,'2016-11-30'),
(6,'2016-11-17',397,297244,'2016-12-29'),
(7,'2016-10-02',181,782213,'2017-01-05'),
(8,'2016-11-09',597,707226,'2016-11-28'),
(9,'2016-10-11',203,109450,'2016-12-20'),
(10,'2016-11-06',211,699764,'2016-12-04'),
(11,'2016-11-16',763,932075,'2017-01-08'),
(12,'2016-10-24',675,279237,'2016-11-25'),
(13,'2016-10-14',625,759770,'2016-12-31'),
(14,'2016-10-15',444,735551,'2016-12-30'),
(15,'2016-10-03',11,577500,'2016-11-24'),
(16,'2016-11-13',711,468895,'2016-12-09'),
(17,'2016-10-02',685,858465,'2016-12-23'),
(18,'2016-10-29',215,320737,'2016-12-21'),
(19,'2016-11-03',970,935161,'2016-12-31'),
(20,'2016-10-22',279,674048,'2016-12-15'),
(21,'2016-10-22',963,656,'2017-01-04'),
(22,'2016-10-31',37,724658,'2016-12-16'),
(23,'2016-10-21',617,556685,'2016-12-13'),
(24,'2016-11-06',781,133828,'2016-12-03'),
(25,'2016-11-12',423,662335,'2016-12-18'),
(26,'2016-11-02',977,628762,'2016-12-06'),
(27,'2016-11-18',128,694143,'2017-01-02'),
(28,'2016-10-03',222,260482,'2016-12-23'),
(29,'2016-10-14',34,442578,'2016-12-10'),
(30,'2016-11-11',313,878865,'2016-12-25'),
(31,'2016-11-20',368,75969,'2016-11-28'),
(32,'2016-10-05',373,867635,'2016-12-10'),
(33,'2016-10-26',567,736064,'2016-12-26'),
(34,'2016-11-01',256,398957,'2016-12-12'),
(35,'2016-10-18',208,985372,'2017-01-09'),
(36,'2016-10-12',961,738196,'2016-11-27'),
(37,'2016-11-07',954,455144,'2016-12-16'),
(38,'2016-10-12',285,439604,'2016-12-28'),
(39,'2016-10-22',543,335767,'2016-11-25'),
(40,'2016-10-16',10,472033,'2016-11-22'),
(41,'2016-11-14',122,844539,'2016-12-14'),
(42,'2016-11-01',820,25479,'2016-12-17'),
(43,'2016-10-15',465,968722,'2016-11-26'),
(44,'2016-11-14',727,879196,'2016-12-21'),
(45,'2016-10-17',145,982937,'2016-12-05'),
(46,'2016-10-19',816,178950,'2016-11-24'),
(47,'2016-11-11',915,158368,'2016-11-26'),
(48,'2016-11-17',988,215592,'2016-12-24'),
(49,'2016-10-19',496,524900,'2017-01-02'),
(50,'2016-10-27',266,301756,'2016-12-29'),
(51,'2016-10-07',580,472039,'2017-01-05'),
(52,'2016-10-20',855,772229,'2017-01-08'),
(53,'2016-11-04',111,814468,'2016-11-20'),
(54,'2016-10-26',9,686972,'2016-12-24'),
(55,'2016-11-09',827,621981,'2016-12-13'),
(56,'2016-10-05',461,577727,'2016-11-26'),
(57,'2016-11-04',517,776810,'2016-12-08'),
(58,'2016-10-16',791,945889,'2016-12-28'),
(59,'2016-10-10',874,51566,'2016-12-13'),
(60,'2016-11-03',363,163110,'2016-11-23'),
(61,'2016-11-15',533,394857,'2017-01-07'),
(62,'2016-10-21',175,448219,'2016-12-05'),
(63,'2016-10-01',116,747558,'2016-12-12'),
(64,'2016-11-13',407,199464,'2016-11-26'),
(65,'2016-10-04',121,551015,'2016-11-29'),
(66,'2016-10-15',851,447278,'2016-12-19'),
(67,'2016-10-27',251,208932,'2016-11-26'),
(68,'2016-10-04',668,746351,'2016-12-15'),
(69,'2016-10-08',720,192233,'2016-12-02'),
(70,'2016-10-11',865,192051,'2016-11-28'),
(71,'2016-10-23',962,137019,'2017-01-08'),
(72,'2016-10-22',217,653193,'2017-01-07'),
(73,'2016-11-02',280,486227,'2016-12-08'),
(74,'2016-10-17',107,391136,'2017-01-01'),
(75,'2016-10-23',987,129264,'2016-11-30'),
(76,'2016-11-10',274,345833,'2017-01-05'),
(77,'2016-11-15',13,654428,'2016-12-04'),
(78,'2016-10-23',482,721058,'2016-12-02'),
(79,'2016-11-07',797,500793,'2016-12-28'),
(80,'2016-11-16',245,106669,'2016-11-25'),
(81,'2016-10-25',830,523572,'2016-12-25'),
(82,'2016-11-19',17,585427,'2016-12-30'),
(83,'2016-11-01',129,893187,'2017-01-01'),
(84,'2016-11-07',68,180675,'2016-11-26'),
(85,'2016-11-13',812,628060,'2016-11-25'),
(86,'2016-10-24',773,483690,'2016-12-23'),
(87,'2016-10-22',846,593013,'2016-12-05'),
(88,'2016-10-04',61,958684,'2016-12-02'),
(89,'2016-11-18',84,706124,'2016-12-09'),
(90,'2016-10-06',840,280424,'2017-01-02'),
(91,'2016-10-13',64,328899,'2016-12-19'),
(92,'2016-11-04',179,22283,'2017-01-07'),
(93,'2016-10-28',210,305049,'2016-12-12'),
(94,'2016-10-17',281,951420,'2016-11-24'),
(95,'2016-10-30',135,207652,'2016-12-29'),
(96,'2016-10-25',632,411953,'2017-01-04'),
(97,'2016-10-04',587,147409,'2016-12-30'),
(98,'2016-11-05',441,136823,'2016-11-24'),
(99,'2016-10-24',443,395573,'2016-12-09'),
(100,'2016-11-06',336,659888,'2016-12-19'),
(101,'2016-10-30',342,930505,'2017-01-01'),
(102,'2016-11-04',53,79928,'2016-12-11'),
(103,'2016-10-24',706,791142,'2016-12-31'),
(104,'2016-11-16',641,334493,'2016-12-30'),
(105,'2016-10-29',340,597858,'2016-11-22'),
(106,'2016-10-07',161,669847,'2016-11-27'),
(107,'2016-10-02',715,60413,'2016-12-08'),
(108,'2016-10-29',259,467535,'2016-12-12'),
(109,'2016-11-09',108,185923,'2016-12-01'),
(110,'2016-11-14',539,487034,'2016-12-20'),
(111,'2016-10-26',983,14580,'2016-12-25'),
(112,'2016-10-23',928,909842,'2016-11-30'),
(113,'2016-11-05',474,416777,'2016-12-27'),
(114,'2016-10-24',612,255156,'2016-12-30'),
(115,'2016-10-26',498,998795,'2016-12-13'),
(116,'2016-10-17',560,830003,'2016-12-01'),
(117,'2016-10-14',297,858106,'2016-12-17'),
(118,'2016-11-16',925,779565,'2016-12-22'),
(119,'2016-10-28',643,718175,'2016-12-17'),
(120,'2016-10-02',768,346068,'2016-12-03'),
(121,'2016-10-29',847,91943,'2016-12-27'),
(122,'2016-10-01',934,638720,'2017-01-09'),
(123,'2016-10-20',184,624412,'2017-01-07'),
(124,'2016-11-16',926,6062,'2016-12-02'),
(125,'2016-11-05',39,510407,'2016-11-28'),
(126,'2016-11-05',694,950753,'2017-01-05'),
(127,'2016-11-02',899,357922,'2016-12-07'),
(128,'2016-10-19',504,858794,'2016-12-27'),
(129,'2016-10-05',418,737829,'2016-11-27'),
(130,'2016-11-17',859,544658,'2016-11-23'),
(131,'2016-10-12',103,819140,'2017-01-07'),
(132,'2016-10-03',309,181414,'2017-01-04'),
(133,'2016-10-04',573,509680,'2016-12-21'),
(134,'2016-10-04',483,633781,'2016-12-26'),
(135,'2016-10-19',783,590851,'2016-12-20'),
(136,'2016-10-28',793,410304,'2016-12-25'),
(137,'2016-11-11',486,835413,'2017-01-05'),
(138,'2016-10-16',558,769579,'2016-12-20'),
(139,'2016-10-18',520,893359,'2016-12-26'),
(140,'2016-11-13',76,678775,'2016-12-05'),
(141,'2016-11-09',1,912096,'2016-11-27'),
(142,'2016-11-15',146,77023,'2016-12-27'),
(143,'2016-10-20',112,271588,'2016-12-28'),
(144,'2016-10-29',515,243623,'2016-11-30'),
(145,'2016-10-25',674,798054,'2016-12-17'),
(146,'2016-10-19',499,663662,'2017-01-08'),
(147,'2016-10-09',957,389251,'2016-12-05'),
(148,'2016-10-15',269,870718,'2016-12-17'),
(149,'2016-10-31',858,753000,'2016-11-25'),
(150,'2016-10-07',698,665530,'2016-12-04'),
(151,'2016-10-12',836,332893,'2017-01-09'),
(152,'2016-10-09',703,549998,'2016-12-06'),
(153,'2016-11-16',615,164898,'2017-01-09'),
(154,'2016-11-15',538,314321,'2016-12-10'),
(155,'2016-11-09',78,439760,'2016-12-14'),
(156,'2016-10-29',508,816648,'2016-11-26'),
(157,'2016-11-08',881,922224,'2016-11-22'),
(158,'2016-11-07',778,999136,'2016-12-20'),
(159,'2016-10-24',704,734574,'2016-11-22'),
(160,'2016-10-31',801,910560,'2016-12-05'),
(161,'2016-10-14',896,577694,'2016-12-19'),
(162,'2016-10-20',551,488290,'2016-12-31'),
(163,'2016-11-16',439,915504,'2016-12-31'),
(164,'2016-11-03',670,587099,'2016-11-22'),
(165,'2016-10-27',718,851281,'2017-01-07'),
(166,'2016-10-26',942,622394,'2016-12-29'),
(167,'2016-10-09',888,268917,'2016-12-28'),
(168,'2016-11-19',190,320518,'2016-12-26'),
(169,'2016-10-22',346,813798,'2016-11-26'),
(170,'2016-11-13',998,714814,'2016-12-08'),
(171,'2016-10-25',263,620685,'2017-01-09'),
(172,'2016-11-15',577,572117,'2016-11-23'),
(173,'2016-11-07',810,754078,'2016-12-17'),
(174,'2016-11-11',140,680447,'2016-12-13'),
(175,'2016-11-07',20,910488,'2016-12-07'),
(176,'2016-10-14',908,847065,'2016-12-17'),
(177,'2016-11-19',142,545873,'2016-12-02'),
(178,'2016-10-10',212,355736,'2017-01-09'),
(179,'2016-10-13',7,445711,'2016-12-17'),
(180,'2016-10-24',339,406470,'2016-12-27'),
(181,'2016-10-23',967,817909,'2016-12-04'),
(182,'2016-10-27',547,562784,'2016-12-08'),
(183,'2016-10-04',354,562624,'2016-12-06'),
(184,'2016-10-23',437,246870,'2016-12-28'),
(185,'2016-10-28',366,546408,'2017-01-02'),
(186,'2016-10-03',997,405022,'2016-12-09'),
(187,'2016-10-05',396,642483,'2017-01-01'),
(188,'2016-11-13',410,708048,'2016-12-15'),
(189,'2016-11-12',548,95185,'2016-12-02'),
(190,'2016-10-10',334,283689,'2016-12-09'),
(191,'2016-11-10',260,789015,'2017-01-04'),
(192,'2016-10-03',850,184827,'2016-12-05'),
(193,'2016-11-03',621,868300,'2016-11-28'),
(194,'2016-11-01',73,762460,'2016-12-15'),
(195,'2016-11-02',510,728164,'2016-12-12'),
(196,'2016-10-10',472,545623,'2016-12-09'),
(197,'2016-10-09',454,472940,'2016-12-26'),
(198,'2016-10-20',848,839172,'2016-12-03'),
(199,'2016-11-04',267,625668,'2016-12-20'),
(200,'2016-10-05',824,221403,'2016-12-18'),
(201,'2016-11-17',697,715644,'2016-12-12'),
(202,'2016-10-25',505,254007,'2016-12-26'),
(203,'2016-11-01',455,556943,'2017-01-03'),
(204,'2016-10-12',467,45569,'2016-12-29'),
(205,'2016-11-07',944,576456,'2016-12-03'),
(206,'2016-10-07',600,419045,'2016-12-23'),
(207,'2016-10-16',776,257182,'2016-12-17'),
(208,'2016-10-01',726,435382,'2017-01-03'),
(209,'2016-11-15',549,773280,'2016-12-16'),
(210,'2016-10-10',999,314976,'2016-12-05'),
(211,'2016-11-16',876,204532,'2016-12-02'),
(212,'2016-10-08',324,53410,'2016-11-30'),
(213,'2016-10-14',101,392163,'2016-12-15'),
(214,'2016-10-18',197,30998,'2016-12-18'),
(215,'2016-10-18',592,230987,'2017-01-02'),
(216,'2016-10-06',603,324825,'2016-12-23'),
(217,'2016-10-04',426,618013,'2016-11-27'),
(218,'2016-11-17',171,793595,'2016-12-11'),
(219,'2016-11-19',834,316828,'2017-01-05'),
(220,'2016-10-18',350,15282,'2016-11-23'),
(221,'2016-10-21',737,330730,'2017-01-05'),
(222,'2016-10-11',6,817875,'2017-01-03'),
(223,'2016-11-19',2,337372,'2016-12-26'),
(224,'2016-10-16',92,228023,'2016-12-30'),
(225,'2016-10-26',305,716891,'2016-12-03'),
(226,'2016-10-21',608,566128,'2016-12-02'),
(227,'2016-10-05',873,711024,'2016-12-26'),
(228,'2016-10-08',607,185461,'2016-12-26'),
(229,'2016-10-20',4,51625,'2016-11-24'),
(230,'2016-10-17',506,122819,'2017-01-05'),
(231,'2016-10-12',227,701983,'2017-01-05'),
(232,'2016-10-22',528,757950,'2016-12-17'),
(233,'2016-10-23',862,931070,'2016-12-10'),
(234,'2016-10-14',802,404185,'2016-12-07'),
(235,'2016-10-26',57,89529,'2017-01-09'),
(236,'2016-11-09',226,971012,'2016-12-09'),
(237,'2016-11-09',509,41821,'2017-01-06'),
(238,'2016-11-11',956,114757,'2017-01-07'),
(239,'2016-10-09',686,505661,'2016-12-05'),
(240,'2016-10-11',100,893643,'2016-12-02'),
(241,'2016-10-07',741,246700,'2016-12-21'),
(242,'2016-10-22',982,246278,'2016-12-12'),
(243,'2016-10-21',494,536785,'2017-01-03'),
(244,'2016-11-05',892,231819,'2016-12-03'),
(245,'2016-10-17',49,110960,'2016-12-01'),
(246,'2016-10-02',745,222843,'2016-12-08'),
(247,'2016-10-17',624,292074,'2016-12-17'),
(248,'2016-10-15',237,242907,'2016-12-11'),
(249,'2016-11-04',303,344038,'2016-12-29'),
(250,'2016-11-07',818,354826,'2016-12-18'),
(251,'2016-11-08',167,832206,'2016-12-31'),
(252,'2016-10-31',854,91258,'2016-11-22'),
(253,'2016-11-09',860,195261,'2016-12-17'),
(254,'2016-10-12',137,501587,'2016-12-24'),
(255,'2016-10-13',787,395551,'2016-12-16'),
(256,'2016-10-30',766,855520,'2016-11-28'),
(257,'2016-10-02',519,916395,'2016-12-23'),
(258,'2016-10-07',174,820844,'2016-11-29'),
(259,'2016-10-08',535,681903,'2016-12-05'),
(260,'2016-10-08',609,740034,'2016-12-26'),
(261,'2016-10-24',662,778312,'2016-12-12'),
(262,'2016-11-09',348,415969,'2016-11-21'),
(263,'2016-11-16',291,816897,'2016-12-02'),
(264,'2016-10-01',240,169759,'2016-12-16'),
(265,'2016-10-03',133,439948,'2017-01-08'),
(266,'2016-10-09',123,47004,'2016-12-31'),
(267,'2016-11-14',673,946595,'2016-12-09'),
(268,'2016-10-13',199,559513,'2017-01-04'),
(269,'2016-10-12',886,664023,'2016-12-10'),
(270,'2016-11-14',40,771048,'2016-11-22'),
(271,'2016-11-06',338,676170,'2016-12-31'),
(272,'2016-11-12',288,469250,'2017-01-01'),
(273,'2016-11-14',618,459684,'2016-12-31'),
(274,'2016-11-19',124,615734,'2016-11-24'),
(275,'2016-11-15',327,777994,'2017-01-05'),
(276,'2016-11-13',650,304267,'2016-12-01'),
(277,'2016-10-07',234,591101,'2016-12-16'),
(278,'2016-10-11',264,211910,'2016-11-28'),
(279,'2016-10-21',452,891053,'2016-12-03'),
(280,'2016-10-22',947,661428,'2016-12-17'),
(281,'2016-10-08',120,661826,'2017-01-02'),
(282,'2016-11-11',254,172180,'2016-12-11'),
(283,'2016-11-17',948,820523,'2016-11-28'),
(284,'2016-10-04',813,311630,'2016-12-18'),
(285,'2016-10-28',799,82521,'2016-12-14'),
(286,'2016-10-13',743,688738,'2016-12-19'),
(287,'2016-10-29',931,152431,'2016-12-26'),
(288,'2016-11-12',656,943417,'2016-12-22'),
(289,'2016-11-05',837,782155,'2016-12-07'),
(290,'2016-10-13',683,174168,'2016-12-23'),
(291,'2016-10-30',18,112699,'2016-11-30'),
(292,'2016-11-04',642,410584,'2016-12-19'),
(293,'2016-11-20',952,236123,'2017-01-02'),
(294,'2016-11-07',940,553034,'2017-01-05'),
(295,'2016-10-02',95,140523,'2016-12-12'),
(296,'2016-11-07',132,595629,'2016-12-02'),
(297,'2016-11-17',708,194333,'2016-12-08'),
(298,'2016-10-14',821,895301,'2016-12-24'),
(299,'2016-10-27',638,826977,'2016-12-11'),
(300,'2016-10-22',843,175856,'2016-12-04'),
(301,'2016-11-07',742,874314,'2016-12-29'),
(302,'2016-11-13',684,994536,'2017-01-03'),
(303,'2016-11-13',276,51794,'2016-12-03'),
(304,'2016-11-18',523,828135,'2016-11-27'),
(305,'2016-11-01',844,701440,'2016-12-18'),
(306,'2016-11-11',38,818456,'2017-01-07'),
(307,'2016-10-14',43,632266,'2016-12-21'),
(308,'2016-10-17',415,910158,'2016-12-19'),
(309,'2016-11-03',262,465234,'2016-12-23'),
(310,'2016-10-26',15,461804,'2017-01-08'),
(311,'2016-11-07',921,928505,'2017-01-01'),
(312,'2016-11-16',723,24527,'2016-12-26'),
(313,'2016-10-28',775,799702,'2016-12-02'),
(314,'2016-10-06',630,960395,'2016-11-26'),
(315,'2016-10-28',943,824995,'2016-11-30'),
(316,'2016-10-23',329,425743,'2016-12-19'),
(317,'2016-10-20',770,180523,'2016-11-24'),
(318,'2016-10-13',689,179181,'2016-12-17'),
(319,'2016-10-12',400,864386,'2016-12-19'),
(320,'2016-10-06',306,898993,'2017-01-02'),
(321,'2016-10-24',878,839079,'2016-12-22'),
(322,'2016-10-29',981,420072,'2016-11-26'),
(323,'2016-11-07',868,529268,'2016-12-13'),
(324,'2016-10-09',691,806766,'2016-12-21'),
(325,'2016-10-26',434,564591,'2016-12-10'),
(326,'2016-10-09',275,611581,'2016-12-03'),
(327,'2016-10-31',958,687918,'2016-12-17'),
(328,'2016-10-18',842,701566,'2016-12-16'),
(329,'2016-11-03',8,263946,'2016-12-03'),
(330,'2016-10-03',645,603379,'2016-12-05'),
(331,'2016-11-16',648,516383,'2016-12-07'),
(332,'2016-10-09',144,911483,'2016-12-15'),
(333,'2016-10-31',916,770800,'2016-12-19'),
(334,'2016-11-05',46,150416,'2017-01-07'),
(335,'2016-10-16',375,928092,'2017-01-04'),
(336,'2016-11-05',660,160951,'2016-12-01'),
(337,'2016-10-10',902,759835,'2017-01-06'),
(338,'2016-10-07',904,32114,'2016-12-14'),
(339,'2016-11-03',945,536822,'2016-12-28'),
(340,'2016-11-20',594,177599,'2016-12-22'),
(341,'2016-11-02',63,609299,'2017-01-06'),
(342,'2016-10-27',619,683994,'2016-12-20'),
(343,'2016-11-02',33,819566,'2016-12-27'),
(344,'2016-10-12',536,949762,'2016-12-31'),
(345,'2016-11-18',679,688072,'2017-01-08'),
(346,'2016-10-25',411,487478,'2016-12-12'),
(347,'2016-10-26',485,393697,'2017-01-05'),
(348,'2016-10-28',910,975556,'2017-01-01'),
(349,'2016-10-21',950,472519,'2017-01-07'),
(350,'2016-10-29',138,182306,'2016-12-27'),
(351,'2016-11-10',81,877750,'2016-12-04'),
(352,'2016-10-20',877,88064,'2016-12-19'),
(353,'2016-11-07',634,535037,'2016-12-13'),
(354,'2016-11-01',23,99312,'2016-12-13'),
(355,'2016-11-12',383,309532,'2017-01-02'),
(356,'2016-10-05',115,161402,'2016-11-24'),
(357,'2016-11-12',493,209003,'2016-11-25'),
(358,'2016-10-20',805,962152,'2016-11-28'),
(359,'2016-10-02',849,797087,'2016-12-11'),
(360,'2016-11-18',754,415236,'2016-12-08'),
(361,'2016-10-04',131,497196,'2017-01-09'),
(362,'2016-10-07',716,175996,'2016-12-30'),
(363,'2016-10-23',447,396335,'2016-12-17'),
(364,'2016-10-10',213,81179,'2016-12-12'),
(365,'2016-10-03',690,870520,'2016-12-30'),
(366,'2016-11-11',856,912090,'2016-12-03'),
(367,'2016-11-13',372,882346,'2016-11-25'),
(368,'2016-11-13',246,71024,'2016-11-23'),
(369,'2016-11-01',598,608874,'2016-11-26'),
(370,'2016-10-04',155,229078,'2017-01-04'),
(371,'2016-10-20',605,775370,'2016-12-06'),
(372,'2016-10-08',317,100847,'2016-12-10'),
(373,'2016-11-08',147,790264,'2016-11-29'),
(374,'2016-11-06',187,847123,'2017-01-09'),
(375,'2016-10-05',325,241499,'2016-11-23'),
(376,'2016-10-26',143,34130,'2016-11-20'),
(377,'2016-11-19',909,277756,'2016-12-16'),
(378,'2016-10-07',626,707603,'2016-12-01'),
(379,'2016-10-08',59,339517,'2016-12-23'),
(380,'2016-11-09',525,596604,'2016-12-19'),
(381,'2016-11-02',758,152694,'2016-11-28'),
(382,'2016-10-29',31,179301,'2016-12-30'),
(383,'2016-10-06',639,57225,'2016-11-28'),
(384,'2016-11-02',838,405103,'2016-12-28'),
(385,'2016-10-31',458,320060,'2016-12-25'),
(386,'2016-11-05',857,991132,'2017-01-03'),
(387,'2016-11-16',14,55350,'2016-12-06'),
(388,'2016-10-24',620,40968,'2016-11-30'),
(389,'2016-10-05',261,358513,'2016-11-30'),
(390,'2016-10-23',205,912451,'2016-12-23'),
(391,'2016-11-03',290,502260,'2016-12-15'),
(392,'2016-11-11',431,591344,'2016-12-03'),
(393,'2016-11-18',985,419591,'2017-01-03'),
(394,'2016-10-23',883,510850,'2017-01-08'),
(395,'2016-10-17',172,398486,'2016-12-21'),
(396,'2016-11-07',917,467661,'2016-12-15'),
(397,'2016-10-08',671,575666,'2017-01-02'),
(398,'2016-10-03',588,70380,'2016-12-06'),
(399,'2016-10-30',5,768607,'2016-12-02'),
(400,'2016-11-13',728,553253,'2016-11-29'),
(401,'2016-11-20',315,287068,'2016-12-31'),
(402,'2016-10-12',60,894877,'2016-12-08'),
(403,'2016-10-01',158,597971,'2016-12-09'),
(404,'2016-10-29',971,320764,'2016-12-27'),
(405,'2016-10-01',511,950730,'2016-12-29'),
(406,'2016-10-30',613,564788,'2016-12-13'),
(407,'2016-10-12',432,35073,'2016-12-10'),
(408,'2016-11-05',36,487497,'2016-12-07'),
(409,'2016-10-29',879,992474,'2016-12-08'),
(410,'2016-11-03',541,914048,'2016-12-26'),
(411,'2016-11-17',969,434559,'2016-12-14'),
(412,'2016-10-22',62,891961,'2016-11-21'),
(413,'2016-10-09',105,106629,'2016-12-08'),
(414,'2016-11-06',484,333995,'2016-12-11'),
(415,'2016-10-14',235,847287,'2016-12-25'),
(416,'2016-11-19',735,315688,'2016-12-17'),
(417,'2016-10-10',669,731275,'2016-11-21'),
(418,'2016-11-04',471,310579,'2016-12-16'),
(419,'2016-10-21',127,877988,'2016-12-31'),
(420,'2016-10-02',814,871198,'2016-12-13'),
(421,'2016-10-16',386,41005,'2016-12-22'),
(422,'2016-10-19',872,534511,'2016-12-08'),
(423,'2016-11-09',831,493732,'2017-01-02'),
(424,'2016-10-11',769,257987,'2016-11-27'),
(425,'2016-11-09',30,132338,'2016-12-23'),
(426,'2016-11-01',289,332097,'2016-12-09'),
(427,'2016-11-15',747,341340,'2016-12-02'),
(428,'2016-11-18',446,531099,'2016-12-21'),
(429,'2016-11-20',357,611602,'2016-12-31'),
(430,'2016-11-04',593,746963,'2016-12-06'),
(431,'2016-10-17',391,798960,'2016-12-24'),
(432,'2016-10-07',322,280485,'2016-12-30'),
(433,'2016-10-17',241,688522,'2016-12-12'),
(434,'2016-11-04',480,318120,'2016-12-16'),
(435,'2016-10-06',635,564086,'2016-11-24'),
(436,'2016-10-02',903,555497,'2016-12-23'),
(437,'2016-10-06',377,913762,'2016-11-30'),
(438,'2016-10-02',218,109181,'2016-11-24'),
(439,'2016-10-14',949,104616,'2017-01-05'),
(440,'2016-11-10',713,243997,'2016-12-18'),
(441,'2016-11-17',183,16889,'2017-01-01'),
(442,'2016-10-03',230,87661,'2017-01-05'),
(443,'2016-11-07',248,270981,'2016-12-21'),
(444,'2016-10-03',228,126851,'2016-12-31'),
(445,'2016-11-08',177,239925,'2016-12-08'),
(446,'2016-11-05',575,751055,'2016-12-02'),
(447,'2016-10-06',907,739715,'2016-12-28'),
(448,'2016-10-02',853,72387,'2017-01-08'),
(449,'2016-11-09',636,379553,'2016-12-12'),
(450,'2016-11-01',772,807340,'2016-12-11'),
(451,'2016-10-28',97,247227,'2016-12-02'),
(452,'2016-10-30',265,989255,'2016-11-29'),
(453,'2016-10-24',623,401653,'2016-12-11'),
(454,'2016-10-19',134,550401,'2016-12-04'),
(455,'2016-10-21',88,870626,'2016-12-23'),
(456,'2016-10-12',80,742579,'2016-12-17'),
(457,'2016-10-13',806,4700,'2017-01-05'),
(458,'2016-10-20',440,175233,'2016-12-06'),
(459,'2016-11-17',725,794335,'2016-11-25'),
(460,'2016-10-29',546,789662,'2017-01-05'),
(461,'2016-11-08',707,209803,'2016-12-23'),
(462,'2016-10-09',705,352164,'2016-12-02'),
(463,'2016-10-13',653,350716,'2016-12-29'),
(464,'2016-10-15',503,434566,'2016-12-11'),
(465,'2016-10-14',719,585936,'2017-01-01'),
(466,'2016-10-31',701,719827,'2016-11-29'),
(467,'2016-10-23',732,871675,'2016-12-23'),
(468,'2016-10-04',74,444302,'2016-12-22'),
(469,'2016-10-01',579,280991,'2016-12-01'),
(470,'2016-11-02',220,844168,'2016-12-04'),
(471,'2016-10-09',975,28243,'2016-12-09'),
(472,'2016-11-13',66,767673,'2017-01-03'),
(473,'2016-10-23',823,790371,'2016-12-26'),
(474,'2016-11-17',531,234482,'2016-12-21'),
(475,'2016-11-10',629,61355,'2017-01-01'),
(476,'2016-11-07',811,557672,'2016-12-18'),
(477,'2016-10-29',565,912584,'2017-01-08'),
(478,'2016-10-29',478,252112,'2016-12-15'),
(479,'2016-11-18',714,899551,'2016-12-04'),
(480,'2016-10-23',699,382459,'2016-12-04'),
(481,'2016-11-06',231,921305,'2016-12-22'),
(482,'2016-10-06',880,13917,'2016-12-18'),
(483,'2016-11-01',150,733382,'2016-11-27'),
(484,'2016-10-29',93,944268,'2016-12-20'),
(485,'2016-10-13',918,576729,'2016-12-18'),
(486,'2016-11-03',298,493162,'2016-12-02'),
(487,'2016-10-30',590,16024,'2016-12-02'),
(488,'2016-11-06',481,430050,'2016-12-15'),
(489,'2016-11-14',188,840923,'2016-12-28'),
(490,'2016-10-20',149,257960,'2016-12-04'),
(491,'2016-11-15',784,242410,'2016-12-22'),
(492,'2016-11-09',24,751983,'2016-12-04'),
(493,'2016-10-19',550,221589,'2016-12-25'),
(494,'2016-10-11',55,452074,'2016-12-19'),
(495,'2016-11-13',216,808438,'2016-12-27'),
(496,'2016-10-04',870,855244,'2016-12-15'),
(497,'2016-11-15',378,81636,'2016-12-04'),
(498,'2016-10-21',553,851933,'2016-12-23'),
(499,'2016-10-08',994,940216,'2016-12-10');

INSERT INTO Stany
VALUES 
(1,'After Many a Summer Dies the Swan'),
(2,'Cover Her Face'),
(3,'Eyeless in Gaza'),
(4,'The Wind's Twelve Quarters'),
(5,'The Grapes of Wrath'),
(6,'The Painted Veil'),
(7,'Brandy of the Damned'),
(8,'Absalom, Absalom!'),
(9,'A Time of Gifts'),
(10,'Precious Bane');

INSERT INTO ZmianyStanow
VALUES 
(1,471,'2016-11-16',6),
(2,429,'2016-10-08',6),
(3,289,'2016-10-24',2),
(4,301,'2016-10-23',2),
(5,896,'2016-10-07',8),
(6,762,'2016-11-02',6),
(7,92,'2016-10-18',8),
(8,836,'2016-11-01',2),
(9,413,'2016-10-20',4),
(10,765,'2016-10-19',7),
(11,502,'2016-10-13',1),
(12,639,'2016-11-05',4),
(13,731,'2016-10-02',3),
(14,644,'2016-10-24',5),
(15,904,'2016-11-17',8),
(16,38,'2016-10-30',8),
(17,690,'2016-10-24',1),
(18,332,'2016-11-01',6),
(19,49,'2016-10-24',9),
(20,280,'2016-11-12',2),
(21,979,'2016-11-06',2),
(22,129,'2016-10-26',2),
(23,598,'2016-11-05',7),
(24,237,'2016-11-12',1),
(25,702,'2016-10-29',9),
(26,171,'2016-10-16',6),
(27,899,'2016-10-15',1),
(28,101,'2016-11-15',4),
(29,620,'2016-10-29',5),
(30,895,'2016-10-15',3),
(31,110,'2016-11-17',9),
(32,540,'2016-10-06',3),
(33,739,'2016-10-16',4),
(34,943,'2016-10-25',4),
(35,158,'2016-10-14',7),
(36,652,'2016-10-17',6),
(37,834,'2016-10-31',8),
(38,922,'2016-10-06',5),
(39,713,'2016-10-15',6),
(40,970,'2016-10-23',5),
(41,265,'2016-10-02',5),
(42,828,'2016-11-04',7),
(43,611,'2016-11-03',6),
(44,338,'2016-10-02',4),
(45,40,'2016-10-07',4),
(46,77,'2016-10-17',2),
(47,69,'2016-11-15',3),
(48,745,'2016-10-03',5),
(49,309,'2016-10-21',5),
(50,608,'2016-11-01',1),
(51,710,'2016-10-06',5),
(52,383,'2016-10-02',2),
(53,684,'2016-11-06',2),
(54,271,'2016-10-12',8),
(55,378,'2016-10-29',7),
(56,419,'2016-10-09',6),
(57,239,'2016-10-26',2),
(58,441,'2016-10-09',3),
(59,755,'2016-10-14',4),
(60,525,'2016-10-27',5),
(61,48,'2016-10-14',4),
(62,79,'2016-11-05',4),
(63,442,'2016-11-10',2),
(64,376,'2016-10-13',4),
(65,468,'2016-11-17',3),
(66,715,'2016-11-17',8),
(67,948,'2016-10-17',7),
(68,8,'2016-10-23',5),
(69,879,'2016-11-03',5),
(70,730,'2016-10-18',5),
(71,934,'2016-10-06',6),
(72,941,'2016-11-13',3),
(73,854,'2016-10-04',1),
(74,10,'2016-11-08',3),
(75,440,'2016-11-20',9),
(76,960,'2016-11-17',4),
(77,493,'2016-11-15',3),
(78,319,'2016-10-05',1),
(79,728,'2016-10-29',4),
(80,864,'2016-10-22',1),
(81,838,'2016-10-24',7),
(82,136,'2016-11-17',2),
(83,953,'2016-11-19',2),
(84,37,'2016-10-08',9),
(85,425,'2016-10-26',4),
(86,632,'2016-10-13',8),
(87,665,'2016-11-08',4),
(88,286,'2016-11-13',1),
(89,58,'2016-10-29',2),
(90,646,'2016-10-02',4),
(91,554,'2016-10-07',6),
(92,372,'2016-10-27',8),
(93,209,'2016-11-08',1),
(94,1,'2016-11-02',9),
(95,990,'2016-10-15',7),
(96,939,'2016-10-31',4),
(97,958,'2016-10-08',3),
(98,685,'2016-11-02',3),
(99,323,'2016-11-03',7),
(100,428,'2016-10-24',4),
(101,164,'2016-10-05',9),
(102,76,'2016-10-15',3),
(103,773,'2016-11-19',2),
(104,458,'2016-10-15',2),
(105,360,'2016-10-15',3),
(106,995,'2016-11-11',7),
(107,204,'2016-11-13',6),
(108,292,'2016-10-16',7),
(109,367,'2016-10-22',2),
(110,114,'2016-11-06',2),
(111,813,'2016-10-06',9),
(112,821,'2016-10-04',8),
(113,250,'2016-11-07',4),
(114,556,'2016-10-19',1),
(115,354,'2016-10-17',3),
(116,391,'2016-11-11',7),
(117,679,'2016-10-29',5),
(118,831,'2016-10-12',8),
(119,704,'2016-10-15',5),
(120,572,'2016-11-01',1),
(121,219,'2016-10-09',6),
(122,20,'2016-10-15',1),
(123,73,'2016-11-10',7),
(124,340,'2016-10-29',4),
(125,583,'2016-10-04',6),
(126,523,'2016-10-19',6),
(127,835,'2016-11-18',1),
(128,256,'2016-10-28',8),
(129,791,'2016-10-06',7),
(130,967,'2016-11-12',7),
(131,997,'2016-10-02',7),
(132,723,'2016-10-22',5),
(133,406,'2016-10-18',7),
(134,31,'2016-11-18',7),
(135,263,'2016-10-30',3),
(136,695,'2016-10-31',2),
(137,380,'2016-11-12',4),
(138,541,'2016-11-16',7),
(139,307,'2016-11-09',5),
(140,272,'2016-11-04',7),
(141,736,'2016-10-06',9),
(142,893,'2016-11-16',6),
(143,5,'2016-10-14',9),
(144,569,'2016-11-14',4),
(145,457,'2016-11-06',6),
(146,142,'2016-11-09',7),
(147,520,'2016-10-15',8),
(148,856,'2016-10-10',9),
(149,699,'2016-10-24',9),
(150,477,'2016-10-03',2),
(151,688,'2016-11-10',2),
(152,85,'2016-11-16',2),
(153,447,'2016-10-07',9),
(154,528,'2016-10-26',7),
(155,698,'2016-11-14',1),
(156,246,'2016-10-24',9),
(157,548,'2016-11-09',2),
(158,784,'2016-10-07',6),
(159,125,'2016-10-03',6),
(160,757,'2016-10-22',9),
(161,249,'2016-10-02',3),
(162,482,'2016-10-08',4),
(163,975,'2016-11-06',8),
(164,70,'2016-11-05',4),
(165,889,'2016-10-02',7),
(166,661,'2016-11-07',2),
(167,992,'2016-11-11',1),
(168,127,'2016-11-20',9),
(169,737,'2016-10-27',5),
(170,886,'2016-10-12',1),
(171,94,'2016-10-17',1),
(172,268,'2016-11-07',3),
(173,432,'2016-10-31',4),
(174,768,'2016-11-07',9),
(175,817,'2016-10-11',6),
(176,531,'2016-10-25',4),
(177,633,'2016-10-06',5),
(178,32,'2016-11-12',6),
(179,535,'2016-10-05',9),
(180,89,'2016-10-28',1),
(181,157,'2016-11-08',2),
(182,80,'2016-10-09',3),
(183,942,'2016-10-06',9),
(184,673,'2016-10-24',9),
(185,579,'2016-10-02',2),
(186,557,'2016-10-22',1),
(187,842,'2016-10-06',4),
(188,714,'2016-10-26',5),
(189,882,'2016-11-04',2),
(190,388,'2016-10-07',9),
(191,964,'2016-10-15',5),
(192,797,'2016-11-10',5),
(193,200,'2016-11-13',3),
(194,16,'2016-11-16',7),
(195,516,'2016-10-16',7),
(196,233,'2016-11-08',5),
(197,585,'2016-10-08',5),
(198,215,'2016-10-30',2),
(199,790,'2016-10-26',4),
(200,605,'2016-10-10',1),
(201,947,'2016-11-17',4),
(202,107,'2016-10-22',9),
(203,240,'2016-11-14',8),
(204,437,'2016-10-11',4),
(205,565,'2016-11-13',6),
(206,409,'2016-11-05',3),
(207,761,'2016-10-14',4),
(208,64,'2016-11-16',3),
(209,526,'2016-10-26',3),
(210,806,'2016-10-19',6),
(211,734,'2016-11-07',8),
(212,66,'2016-11-02',6),
(213,120,'2016-10-07',5),
(214,126,'2016-10-19',6),
(215,510,'2016-10-05',4),
(216,366,'2016-10-05',9),
(217,355,'2016-11-14',2),
(218,143,'2016-10-27',5),
(219,869,'2016-11-04',8),
(220,881,'2016-11-03',9),
(221,656,'2016-10-25',1),
(222,764,'2016-11-02',6),
(223,12,'2016-10-18',4),
(224,853,'2016-11-07',2),
(225,971,'2016-10-09',5),
(226,396,'2016-11-13',9),
(227,648,'2016-10-10',1),
(228,321,'2016-11-08',4),
(229,117,'2016-10-30',4),
(230,109,'2016-10-31',9),
(231,476,'2016-10-30',1),
(232,534,'2016-10-09',6),
(233,111,'2016-10-14',5),
(234,521,'2016-11-16',3),
(235,955,'2016-10-20',3),
(236,563,'2016-10-31',8),
(237,163,'2016-10-17',1),
(238,524,'2016-10-25',8),
(239,17,'2016-10-10',3),
(240,876,'2016-10-22',8),
(241,357,'2016-10-06',3),
(242,14,'2016-10-25',3),
(243,358,'2016-11-16',7),
(244,892,'2016-11-13',2),
(245,913,'2016-10-13',4),
(246,901,'2016-10-13',3),
(247,952,'2016-10-18',1),
(248,235,'2016-10-23',2),
(249,176,'2016-10-12',7),
(250,672,'2016-10-23',1),
(251,178,'2016-11-01',9),
(252,564,'2016-11-11',4),
(253,324,'2016-10-19',1),
(254,570,'2016-11-06',1),
(255,538,'2016-11-05',7),
(256,712,'2016-11-14',9),
(257,629,'2016-10-13',6),
(258,609,'2016-10-27',5),
(259,840,'2016-10-17',3),
(260,412,'2016-10-05',3),
(261,46,'2016-10-06',9),
(262,232,'2016-10-15',8),
(263,872,'2016-10-11',5),
(264,153,'2016-10-17',7),
(265,287,'2016-11-15',6),
(266,86,'2016-10-05',8),
(267,203,'2016-10-30',4),
(268,771,'2016-11-03',3),
(269,647,'2016-10-29',4),
(270,456,'2016-10-23',6),
(271,905,'2016-11-03',5),
(272,491,'2016-11-17',7),
(273,295,'2016-10-27',7),
(274,887,'2016-10-29',7),
(275,212,'2016-11-19',8),
(276,472,'2016-10-13',7),
(277,439,'2016-10-29',3),
(278,891,'2016-11-04',3),
(279,959,'2016-10-16',4),
(280,847,'2016-10-25',6),
(281,382,'2016-10-03',5),
(282,558,'2016-10-29',7),
(283,707,'2016-11-12',7),
(284,356,'2016-10-07',7),
(285,266,'2016-10-12',4),
(286,105,'2016-11-20',4),
(287,576,'2016-10-23',2),
(288,415,'2016-10-05',4),
(289,386,'2016-11-19',5),
(290,435,'2016-11-08',1),
(291,312,'2016-10-14',3),
(292,130,'2016-10-16',2),
(293,218,'2016-10-12',6),
(294,782,'2016-10-27',9),
(295,221,'2016-10-06',9),
(296,374,'2016-10-06',2),
(297,957,'2016-11-08',7),
(298,402,'2016-10-02',9),
(299,193,'2016-10-07',4),
(300,97,'2016-10-08',3),
(301,877,'2016-10-17',2),
(302,894,'2016-10-13',5),
(303,573,'2016-11-07',6),
(304,799,'2016-11-11',9),
(305,811,'2016-11-02',3),
(306,591,'2016-11-13',5),
(307,397,'2016-10-05',2),
(308,389,'2016-11-13',7),
(309,416,'2016-11-06',7),
(310,448,'2016-11-15',4),
(311,196,'2016-11-17',1),
(312,841,'2016-10-25',9),
(313,459,'2016-10-25',8),
(314,976,'2016-10-14',8),
(315,989,'2016-11-11',5),
(316,211,'2016-10-10',8),
(317,33,'2016-10-26',6),
(318,727,'2016-10-09',6),
(319,726,'2016-10-18',5),
(320,255,'2016-10-16',5),
(321,427,'2016-11-05',8),
(322,67,'2016-10-06',9),
(323,843,'2016-10-19',6),
(324,810,'2016-10-13',7),
(325,407,'2016-10-06',2),
(326,977,'2016-10-18',3),
(327,225,'2016-10-24',9),
(328,867,'2016-10-11',3),
(329,552,'2016-11-07',5),
(330,692,'2016-10-25',7),
(331,453,'2016-10-19',4),
(332,23,'2016-11-06',2),
(333,626,'2016-11-14',1),
(334,978,'2016-11-10',7),
(335,179,'2016-11-02',7),
(336,724,'2016-10-30',9),
(337,318,'2016-10-21',7),
(338,155,'2016-11-03',6),
(339,783,'2016-10-10',4),
(340,199,'2016-11-10',4),
(341,519,'2016-10-03',8),
(342,387,'2016-10-09',7),
(343,177,'2016-10-21',9),
(344,720,'2016-11-05',5),
(345,2,'2016-11-05',7),
(346,666,'2016-10-18',2),
(347,917,'2016-11-06',7),
(348,844,'2016-11-07',6),
(349,846,'2016-11-18',2),
(350,719,'2016-11-10',7),
(351,394,'2016-10-28',4),
(352,816,'2016-10-07',8),
(353,815,'2016-10-22',1),
(354,201,'2016-10-30',4),
(355,414,'2016-10-16',3),
(356,582,'2016-10-22',6),
(357,627,'2016-10-08',2),
(358,138,'2016-10-10',5),
(359,207,'2016-10-18',1),
(360,814,'2016-11-07',7),
(361,982,'2016-11-14',4),
(362,253,'2016-10-07',5),
(363,898,'2016-10-12',2),
(364,82,'2016-11-01',8),
(365,352,'2016-10-09',7),
(366,621,'2016-11-11',9),
(367,499,'2016-10-16',1),
(368,467,'2016-10-14',3),
(369,30,'2016-11-18',8),
(370,464,'2016-10-11',2),
(371,377,'2016-11-08',7),
(372,870,'2016-10-28',4),
(373,159,'2016-10-11',1),
(374,98,'2016-10-09',5),
(375,282,'2016-11-12',8),
(376,940,'2016-10-26',5),
(377,443,'2016-10-25',1),
(378,809,'2016-10-24',5),
(379,364,'2016-10-30',3),
(380,121,'2016-11-09',4),
(381,623,'2016-10-16',6),
(382,912,'2016-10-21',8),
(383,24,'2016-11-17',9),
(384,622,'2016-11-20',2),
(385,421,'2016-10-06',3),
(386,379,'2016-10-13',8),
(387,281,'2016-10-29',2),
(388,341,'2016-10-16',3),
(389,680,'2016-10-02',8),
(390,296,'2016-11-14',2),
(391,839,'2016-10-12',6),
(392,60,'2016-11-06',8),
(393,170,'2016-11-06',4),
(394,954,'2016-10-27',3),
(395,197,'2016-10-28',5),
(396,238,'2016-10-24',9),
(397,363,'2016-10-09',5),
(398,555,'2016-10-15',2),
(399,584,'2016-11-15',6),
(400,481,'2016-10-17',4),
(401,102,'2016-10-20',8),
(402,832,'2016-10-02',5),
(403,798,'2016-10-13',2),
(404,299,'2016-11-07',1),
(405,34,'2016-10-25',8),
(406,95,'2016-11-14',7),
(407,924,'2016-10-30',4),
(408,805,'2016-10-09',5),
(409,903,'2016-11-04',9),
(410,776,'2016-10-19',2),
(411,139,'2016-10-12',8),
(412,596,'2016-11-11',6),
(413,546,'2016-10-07',5),
(414,455,'2016-10-07',5),
(415,717,'2016-11-10',5),
(416,691,'2016-11-12',8),
(417,335,'2016-10-14',8),
(418,87,'2016-11-12',8),
(419,137,'2016-10-21',8),
(420,660,'2016-10-09',8),
(421,906,'2016-10-08',2),
(422,260,'2016-11-02',8),
(423,495,'2016-10-04',3),
(424,553,'2016-10-06',9),
(425,103,'2016-10-14',4),
(426,603,'2016-11-13',7),
(427,749,'2016-11-01',8),
(428,259,'2016-10-24',5),
(429,22,'2016-11-11',1),
(430,794,'2016-11-03',5),
(431,866,'2016-11-09',3),
(432,562,'2016-10-31',3),
(433,78,'2016-11-11',8),
(434,850,'2016-10-23',5),
(435,987,'2016-10-02',6),
(436,294,'2016-10-26',1),
(437,706,'2016-10-15',3),
(438,165,'2016-11-08',7),
(439,480,'2016-10-10',6),
(440,276,'2016-10-30',9),
(441,247,'2016-11-04',3),
(442,189,'2016-11-16',5),
(443,819,'2016-10-13',2),
(444,781,'2016-10-07',9),
(445,708,'2016-10-26',9),
(446,399,'2016-10-24',7),
(447,113,'2016-11-16',9),
(448,242,'2016-10-25',9),
(449,146,'2016-11-02',4),
(450,393,'2016-11-16',1),
(451,198,'2016-10-04',2),
(452,91,'2016-11-13',9),
(453,792,'2016-11-16',2),
(454,133,'2016-10-31',6),
(455,658,'2016-11-08',6),
(456,205,'2016-10-15',1),
(457,750,'2016-10-23',9),
(458,213,'2016-10-13',1),
(459,228,'2016-11-04',3),
(460,824,'2016-10-03',8),
(461,336,'2016-10-02',7),
(462,298,'2016-10-16',1),
(463,478,'2016-10-14',4),
(464,359,'2016-11-11',2),
(465,682,'2016-11-03',7),
(466,760,'2016-11-10',7),
(467,512,'2016-10-06',6),
(468,586,'2016-10-26',7),
(469,26,'2016-10-05',7),
(470,980,'2016-10-17',6),
(471,223,'2016-10-31',4),
(472,420,'2016-11-01',6),
(473,825,'2016-10-22',4),
(474,173,'2016-10-07',9),
(475,566,'2016-11-18',2),
(476,141,'2016-10-04',8),
(477,778,'2016-10-28',5),
(478,770,'2016-10-10',1),
(479,168,'2016-11-04',9),
(480,851,'2016-11-14',6),
(481,44,'2016-11-01',9),
(482,183,'2016-10-14',1),
(483,15,'2016-11-19',5),
(484,788,'2016-10-02',7),
(485,466,'2016-10-10',4),
(486,946,'2016-10-22',6),
(487,933,'2016-10-28',8),
(488,664,'2016-11-02',2),
(489,615,'2016-10-19',1),
(490,327,'2016-10-04',1),
(491,529,'2016-10-25',6),
(492,911,'2016-11-14',6),
(493,134,'2016-10-18',6),
(494,793,'2016-11-05',8),
(495,657,'2016-11-20',2),
(496,483,'2016-10-28',7),
(497,450,'2016-10-28',6),
(498,65,'2016-10-26',5),
(499,852,'2016-10-21',9),
(500,72,'2016-10-25',3),
(501,124,'2016-11-14',9),
(502,313,'2016-11-18',1),
(503,926,'2016-11-04',9),
(504,84,'2016-10-19',1),
(505,880,'2016-10-23',8),
(506,267,'2016-11-06',4),
(507,725,'2016-11-12',5),
(508,812,'2016-10-19',7),
(509,345,'2016-11-10',7),
(510,373,'2016-10-03',9),
(511,454,'2016-10-02',8),
(512,384,'2016-10-20',4),
(513,935,'2016-10-19',3),
(514,865,'2016-11-05',2),
(515,932,'2016-10-04',3),
(516,915,'2016-11-07',2),
(517,275,'2016-11-08',1),
(518,758,'2016-11-10',3),
(519,829,'2016-11-05',7),
(520,147,'2016-11-11',1),
(521,368,'2016-10-02',3),
(522,927,'2016-11-04',3),
(523,595,'2016-11-16',2),
(524,150,'2016-10-18',5),
(525,920,'2016-10-19',4),
(526,494,'2016-10-22',5),
(527,128,'2016-10-31',5),
(528,99,'2016-11-02',4),
(529,551,'2016-10-24',8),
(530,348,'2016-10-24',4),
(531,174,'2016-11-09',4),
(532,475,'2016-11-01',3),
(533,308,'2016-11-16',8),
(534,122,'2016-11-04',7),
(535,460,'2016-10-14',8),
(536,823,'2016-11-14',7),
(537,991,'2016-10-11',8),
(538,759,'2016-10-09',7),
(539,907,'2016-10-19',3),
(540,339,'2016-11-13',9),
(541,678,'2016-10-24',7),
(542,317,'2016-11-16',7),
(543,257,'2016-10-15',2),
(544,490,'2016-10-18',7),
(545,681,'2016-10-13',1),
(546,675,'2016-10-17',4),
(547,559,'2016-10-23',6),
(548,241,'2016-10-11',9),
(549,774,'2016-10-13',3),
(550,172,'2016-10-13',9),
(551,500,'2016-10-30',7),
(552,118,'2016-10-04',3),
(553,469,'2016-11-05',7),
(554,795,'2016-10-26',4),
(555,194,'2016-11-14',6),
(556,748,'2016-11-03',1),
(557,984,'2016-10-11',1),
(558,845,'2016-10-27',9),
(559,593,'2016-10-13',4),
(560,244,'2016-11-03',7),
(561,461,'2016-10-19',2),
(562,833,'2016-10-18',3),
(563,154,'2016-10-04',2),
(564,617,'2016-11-15',1),
(565,417,'2016-10-27',7),
(566,919,'2016-11-06',5),
(567,322,'2016-10-23',8),
(568,711,'2016-11-15',1),
(569,655,'2016-10-27',2),
(570,135,'2016-10-24',5),
(571,145,'2016-11-16',2),
(572,527,'2016-11-20',3),
(573,191,'2016-11-06',1),
(574,753,'2016-11-06',1),
(575,131,'2016-10-13',1),
(576,329,'2016-11-01',5),
(577,226,'2016-11-10',8),
(578,972,'2016-11-11',3),
(579,634,'2016-11-11',2),
(580,224,'2016-10-23',7),
(581,371,'2016-11-08',9),
(582,602,'2016-11-13',3),
(583,184,'2016-11-15',7),
(584,861,'2016-10-09',1),
(585,56,'2016-11-03',7),
(586,885,'2016-10-11',7),
(587,785,'2016-11-07',3),
(588,746,'2016-10-18',5),
(589,422,'2016-10-19',6),
(590,561,'2016-11-01',4),
(591,123,'2016-10-19',7),
(592,305,'2016-10-28',8),
(593,43,'2016-11-06',4),
(594,875,'2016-10-06',8),
(595,45,'2016-10-19',5),
(596,115,'2016-11-16',6),
(597,279,'2016-11-07',7),
(598,503,'2016-11-15',3),
(599,167,'2016-10-02',4),
(600,763,'2016-10-25',7),
(601,285,'2016-10-26',6),
(602,878,'2016-10-09',5),
(603,871,'2016-11-01',4),
(604,994,'2016-10-27',5),
(605,884,'2016-10-30',3),
(606,300,'2016-10-11',2),
(607,52,'2016-11-18',8),
(608,51,'2016-11-18',4),
(609,945,'2016-10-17',5),
(610,589,'2016-10-19',8),
(611,342,'2016-10-17',7),
(612,588,'2016-10-11',5),
(613,445,'2016-11-01',2),
(614,28,'2016-10-26',1),
(615,925,'2016-10-16',6),
(616,424,'2016-11-12',5),
(617,217,'2016-10-02',4),
(618,944,'2016-10-26',5),
(619,398,'2016-11-16',7),
(620,931,'2016-11-01',3),
(621,182,'2016-10-18',8),
(622,504,'2016-11-07',4),
(623,659,'2016-10-22',4),
(624,438,'2016-10-30',8),
(625,687,'2016-10-31',4),
(626,331,'2016-10-08',7),
(627,618,'2016-10-11',8),
(628,826,'2016-10-19',2),
(629,395,'2016-10-04',9),
(630,789,'2016-11-02',4),
(631,343,'2016-11-18',2),
(632,744,'2016-11-20',9),
(633,190,'2016-10-19',3),
(634,251,'2016-11-13',9),
(635,873,'2016-10-16',7),
(636,900,'2016-10-10',4),
(637,518,'2016-10-01',4),
(638,423,'2016-10-20',4),
(639,965,'2016-10-27',3),
(640,780,'2016-10-30',7),
(641,156,'2016-11-02',7),
(642,929,'2016-11-04',3),
(643,166,'2016-11-19',9),
(644,403,'2016-11-16',9),
(645,514,'2016-10-04',9),
(646,738,'2016-11-07',4),
(647,116,'2016-11-10',2),
(648,375,'2016-11-04',3),
(649,703,'2016-10-29',7),
(650,820,'2016-11-17',8),
(651,71,'2016-10-21',6),
(652,202,'2016-10-31',9),
(653,470,'2016-10-19',6),
(654,269,'2016-10-19',2),
(655,594,'2016-11-01',5),
(656,208,'2016-11-19',2),
(657,674,'2016-11-07',3),
(658,252,'2016-10-15',1),
(659,936,'2016-11-07',7),
(660,722,'2016-10-06',6),
(661,288,'2016-10-24',5),
(662,346,'2016-10-12',5),
(663,144,'2016-11-06',1),
(664,539,'2016-11-11',4),
(665,392,'2016-10-14',8),
(666,624,'2016-11-18',6),
(667,316,'2016-11-03',9),
(668,578,'2016-11-07',4),
(669,547,'2016-11-08',3),
(670,968,'2016-10-29',9),
(671,614,'2016-11-19',4),
(672,53,'2016-11-15',3),
(673,104,'2016-10-19',2),
(674,405,'2016-11-11',3),
(675,277,'2016-11-06',2),
(676,667,'2016-11-13',1),
(677,951,'2016-10-13',6),
(678,291,'2016-10-26',8),
(679,220,'2016-10-07',5),
(680,575,'2016-11-19',2),
(681,106,'2016-10-25',9),
(682,743,'2016-10-09',1),
(683,963,'2016-10-28',3),
(684,754,'2016-11-17',3),
(685,90,'2016-10-23',5),
(686,25,'2016-11-18',8),
(687,149,'2016-11-04',4),
(688,410,'2016-10-29',1),
(689,444,'2016-10-30',6),
(690,808,'2016-11-18',2),
(691,132,'2016-11-19',5),
(692,21,'2016-10-31',2),
(693,577,'2016-11-14',3),
(694,344,'2016-11-20',3),
(695,303,'2016-11-13',4),
(696,642,'2016-10-21',9),
(697,408,'2016-11-04',9),
(698,426,'2016-11-07',1),
(699,334,'2016-10-09',5),
(700,234,'2016-10-18',7),
(701,370,'2016-10-02',9),
(702,119,'2016-11-13',1),
(703,693,'2016-11-19',7),
(704,6,'2016-11-02',3),
(705,152,'2016-10-09',2),
(706,243,'2016-11-02',8),
(707,404,'2016-10-05',9),
(708,874,'2016-10-27',1),
(709,537,'2016-10-21',2),
(710,914,'2016-10-08',1),
(711,670,'2016-10-30',8),
(712,822,'2016-11-19',8),
(713,400,'2016-11-04',2),
(714,290,'2016-10-16',2),
(715,245,'2016-11-17',9),
(716,385,'2016-10-06',8),
(717,696,'2016-11-12',5),
(718,333,'2016-10-12',3),
(719,304,'2016-10-13',4),
(720,862,'2016-10-04',8),
(721,928,'2016-10-31',7),
(722,175,'2016-10-31',9),
(723,509,'2016-11-02',7),
(724,630,'2016-11-09',3),
(725,581,'2016-10-11',1),
(726,930,'2016-10-13',6),
(727,83,'2016-10-25',6),
(728,485,'2016-11-14',6),
(729,431,'2016-11-14',5),
(730,508,'2016-10-16',9),
(731,474,'2016-11-19',6),
(732,786,'2016-11-05',1),
(733,283,'2016-11-13',7),
(734,530,'2016-10-23',7),
(735,716,'2016-10-24',3),
(736,937,'2016-10-17',1),
(737,988,'2016-10-16',9),
(738,676,'2016-11-11',5),
(739,273,'2016-10-19',9),
(740,616,'2016-10-25',3),
(741,635,'2016-10-01',3),
(742,487,'2016-10-08',8),
(743,486,'2016-10-27',9),
(744,796,'2016-10-29',9),
(745,27,'2016-11-08',2),
(746,231,'2016-10-14',3),
(747,587,'2016-10-18',6),
(748,314,'2016-11-02',9),
(749,451,'2016-11-15',6),
(750,325,'2016-11-18',9),
(751,985,'2016-11-17',7),
(752,718,'2016-11-09',5),
(753,613,'2016-11-09',6),
(754,649,'2016-10-28',5),
(755,769,'2016-10-13',9),
(756,515,'2016-11-19',1),
(757,4,'2016-10-24',5),
(758,700,'2016-10-23',1),
(759,61,'2016-10-18',5),
(760,916,'2016-10-13',5),
(761,860,'2016-10-11',4),
(762,13,'2016-11-06',5),
(763,350,'2016-11-03',7),
(764,981,'2016-11-01',6),
(765,986,'2016-10-09',1),
(766,897,'2016-11-01',9),
(767,462,'2016-10-09',5),
(768,868,'2016-11-07',8),
(769,186,'2016-10-25',1),
(770,804,'2016-10-26',2),
(771,492,'2016-10-23',2),
(772,446,'2016-10-19',2),
(773,349,'2016-10-12',6),
(774,857,'2016-11-04',1),
(775,326,'2016-10-30',6),
(776,55,'2016-11-13',3),
(777,653,'2016-10-12',7),
(778,302,'2016-10-20',1),
(779,511,'2016-10-28',2),
(780,195,'2016-10-19',8),
(781,293,'2016-10-07',3),
(782,264,'2016-10-24',8),
(783,863,'2016-10-02',2),
(784,689,'2016-10-16',9),
(785,261,'2016-11-19',5),
(786,645,'2016-11-11',3),
(787,767,'2016-10-19',7),
(788,484,'2016-10-30',6),
(789,430,'2016-10-10',8),
(790,310,'2016-11-13',8),
(791,606,'2016-11-16',3),
(792,612,'2016-11-02',1),
(793,36,'2016-10-16',5),
(794,631,'2016-10-10',2),
(795,81,'2016-11-06',8),
(796,571,'2016-10-03',7),
(797,732,'2016-10-24',4),
(798,800,'2016-11-20',3),
(799,365,'2016-10-20',3),
(800,549,'2016-10-22',2),
(801,848,'2016-11-19',3),
(802,592,'2016-10-10',4),
(803,641,'2016-10-10',1),
(804,721,'2016-11-01',4),
(805,597,'2016-11-03',8),
(806,807,'2016-10-22',1),
(807,62,'2016-11-15',2),
(808,949,'2016-10-02',9),
(809,187,'2016-11-18',3),
(810,697,'2016-10-07',2),
(811,962,'2016-10-03',7),
(812,625,'2016-10-26',8),
(813,169,'2016-11-15',5),
(814,830,'2016-10-05',8),
(815,180,'2016-10-02',5),
(816,993,'2016-11-10',3),
(817,619,'2016-10-22',9),
(818,532,'2016-11-02',6),
(819,496,'2016-10-29',8),
(820,353,'2016-11-03',5),
(821,262,'2016-10-29',5),
(822,938,'2016-11-19',4),
(823,779,'2016-11-19',5),
(824,488,'2016-10-31',8),
(825,311,'2016-11-17',2),
(826,545,'2016-10-18',9),
(827,258,'2016-10-21',4),
(828,638,'2016-10-23',2),
(829,890,'2016-11-04',3),
(830,351,'2016-10-25',2),
(831,998,'2016-11-16',6),
(832,550,'2016-10-25',3),
(833,517,'2016-10-07',7),
(834,210,'2016-11-16',5),
(835,465,'2016-10-14',4),
(836,522,'2016-10-15',5),
(837,328,'2016-11-01',9),
(838,473,'2016-10-13',8),
(839,888,'2016-10-28',4),
(840,479,'2016-11-15',5),
(841,669,'2016-10-04',7),
(842,230,'2016-10-16',7),
(843,160,'2016-10-01',3),
(844,192,'2016-10-03',7),
(845,93,'2016-11-09',8),
(846,677,'2016-11-13',4),
(847,973,'2016-10-24',2),
(848,803,'2016-11-14',3),
(849,236,'2016-10-30',3),
(850,654,'2016-10-18',8),
(851,662,'2016-10-11',9),
(852,505,'2016-10-06',4),
(853,362,'2016-11-16',7),
(854,849,'2016-11-02',2),
(855,361,'2016-10-20',3),
(856,96,'2016-10-22',8),
(857,637,'2016-11-12',1),
(858,574,'2016-11-06',5),
(859,248,'2016-10-26',6),
(860,11,'2016-10-19',8),
(861,777,'2016-10-15',9),
(862,983,'2016-10-15',7),
(863,640,'2016-10-11',6),
(864,818,'2016-10-11',8),
(865,112,'2016-11-11',9),
(866,19,'2016-11-19',1),
(867,705,'2016-11-05',1),
(868,433,'2016-11-13',3),
(869,536,'2016-10-28',3),
(870,347,'2016-11-06',4),
(871,590,'2016-10-26',8),
(872,330,'2016-11-11',8),
(873,229,'2016-10-17',2),
(874,701,'2016-11-11',9),
(875,643,'2016-10-07',6),
(876,909,'2016-11-13',6),
(877,542,'2016-10-17',3),
(878,29,'2016-10-12',7),
(879,801,'2016-10-15',5),
(880,315,'2016-10-04',5),
(881,837,'2016-10-10',8),
(882,188,'2016-10-27',5),
(883,42,'2016-10-07',2),
(884,766,'2016-11-10',1),
(885,449,'2016-11-12',3),
(886,9,'2016-11-02',8),
(887,227,'2016-10-20',7),
(888,567,'2016-10-15',8),
(889,222,'2016-10-23',8),
(890,668,'2016-11-14',9),
(891,599,'2016-10-04',1),
(892,452,'2016-11-10',2),
(893,68,'2016-10-18',4),
(894,601,'2016-10-28',2),
(895,752,'2016-10-07',2),
(896,580,'2016-10-09',3),
(897,7,'2016-10-02',9),
(898,54,'2016-10-29',8),
(899,883,'2016-10-15',5),
(900,923,'2016-11-02',5),
(901,297,'2016-11-04',3),
(902,75,'2016-11-13',6),
(903,35,'2016-11-01',9),
(904,507,'2016-10-29',6),
(905,108,'2016-10-29',6),
(906,506,'2016-10-08',5),
(907,999,'2016-10-19',2),
(908,544,'2016-11-08',6),
(909,740,'2016-11-01',5),
(910,910,'2016-10-19',8),
(911,47,'2016-10-05',2),
(912,278,'2016-11-16',7),
(913,859,'2016-11-13',1),
(914,604,'2016-10-17',7),
(915,320,'2016-10-23',5),
(916,254,'2016-10-06',1),
(917,772,'2016-11-07',5),
(918,411,'2016-11-20',9),
(919,775,'2016-11-04',5),
(920,41,'2016-11-14',2),
(921,671,'2016-10-25',5),
(922,185,'2016-10-20',7),
(923,650,'2016-11-05',3),
(924,39,'2016-10-01',5),
(925,733,'2016-10-10',8),
(926,148,'2016-11-13',3),
(927,956,'2016-10-10',4),
(928,921,'2016-10-24',8),
(929,381,'2016-11-03',6),
(930,181,'2016-10-18',3),
(931,140,'2016-11-09',9),
(932,628,'2016-11-11',2),
(933,827,'2016-10-25',8),
(934,18,'2016-11-07',2),
(935,63,'2016-10-19',7),
(936,694,'2016-10-03',7),
(937,560,'2016-10-21',1),
(938,996,'2016-10-05',7),
(939,902,'2016-10-04',8),
(940,369,'2016-10-17',7),
(941,216,'2016-10-04',6),
(942,284,'2016-10-07',4),
(943,418,'2016-11-09',1),
(944,50,'2016-10-18',3),
(945,463,'2016-10-22',5),
(946,709,'2016-10-11',1),
(947,88,'2016-10-06',1),
(948,498,'2016-10-04',7),
(949,756,'2016-11-02',6),
(950,513,'2016-11-13',4),
(951,568,'2016-11-06',5),
(952,274,'2016-10-19',7),
(953,489,'2016-11-01',7),
(954,663,'2016-11-05',9),
(955,683,'2016-11-13',6),
(956,390,'2016-11-17',7),
(957,735,'2016-10-28',7),
(958,206,'2016-10-02',6),
(959,214,'2016-10-03',8),
(960,747,'2016-10-06',6),
(961,306,'2016-11-05',9),
(962,961,'2016-10-14',2),
(963,161,'2016-11-01',2),
(964,337,'2016-10-26',2),
(965,950,'2016-10-16',9),
(966,401,'2016-11-11',1),
(967,651,'2016-11-09',5),
(968,686,'2016-11-08',3),
(969,607,'2016-10-23',4),
(970,434,'2016-11-16',5),
(971,974,'2016-11-19',2),
(972,787,'2016-11-19',3),
(973,501,'2016-10-11',3),
(974,57,'2016-11-10',1),
(975,162,'2016-11-10',9),
(976,59,'2016-10-12',8),
(977,3,'2016-11-15',4),
(978,497,'2016-11-17',7),
(979,969,'2016-10-30',3),
(980,533,'2016-10-25',2),
(981,610,'2016-11-12',5),
(982,858,'2016-11-13',6),
(983,908,'2016-11-05',6),
(984,151,'2016-10-29',9),
(985,636,'2016-10-12',6),
(986,100,'2016-10-23',3),
(987,74,'2016-11-15',8),
(988,855,'2016-10-16',5),
(989,802,'2016-10-07',4),
(990,543,'2016-11-07',3),
(991,270,'2016-10-03',1),
(992,600,'2016-11-01',2),
(993,436,'2016-10-19',3),
(994,918,'2016-10-20',3),
(995,741,'2016-10-11',6),
(996,751,'2016-10-11',5),
(997,742,'2016-10-09',8),
(998,729,'2016-10-17',4),
(999,966,'2016-11-14',6);

INSERT INTO Pozwy
VALUES 
(1,200,'2016-11-20','Apt. 420',1563.96),
(2,323,'2016-10-22','Apt. 305',8393.29),
(3,555,'2016-10-30','Suite 339',2577.85),
(4,421,'2016-10-11','Apt. 063',7408.66),
(5,840,'2016-10-17','Suite 585',1250.56),
(6,689,'2016-11-06','Suite 501',4185.11),
(7,243,'2016-11-10','Suite 381',9868.63),
(8,306,'2016-10-28','Apt. 766',2333.68),
(9,993,'2016-10-27','Apt. 541',5431.36),
(10,496,'2016-10-25','Suite 536',2124.56),
(11,508,'2016-10-08','Suite 367',1862.64),
(12,92,'2016-11-16','Apt. 386',6947.84),
(13,25,'2016-11-17','Suite 401',2955.67),
(14,445,'2016-10-25','Suite 081',4032.82),
(15,836,'2016-10-19','Apt. 640',1229.15),
(16,774,'2016-10-20','Apt. 906',862.98),
(17,275,'2016-10-05','Apt. 013',392.6),
(18,465,'2016-10-18','Apt. 947',1243.67),
(19,919,'2016-10-05','Apt. 545',1622.0),
(20,999,'2016-10-02','Apt. 194',7459.06),
(21,351,'2016-11-12','Suite 761',6335.94),
(22,859,'2016-10-07','Apt. 608',7467.87),
(23,953,'2016-10-29','Apt. 099',670.91),
(24,881,'2016-10-07','Suite 267',8576.91),
(25,966,'2016-11-18','Apt. 816',9342.43),
(26,754,'2016-11-07','Suite 144',1549.51),
(27,130,'2016-10-24','Suite 269',9108.14),
(28,602,'2016-10-27','Suite 529',1579.42),
(29,698,'2016-10-12','Suite 674',4498.07),
(30,239,'2016-11-11','Suite 602',5091.56),
(31,531,'2016-10-19','Apt. 733',1033.74),
(32,962,'2016-11-12','Suite 830',3800.91),
(33,646,'2016-11-13','Suite 091',3618.75),
(34,96,'2016-11-06','Suite 287',9979.3),
(35,35,'2016-10-29','Apt. 559',300.04),
(36,135,'2016-10-19','Suite 947',9383.97),
(37,273,'2016-10-18','Apt. 032',4087.96),
(38,809,'2016-10-15','Suite 632',777.07),
(39,292,'2016-10-13','Apt. 352',8044.86),
(40,344,'2016-11-08','Apt. 189',3493.51),
(41,3,'2016-11-17','Suite 848',1322.85),
(42,435,'2016-11-03','Suite 377',7004.86),
(43,205,'2016-10-12','Apt. 694',6349.87),
(44,781,'2016-10-24','Apt. 997',8910.22),
(45,385,'2016-11-10','Suite 216',9872.3),
(46,866,'2016-11-17','Apt. 989',313.17),
(47,472,'2016-10-26','Suite 308',3027.7),
(48,310,'2016-11-17','Suite 024',20.26),
(49,634,'2016-10-31','Apt. 623',8155.41),
(50,889,'2016-10-16','Apt. 878',1519.75),
(51,603,'2016-10-13','Suite 234',2549.19),
(52,31,'2016-10-09','Suite 827',9168.41),
(53,98,'2016-11-09','Suite 268',1820.95),
(54,960,'2016-11-05','Suite 447',2547.66),
(55,360,'2016-10-29','Apt. 543',8100.43),
(56,600,'2016-11-16','Apt. 111',417.36),
(57,570,'2016-11-10','Suite 706',748.26),
(58,533,'2016-10-04','Apt. 978',8234.1),
(59,725,'2016-10-29','Apt. 705',9773.88),
(60,201,'2016-11-13','Suite 262',5663.56),
(61,944,'2016-10-21','Suite 920',4680.08),
(62,707,'2016-11-01','Apt. 120',3029.63),
(63,346,'2016-11-08','Apt. 505',3889.3),
(64,673,'2016-11-03','Suite 486',8161.1),
(65,900,'2016-10-08','Apt. 739',2486.87),
(66,903,'2016-10-06','Suite 108',7571.18),
(67,832,'2016-10-09','Apt. 876',8447.81),
(68,766,'2016-10-24','Apt. 728',8410.23),
(69,401,'2016-10-27','Apt. 469',61.01),
(70,929,'2016-10-12','Apt. 107',151.38),
(71,392,'2016-11-14','Suite 091',9725.67),
(72,697,'2016-10-23','Apt. 903',7436.94),
(73,32,'2016-10-28','Suite 045',1848.55),
(74,254,'2016-10-16','Suite 452',8053.76),
(75,136,'2016-11-13','Suite 719',4991.28),
(76,826,'2016-10-31','Suite 660',2454.05),
(77,398,'2016-11-10','Apt. 853',1012.82),
(78,528,'2016-10-21','Suite 950',3790.18),
(79,606,'2016-10-15','Suite 067',6358.83),
(80,111,'2016-10-03','Apt. 265',9902.48),
(81,269,'2016-11-08','Suite 408',3227.52),
(82,876,'2016-11-10','Apt. 454',1201.2),
(83,313,'2016-10-26','Apt. 640',779.21),
(84,615,'2016-10-19','Apt. 775',883.99),
(85,763,'2016-10-08','Apt. 426',9106.77),
(86,395,'2016-10-05','Suite 249',6453.67),
(87,617,'2016-11-19','Suite 983',1154.57),
(88,734,'2016-10-22','Apt. 657',3960.08),
(89,23,'2016-11-04','Apt. 416',267.6),
(90,940,'2016-10-07','Suite 526',8917.26),
(91,223,'2016-10-06','Apt. 763',3595.08),
(92,850,'2016-11-12','Apt. 608',354.4),
(93,948,'2016-11-19','Suite 469',4017.39),
(94,389,'2016-11-05','Suite 712',6920.15),
(95,975,'2016-10-16','Suite 113',5802.44),
(96,128,'2016-10-07','Apt. 770',6519.27),
(97,480,'2016-11-13','Suite 624',1689.74),
(98,526,'2016-11-04','Suite 888',3390.73),
(99,143,'2016-10-08','Apt. 038',1588.56);

INSERT INTO Ugody
VALUES 
(1,787,'2016-10-17','Suite 351',910.06),
(2,475,'2016-11-17','Suite 126',560.03),
(3,923,'2016-10-17','Apt. 878',638.47),
(4,561,'2016-10-17','Suite 668',652.7),
(5,166,'2016-11-10','Suite 870',727.23),
(6,906,'2016-11-12','Apt. 846',962.46),
(7,703,'2016-11-04','Apt. 907',947.82),
(8,451,'2016-11-13','Suite 286',972.63),
(9,180,'2016-11-07','Apt. 288',745.86);

INSERT INTO TypyWindykatorow
VALUES 
(1,'Natalia Winiarski'),
(2,'Rafał Rutkowski'),
(3,'Beniamin Drozdowski'),
(4,'Brajan Barański'),
(5,'Bertram Lipski'),
(6,'Łucja Kozioł'),
(7,'Karol Malicki'),
(8,'Prokul Urban'),
(9,'Konstanty Muszyński'),
(10,'Julita Cieśla');

INSERT INTO Windykatorzy
VALUES 
(1,'Klaudiusz','Baranowski','M','2016-10-21',8,443058422,'Drozdowski Grove 838','matylda.jackowski@gmail.com'),
(2,'Karolina','Kozak','K','2016-10-04',2,515451856,'Klimek Ville 62535','anna.walczak@yahoo.com'),
(3,'Andrzej','Bożek','M','2016-10-19',8,720106229,'Wójtowicz Mall 01319','waleria.zawadzki@gmail.com'),
(4,'Sybilla','Jakubiak','K','2016-10-24',1,704930884,'Kołakowski Divide 089','laura.jankowiak@gmail.com'),
(5,'Daniel','Cieśla','M','2016-10-13',8,709428499,'Przybył Walk 5404','robert.orłowski@hotmail.com'),
(6,'Ida','Kmieć','K','2016-10-05',8,742668308,'Florencja Point 2393','pelagia.kwaśniewski@yahoo.com'),
(7,'Erwin','Witek','M','2016-11-18',3,430104516,'Stanisław Trace 4863','donald.herman@yahoo.com'),
(8,'Pankracy','Pawelec','M','2016-11-07',4,453084315,'Maja Harbor 56191','rajnold.romanowski@hotmail.com'),
(9,'Diana','Żuk','K','2016-11-16',7,600085667,'Elwira Extension 54270','teodor.witczak@hotmail.com'),
(10,'Amanda','Ziółkowski','K','2016-11-07',5,272349506,'Gruszczyński Plain 9383','liliana.paluch@gmail.com'),
(11,'Waleria','Czyżewski','K','2016-11-05',4,745401479,'Wiara Plaza 78795','ryszard.kotowski@hotmail.com'),
(12,'Zygmunt','Zaręba','M','2016-11-18',6,515106952,'Rogowski Green 365','hilarion.mazur@yahoo.com'),
(13,'Judyta','Budzyński','K','2016-11-10',5,467647958,'Zawadzki Inlet 5244','ferdynanda.budziński@yahoo.com'),
(14,'Agnieszka','Lipiński','K','2016-10-24',5,855203174,'Igor Forks 727','kornelia.bartosik@yahoo.com'),
(15,'Pantaleon','Czyż','M','2016-10-03',4,962972124,'Cyra Pass 75311','natalia.adamiec@yahoo.com'),
(16,'Krystian','Jóźwiak','M','2016-10-05',3,938791814,'Nina Valleys 99413','walenty.mikołajczak@gmail.com'),
(17,'Ireneusz','Walkowiak','M','2016-11-14',9,700799290,'Frankowski Union 6892','august.olejnik@hotmail.com'),
(18,'Marceli','Czajkowski','M','2016-10-27',1,493118434,'Cecylia Parkways 816','klemens.jackowski@hotmail.com'),
(19,'Konstantyn','Winiarski','M','2016-10-14',1,885686586,'Lipski Street 6514','łukasz.czarnecki@gmail.com'),
(20,'Judyta','Kowalczuk','K','2016-10-20',4,132695430,'Maryna Cove 9700','julian.suski@hotmail.com'),
(21,'Roger','Krukowski','M','2016-10-06',5,899325259,'Nadzieja Drive 713','julita.żurek@hotmail.com'),
(22,'Adam','Majka','M','2016-10-15',9,369191933,'Flak Fork 33563','olimpia.musiał@hotmail.com'),
(23,'Juliusz','Tokarski','M','2016-11-14',1,394033209,'Bednarz Passage 59788','stefania.niemiec@gmail.com'),
(24,'Platon','Cygan','M','2016-10-18',7,208782157,'Dudzik Forge 04843','larysa.szafrański@hotmail.com'),
(25,'Aaron','Mroczek','M','2016-11-05',8,223623662,'Kmiecik Plains 8061','wawrzyniec.królikowski@hotmail.com'),
(26,'Aleksy','Filipiak','M','2016-10-03',1,605614303,'Bartnik Hills 535','rebeka.rudzki@gmail.com'),
(27,'Ilona','Kuczyński','K','2016-10-21',5,616176480,'Chudzik Manor 281','melania.górka@gmail.com'),
(28,'Judyta','Chudzik','K','2016-10-17',9,854169425,'Dina Gardens 919','teodor.wolski@gmail.com'),
(29,'Maksym','Panek','M','2016-11-17',7,268714908,'Kawecki Mills 182','walter.lipski@hotmail.com'),
(30,'Liliana','Bednarz','K','2016-10-18',3,449084545,'Szczepanik Spring 042','ksenia.wolak@gmail.com'),
(31,'Damian','Mazurek','M','2016-10-16',8,423404049,'Gaweł Mountain 01117','edmund.jakubowski@yahoo.com'),
(32,'Emanuel','Rybak','M','2016-10-22',2,188149756,'Róża Turnpike 3145','gonsalwy.zakrzewski@gmail.com'),
(33,'Waleria','Król','K','2016-11-10',5,397589033,'Stelmach Center 858','laura.marszałek@hotmail.com'),
(34,'Amanda','Jóźwiak','K','2016-10-17',9,470984796,'Izaak Mission 814','nestor.kmiecik@hotmail.com'),
(35,'Filemon','Staszewski','M','2016-11-09',7,963436130,'Spirydion Street 64114','marek.frączek@gmail.com'),
(36,'Apollinary','Szczepaniak','M','2016-10-03',1,578599237,'Edmund Harbor 3723','hipolit.napierała@yahoo.com'),
(37,'Natanael','Rybarczyk','M','2016-11-10',9,283042211,'Erast Rapids 74207','modest.dobosz@hotmail.com'),
(38,'Bertram','Pawelec','M','2016-10-25',1,997129621,'Słowik Valley 5794','eliza.jackowski@yahoo.com'),
(39,'Nadzieja','Grudzień','K','2016-11-12',5,957368770,'Rojek Corners 03559','alwar.więckowski@hotmail.com'),
(40,'Elwira','Różański','K','2016-10-10',7,673090659,'Włodarski Landing 16192','lea.jakubowski@yahoo.com'),
(41,'Karolina','Biernat','K','2016-10-22',1,178011830,'Teodora Passage 400','larysa.przybysz@yahoo.com'),
(42,'Fryderyk','Łukasik','M','2016-10-17',5,659191896,'Walter Lakes 6862','wiara.krysiak@hotmail.com'),
(43,'Marek','Piotrowski','M','2016-10-02',8,425708931,'Edward Locks 41856','eugenia.frączek@gmail.com'),
(44,'Dionizy','Lesiak','M','2016-11-10',4,356564733,'Jakubiak Streets 99295','dawid.dudzik@hotmail.com'),
(45,'Kornel','Błaszczyk','M','2016-11-11',5,238700645,'Laura Grove 8066','lilia.nowiński@hotmail.com'),
(46,'Emanuel','Kurowski','M','2016-10-27',5,518368556,'Kucharski Glens 29012','maja.karpiński@yahoo.com'),
(47,'Eleazar','Kubica','M','2016-10-07',6,562076483,'Popławski Divide 994','zachariasz.szczęsna@yahoo.com'),
(48,'Szymon','Zych','M','2016-11-04',7,734352561,'Gruszka Burgs 29916','dorian.wojtczak@hotmail.com'),
(49,'Donald','Wiącek','M','2016-10-10',9,803091417,'Laurencja Skyway 9395','dionizy.głąb@yahoo.com'),
(50,'Igor','Jarząbek','M','2016-11-13',5,122380664,'Śliwa Dale 86216','henryk.bogucki@yahoo.com'),
(51,'Walentyna','Modzelewski','K','2016-11-08',8,173208695,'Ludwik Mall 54320','beatrycze.gołębiewski@hotmail.com'),
(52,'Cyra','Filipiak','K','2016-11-11',5,879538438,'Salwator Fall 5997','tacjana.wieczorek@yahoo.com'),
(53,'Jakubina','Kowalczuk','K','2016-11-14',6,866163135,'Albert Alley 9911','emanuel.dębowski@yahoo.com'),
(54,'Laurentyna','Baran','K','2016-11-02',6,442091517,'Kucharczyk Roads 4872','malwina.krzyżanowski@gmail.com'),
(55,'Pantaleon','Czapla','M','2016-10-20',5,284096760,'Leon Terrace 0450','henryk.adamczak@yahoo.com'),
(56,'Leila','Szulc','K','2016-10-07',1,504187281,'Barbara Spurs 713','gonsalwy.kałuża@yahoo.com'),
(57,'Angelina','Matysiak','K','2016-10-31',3,310181807,'Olga Circle 582','korneliusz.mazur@gmail.com'),
(58,'Arkadiusz','Zych','M','2016-11-03',4,600376318,'Terencjusz Course 05576','oliwia.orłowski@hotmail.com'),
(59,'Hugo','Różycki','M','2016-10-29',9,275213355,'Kwintyn Track 8100','salwator.urbanek@hotmail.com'),
(60,'Roger','Malec','M','2016-11-03',2,706975045,'Andżelika Views 3806','zygmunt.stankiewicz@hotmail.com'),
(61,'Małgorzata','Dębowski','K','2016-10-15',8,683412297,'Frąckowiak Square 4349','edyta.kaźmierczak@hotmail.com'),
(62,'Julian','Knapik','M','2016-11-08',9,581975042,'Orestes Coves 6114','edyta.sokołowski@gmail.com'),
(63,'Olimpia','Zając','K','2016-10-29',2,420042608,'Bogucki Corner 233','ksawery.sowiński@gmail.com'),
(64,'Barbara','Stelmach','K','2016-10-14',8,514834050,'Niemczyk Gateway 53114','spirydion.borek@gmail.com'),
(65,'Eliza','Konieczny','K','2016-11-09',1,559732018,'Krystyna Highway 41626','ksawery.jurkiewicz@hotmail.com'),
(66,'Walter','Piekarski','M','2016-11-09',5,116828744,'Laskowski Bridge 581','justyn.dobrowolski@hotmail.com'),
(67,'Ludwik','Ruciński','M','2016-10-24',8,457645997,'Twardowski Fork 2675','agaton.antczak@gmail.com'),
(68,'Zuzanna','Niemczyk','K','2016-10-25',8,234215818,'Szymczak Shoal 24134','archibald.jóźwik@gmail.com'),
(69,'Dawid','Bednarski','M','2016-10-12',7,239650980,'Prus Ridges 966','jeremiasz.sołtysiak@gmail.com'),
(70,'Witalis','Rosa','M','2016-10-09',9,556498479,'Diana Heights 74066','lidia.bartosik@hotmail.com'),
(71,'Sabina','Biernacki','K','2016-10-04',8,879446290,'Samuel Pike 123','magdalena.kujawski@hotmail.com'),
(72,'Galfryd','Bogusz','M','2016-10-04',2,464115251,'Arkady Meadows 798','ambroży.matuszewski@gmail.com'),
(73,'Luiza','Grudzień','K','2016-10-25',7,822475670,'Lesiak Shore 3566','atanazy.kołodziej@yahoo.com'),
(74,'Larysa','Tomczak','K','2016-10-05',4,578508722,'Olejnik Green 8548','aleksy.gutowski@yahoo.com'),
(75,'Jerzy','Górski','M','2016-10-19',4,325252253,'Lech Summit 7401','roger.witek@yahoo.com'),
(76,'Stefania','Głowacki','K','2016-10-24',6,827666492,'Kogut Road 87998','wilhelm.falkowski@yahoo.com'),
(77,'Oliwier','Pietrzyk','M','2016-10-27',9,465025398,'Michalski Village 5586','rachela.miller@hotmail.com'),
(78,'Agata','Strzelecki','K','2016-10-26',3,592464017,'Sokół Path 130','stefania.adamek@hotmail.com'),
(79,'Zofia','Kuc','K','2016-11-12',7,426186795,'Grzegorz Square 4480','katarzyna.rogala@gmail.com'),
(80,'Bibiana','Krukowski','K','2016-10-04',5,117500050,'Daniel Pines 2286','hanna.stachurski@hotmail.com'),
(81,'Ksenia','Puchalski','K','2016-10-11',1,862593272,'Emilia Motorway 2503','donald.konieczny@gmail.com'),
(82,'Jeremi','Rudnicki','M','2016-11-04',1,162365073,'Witalis Meadow 8974','michalina.pakuła@gmail.com'),
(83,'Emil','Bujak','M','2016-10-21',8,789676339,'Rudolf Station 498','stefan.wróblewski@yahoo.com'),
(84,'Jakubina','Wróblewski','K','2016-10-31',3,181234686,'Bibianna Lakes 6509','józef.nowaczyk@gmail.com'),
(85,'Chloe','Kaźmierczak','M','2016-10-28',3,377928773,'Dębowski Summit 21493','reginald.piórkowski@gmail.com'),
(86,'Irma','Lech','K','2016-11-05',4,575738876,'Serafina Way 454','franciszek.milewski@hotmail.com'),
(87,'Tomasz','Baranowski','M','2016-11-12',7,941498058,'Piasecki Way 762','patryk.kasprzak@hotmail.com'),
(88,'Ksenofont','Lach','M','2016-10-25',6,299136124,'Różycki Skyway 528','wiktor.żurawski@hotmail.com'),
(89,'Sabina','Kotowski','K','2016-11-10',8,299916574,'Rosiński Landing 75013','róża.duda@gmail.com'),
(90,'Marianna','Lech','K','2016-10-29',3,810727090,'Bożek Shoals 0917','eustracjusz.kotowski@yahoo.com'),
(91,'Konrad','Mielczarek','M','2016-10-28',5,187315934,'Jerzy Divide 0933','bazyli.klimek@gmail.com'),
(92,'Ludwika','Kędziora','K','2016-10-10',8,778536541,'Michalina Cliff 63994','cecylia.mroczek@yahoo.com'),
(93,'Gabriela','Leszczyński','K','2016-10-09',9,818919084,'Ziółkowski Stream 486','antoni.szatkowski@hotmail.com'),
(94,'Gracja','Lasota','K','2016-11-15',7,324713283,'Mroczek Harbor 68250','korneli.cieślik@gmail.com'),
(95,'Lilia','Cebula','K','2016-10-27',9,164713802,'Gloria Center 9844','berta.winiarski@hotmail.com'),
(96,'Alicja','Suski','K','2016-11-10',9,749950544,'Rufina Track 0224','estera.rzepka@yahoo.com'),
(97,'Arkadiusz','Wnuk','M','2016-10-29',1,567831607,'Samuel Stravenue 268','prokul.murawski@yahoo.com'),
(98,'Herbert','Mierzejewski','M','2016-10-07',5,570368515,'Krzemiński Locks 443','zachary.jakubiak@gmail.com'),
(99,'Leonid','Janik','M','2016-10-22',9,507755380,'Igor Club 433','tobiasz.marchewka@yahoo.com'),
(100,'Hilary','Pietras','M','2016-11-10',6,111433481,'Noemi Expressway 66508','wiara.lenart@hotmail.com'),
(101,'Konstancja','Twardowski','K','2016-11-18',8,690184184,'Renata Tunnel 7764','fabian.bednarczyk@yahoo.com'),
(102,'Katarzyna','Fijałkowski','K','2016-10-15',6,872508626,'Edgar Way 932','wilfryd.jurek@yahoo.com'),
(103,'Rafał','Pawelec','M','2016-11-15',1,560335781,'Nowaczyk Walks 05891','korneliusz.lech@hotmail.com'),
(104,'Aida','Woźniak','K','2016-11-07',8,642656472,'Magdalena Walk 422','gerazym.wrona@gmail.com'),
(105,'Wanesa','Sobolewski','K','2016-10-08',2,863810689,'Kubiak Islands 942','karolina.lisowski@hotmail.com'),
(106,'Ryszard','Jędrzejczyk','M','2016-10-28',7,455865485,'Ossowski Ridges 637','roksana.drozd@hotmail.com'),
(107,'Kornel','Gwóźdź','M','2016-11-19',4,159632993,'Stachura Tunnel 837','marceli.kwieciński@yahoo.com'),
(108,'Konrad','Skiba','M','2016-11-15',1,271530854,'Wroński Stravenue 07352','orestes.pietrzyk@gmail.com'),
(109,'Julita','Wyszyński','K','2016-10-27',1,827789578,'Juliusz Ridge 47865','efraim.banasiak@yahoo.com'),
(110,'Fabian','Krawczyk','M','2016-11-13',1,819336868,'Czech Summit 076','karolina.kaczmarczyk@gmail.com'),
(111,'Jakub','Kołakowski','M','2016-10-18',8,763111243,'Rudnicki Lights 4197','jerzy.golec@yahoo.com'),
(112,'Efraim','Pawłowski','M','2016-10-14',8,956172951,'Jeremi Key 512','wiktoria.mierzejewski@yahoo.com'),
(113,'Florian','Kędziora','M','2016-11-12',4,167835049,'Maja Highway 06939','krzysztof.jackowski@hotmail.com'),
(114,'Arseniusz','Kotowski','M','2016-10-07',3,405367348,'Modest Common 7089','kornelia.szczerba@gmail.com'),
(115,'Patrycja','Owczarek','K','2016-11-10',6,282175800,'Książek Parks 77544','reginald.siedlecki@yahoo.com'),
(116,'Alina','Książek','K','2016-11-13',3,348853265,'Filemon Port 631','arkady.bogusz@yahoo.com'),
(117,'Hilary','Konieczny','M','2016-10-17',3,508577624,'Beniamin Summit 033','gedeon.malinowski@hotmail.com'),
(118,'Antoni','Rojek','M','2016-11-06',1,121766539,'Andrzej Village 234','zofia.augustyniak@yahoo.com'),
(119,'Jan','Knapik','M','2016-11-05',3,392928440,'Franciszek Fork 2827','greta.pietrzak@gmail.com'),
(120,'Dominik','Sroka','M','2016-11-06',9,207636257,'Żuk Circles 674','serafina.biernat@yahoo.com'),
(121,'Modest','Borkowski','M','2016-10-21',5,188521119,'Antoni Landing 884','anastazja.komorowski@hotmail.com'),
(122,'Adelajda','Urbanek','K','2016-10-07',3,365102296,'Motyka Stream 7806','michalina.siwek@gmail.com'),
(123,'Nadzieja','Górniak','K','2016-10-15',9,866043670,'Rosiak Court 158','leonard.bieńkowski@gmail.com'),
(124,'August','Winiarski','M','2016-10-06',7,646323799,'Edward Neck 3762','noemi.wawrzyniak@hotmail.com'),
(125,'Julia','Kowalik','K','2016-11-11',6,110965292,'Randolf Dam 4447','waleria.sowa@yahoo.com'),
(126,'Maryna','Ostrowski','K','2016-11-04',7,980197433,'Larysa Keys 83200','porfiriusz.duszyński@gmail.com'),
(127,'Barbara','Trojanowski','K','2016-10-23',2,133689379,'Wolny Islands 165','anatol.karwowski@hotmail.com'),
(128,'Waleria','Stefaniak','K','2016-11-19',8,276564769,'Lilia Spur 68216','jeremiasz.krupa@gmail.com'),
(129,'Hieronim','Buczkowski','M','2016-10-24',4,734543233,'Urbański Spur 5393','matylda.czekaj@gmail.com'),
(130,'Edmund','Gruszczyński','M','2016-11-04',9,305554992,'Efrem Wells 7274','orestes.augustyniak@hotmail.com'),
(131,'Donald','Mierzejewski','M','2016-11-09',9,301287983,'Irena Vista 906','samuel.sosnowski@yahoo.com'),
(132,'Prokul','Mikołajczak','M','2016-10-10',7,452709657,'Ksenofont Row 8192','roman.przybył@hotmail.com'),
(133,'Platon','Jagielski','M','2016-10-11',3,756898502,'Paulina Lake 4848','maksym.urbańczyk@hotmail.com'),
(134,'Dionizy','Filipowicz','M','2016-10-22',8,150815203,'Rojek Prairie 257','alina.sieradzki@hotmail.com'),
(135,'Karolina','Matusiak','K','2016-11-07',6,628516605,'Sobolewski Knoll 3373','patrycja.wierzbicki@yahoo.com'),
(136,'Izydor','Ruciński','M','2016-11-05',9,430454525,'Porębski Flat 750','rajnold.skowronek@hotmail.com'),
(137,'Apollinary','Lach','M','2016-11-19',2,156072195,'Tomczyk Roads 14706','reginald.kozłowski@yahoo.com'),
(138,'Helena','Stachowiak','K','2016-10-29',4,466198619,'Marek Loop 995','cyryl.słowiński@gmail.com'),
(139,'Antonina','Sieradzki','K','2016-11-19',5,208809772,'Kalistrat Trace 186','sybilla.adamski@gmail.com'),
(140,'Klementyna','Michałowski','K','2016-10-13',2,740336779,'Jerzy Points 52522','nazariusz.białkowski@gmail.com'),
(141,'Jozue','Zielonka','M','2016-11-13',8,784294508,'Katarzyna Plaza 01928','eleazar.ślusarczyk@hotmail.com'),
(142,'Piotr','Karaś','M','2016-11-01',9,113043226,'Laura Keys 588','adrian.michalik@hotmail.com'),
(143,'Atanazy','Pająk','M','2016-10-06',5,161542863,'Barbara Stravenue 50220','bazyli.kostecki@yahoo.com'),
(144,'Dorian','Olszewski','M','2016-11-13',4,186440495,'Antoni Isle 8923','edwin.wierzbicki@hotmail.com'),
(145,'Rudolf','Dobrowolski','M','2016-10-31',4,565243890,'Kosowski Station 98183','gerald.jaros@yahoo.com'),
(146,'Błażej','Małek','M','2016-10-25',6,398206975,'Skowron Spring 5288','eleazar.szymański@gmail.com'),
(147,'Aaron','Górniak','M','2016-10-02',5,468054838,'Nikola Forge 23907','noemi.budzyński@hotmail.com'),
(148,'Matylda','Domagała','K','2016-10-10',3,491760003,'Sowiński Branch 5304','julia.kruszewski@yahoo.com'),
(149,'Baldwin','Dobrzyński','M','2016-10-17',2,649418362,'Panek Island 485','jakub.kwaśniewski@hotmail.com'),
(150,'Janina','Konopka','K','2016-10-22',4,870965312,'Ewelina Parks 10705','konstanty.zieliński@gmail.com'),
(151,'Mojżesz','Kot','M','2016-10-13',7,117772100,'August Glens 61291','lilla.morawski@gmail.com'),
(152,'Tekla','Borek','K','2016-11-04',2,420435421,'Olimpia Loop 00465','leonid.woźniak@hotmail.com'),
(153,'Barbara','Jastrzębski','K','2016-10-17',8,548169702,'Wiara Passage 623','wacław.stasiak@gmail.com'),
(154,'Stefania','Socha','K','2016-10-16',1,669070211,'Feliks Ports 9002','walenty.grzyb@yahoo.com'),
(155,'Krystian','Więckowski','M','2016-10-09',7,269726589,'Długosz Square 76283','agaton.górniak@hotmail.com'),
(156,'Klara','Ratajczak','K','2016-11-02',1,487656189,'Witek Crest 5477','józefina.stefański@gmail.com'),
(157,'Tymoteusz','Szatkowski','M','2016-11-07',4,276136023,'Warchoł Extensions 2638','leon.bukowski@gmail.com'),
(158,'Arystarch','Bieńkowski','M','2016-10-28',1,565135576,'Bednarz Manor 95967','apollinary.sroka@hotmail.com'),
(159,'Modest','Malicki','M','2016-10-31',4,374314759,'Kmieć Lock 366','krzysztof.trojanowski@gmail.com'),
(160,'Weronika','Łapiński','K','2016-11-05',6,183022562,'Zieliński Mountain 761','stefan.wojciechowski@yahoo.com'),
(161,'Reginald','Pawelec','M','2016-11-11',2,404803839,'Cichocki Meadow 84586','matylda.sołtys@gmail.com'),
(162,'Teodor','Szulc','M','2016-10-20',3,157837037,'Lipiński Unions 94601','martyna.karwowski@gmail.com'),
(163,'Wiara','Sobczak','K','2016-10-20',4,897321202,'Kazimierz Forks 523','nadzieja.dobrzyński@hotmail.com'),
(164,'Reginald','Grudzień','M','2016-10-18',8,177989258,'Stanek Cliffs 3242','cyryl.broda@hotmail.com'),
(165,'Teresa','Majka','K','2016-11-16',4,815600053,'Frączek Stream 162','bertram.dudzik@hotmail.com'),
(166,'—','Matuszewski','M','2016-10-20',7,859696849,'Lucjan Hill 2324','maja.jakubowski@yahoo.com'),
(167,'Noemi','Jasiński','M','2016-10-26',7,915026370,'Serafin Corners 0240','greta.buczkowski@yahoo.com'),
(168,'Jeremiasz','Kruk','M','2016-10-24',5,783334369,'Skowroński Corners 9714','stanisław.grudzień@hotmail.com'),
(169,'Jerzy','Stec','M','2016-10-31',8,440831894,'Skrzypek Lock 492','amabela.drozd@hotmail.com'),
(170,'Izaak','Sieradzki','M','2016-10-26',3,679731922,'Szyszka Port 304','erast.piątkowski@yahoo.com'),
(171,'Joanna','Krzyżanowski','K','2016-11-09',7,522267759,'Edward Roads 937','andrzej.surma@hotmail.com'),
(172,'Sybilla','Kozłowski','K','2016-10-29',4,956885202,'Zielonka Prairie 664','hipolit.żurek@yahoo.com'),
(173,'Julian','Pawelec','M','2016-10-31',4,249607058,'Marzec Corners 70376','julia.sobczyk@gmail.com'),
(174,'Patryk','Wasiak','M','2016-10-05',6,612535744,'Eudoksja Canyon 0749','august.motyka@hotmail.com'),
(175,'Eleonora','Budzyński','K','2016-11-16',3,960622271,'Kazimierz Highway 59022','stella.matysiak@gmail.com'),
(176,'Archibald','Nawrot','M','2016-11-19',8,849709977,'Roksana Hill 26110','izabela.krzyżanowski@gmail.com'),
(177,'Agaton','Adamiec','M','2016-11-13',2,401290103,'Grzyb Mall 92409','jadwiga.żuk@yahoo.com'),
(178,'Berta','Górny','K','2016-11-18',3,650089184,'Leonard Park 538','jozue.suski@hotmail.com'),
(179,'Dionizy','Olszewski','M','2016-10-23',6,449918942,'Nowiński Valley 2346','roger.jędrzejewski@yahoo.com'),
(180,'Mateusz','Chudzik','M','2016-10-27',7,996818435,'Marcin Village 8373','edgar.lipski@yahoo.com'),
(181,'Klementyna','Głowacki','K','2016-10-29',7,998911503,'Flis Station 7340','jeremiasz.kaczmarski@hotmail.com'),
(182,'Jakubina','Gołębiewski','K','2016-11-08',8,417990524,'Eudoksja Mission 73897','horacy.jagielski@gmail.com'),
(183,'Laura','Kurowski','K','2016-11-18',1,853131819,'Andrzej Field 3477','joachim.czyż@yahoo.com'),
(184,'Koralia','Wolny','K','2016-10-29',8,637258282,'Ratajczak Loop 1295','henryk.kuczyński@yahoo.com'),
(185,'Ida','Czech','K','2016-11-04',6,238521048,'Szydłowski Centers 735','larysa.gwóźdź@hotmail.com'),
(186,'Salwator','Stasiak','M','2016-11-15',1,720130958,'Gwido Highway 8508','michał.frąckowiak@gmail.com'),
(187,'Julita','Turek','K','2016-11-06',7,416593572,'Lipiński Hill 3426','laurencja.kania@gmail.com'),
(188,'Konstancja','Bartkowiak','K','2016-10-03',4,880334995,'Joanna Via 4209','jakubina.kaczorowski@hotmail.com'),
(189,'Wilhelm','Krzyżanowski','M','2016-11-08',7,548398626,'Grabowski Falls 586','oliwier.zajączkowski@gmail.com'),
(190,'Julia','Zawada','K','2016-10-16',7,660632932,'Wawrzyniec Flats 647','rebeka.przybyła@yahoo.com'),
(191,'Roksana','Barański','K','2016-10-21',2,601290977,'Maja Street 9203','ignacy.kaniewski@hotmail.com'),
(192,'Bibianna','Piórkowski','K','2016-11-11',2,757890386,'Ferdynanda Brook 21629','kazimierz.kaczorowski@gmail.com'),
(193,'Izabela','Zagórski','K','2016-11-12',6,860681888,'Tomasz Valley 192','chloe.strzelczyk@hotmail.com'),
(194,'Maria','Duszyński','K','2016-10-01',4,784139747,'Lilianna Rapids 6052','hugo.szymkowiak@hotmail.com'),
(195,'Osmund','Lisiecki','M','2016-11-13',2,100634284,'Borek Crossing 444','oskar.błaszczak@gmail.com'),
(196,'Ilona','Sieradzki','K','2016-10-22',2,309772513,'Brajan Center 1783','karolina.kozłowski@yahoo.com'),
(197,'Korneli','Gawron','M','2016-10-05',3,765407790,'Tymoteusz Ports 39651','julita.bukowski@hotmail.com'),
(198,'Alina','Niemiec','K','2016-11-07',5,158850880,'Seweryn View 21072','stella.pietras@gmail.com'),
(199,'Erwin','Muszyński','M','2016-11-01',7,566909993,'Krajewski Locks 8112','nadzieja.kogut@yahoo.com'),
(200,'Koralia','Krzemiński','K','2016-11-04',9,322388088,'Pawlik Station 853','sabina.buczkowski@gmail.com'),
(201,'Harald','Kubiak','M','2016-11-08',2,648301563,'Zachariasz Grove 458','estera.mackiewicz@gmail.com'),
(202,'Teodor','Ziętek','M','2016-10-03',8,710345018,'Zwoliński Club 58733','wiktor.broda@gmail.com'),
(203,'Jeremiasz','Kaczmarski','M','2016-10-28',5,221996131,'Urbaniak Run 4985','cecylia.sowa@gmail.com'),
(204,'Dina','Matusiak','K','2016-11-16',4,288022599,'Edward Mills 998','filipa.olszewski@hotmail.com'),
(205,'Wawrzyniec','Szewczyk','M','2016-11-01',6,126979906,'Roderyk Key 1102','laura.dobosz@hotmail.com'),
(206,'Rachela','Wąsik','K','2016-11-17',2,687884818,'Domagała Village 918','michalina.żurawski@yahoo.com'),
(207,'Marceli','Śliwa','M','2016-11-19',6,955030302,'Szczęsna Manor 73962','paula.ziółkowski@gmail.com'),
(208,'Jakubina','Matusiak','K','2016-10-10',4,694153788,'Sołtys Gardens 6997','stanisław.więckowski@hotmail.com'),
(209,'Ewelina','Kopeć','K','2016-10-25',6,874268522,'Waleria Shoal 6695','oleg.cygan@gmail.com'),
(210,'Natanael','Dróżdż','M','2016-11-11',1,160741161,'Olejniczak Terrace 43988','edmund.kot@gmail.com'),
(211,'Wiktoria','Olejnik','K','2016-10-03',1,201295090,'Stawicki Lane 7547','cyra.rojek@hotmail.com'),
(212,'Daria','Lesiak','K','2016-11-07',9,517764321,'Sadowski Trace 01341','eliasz.niedzielski@gmail.com'),
(213,'Stella','Grzybowski','K','2016-10-01',6,996249972,'Kosowski Greens 036','izajasz.woliński@gmail.com'),
(214,'Piotr','Pluta','M','2016-10-31',8,301654038,'Gąsiorowski Parkways 7972','pankracy.sokołowski@yahoo.com'),
(215,'Maryna','Janik','K','2016-10-12',3,402599041,'Zuzanna Falls 106','adelajda.kowalewski@yahoo.com'),
(216,'Beatrycze','Urban','M','2016-11-09',7,574216001,'Pawlicki Row 04022','klaudiusz.siwek@gmail.com'),
(217,'Florian','Grzyb','M','2016-11-05',5,779886401,'Rafał Plaza 7267','ruta.czarnecki@yahoo.com'),
(218,'Ewelina','Niedzielski','K','2016-10-22',7,914442585,'Magdalena Burg 2179','wiktor.sikora@gmail.com'),
(219,'Gabriela','Ossowski','K','2016-11-17',6,542598722,'Zuzanna Road 64053','mojżesz.dziedzic@yahoo.com'),
(220,'Gedeon','Maliszewski','M','2016-10-02',4,939036872,'Apollinary Gateway 77222','antonina.dobrowolski@yahoo.com'),
(221,'Amanda','Cieśla','K','2016-10-26',4,103808421,'Malwina Forest 000','lea.makowski@yahoo.com'),
(222,'Klemens','Murawski','M','2016-11-14',5,538385667,'Cyra Fort 8775','porfiriusz.chojnowski@hotmail.com'),
(223,'Rufina','Tomala','K','2016-10-19',7,261007984,'Sowa Cliffs 4050','dionizy.łuczak@hotmail.com'),
(224,'Bruno','Bielak','M','2016-11-13',1,790037247,'Jerzy Stravenue 418','tekla.mrozek@hotmail.com'),
(225,'Ansgary','Kubica','M','2016-11-07',1,482910729,'Wincenty Harbors 365','izajasz.grudzień@gmail.com'),
(226,'Gerald','Kulik','M','2016-11-14',4,139084657,'Ansgary Club 85731','kalistrat.konieczny@yahoo.com'),
(227,'Lucjan','Jaśkiewicz','M','2016-11-10',9,496985259,'Jóźwiak Heights 648','hanna.matysiak@hotmail.com'),
(228,'Brajan','Wnuk','M','2016-11-10',5,829563784,'Banasiak Stravenue 5798','witalis.jackowski@hotmail.com'),
(229,'Tobiasz','Dróżdż','M','2016-10-11',2,131314021,'Liza Union 755','hilary.ruciński@yahoo.com'),
(230,'Filemon','Sobczak','M','2016-10-14',5,895678462,'Olczak Forges 738','michalina.baran@gmail.com'),
(231,'Feliks','Leśniewski','M','2016-11-08',4,448584701,'Liza Ville 10120','kazimierz.gwóźdź@yahoo.com'),
(232,'Jadwiga','Chudzik','K','2016-10-01',7,928687158,'Izolda Parks 82741','leon.mackiewicz@hotmail.com'),
(233,'Nina','Włodarski','K','2016-10-09',8,825826431,'Jarząbek Summit 83771','edyta.przybyła@hotmail.com'),
(234,'Arkady','Jastrzębski','M','2016-11-06',3,942147619,'Czarnecki Causeway 64490','eustracjusz.kuliński@hotmail.com'),
(235,'Róża','Żebrowski','K','2016-11-07',8,832850385,'Alwar Glens 3367','nadzieja.modzelewski@yahoo.com'),
(236,'Henryka','Zaręba','K','2016-10-08',9,954882078,'Wojtasik Spurs 223','kazimierz.czajkowski@gmail.com'),
(237,'Ewelina','Korzeniowski','K','2016-10-18',6,989900489,'Świątek Plain 3176','janusz.antczak@yahoo.com'),
(238,'Efraim','Janiak','M','2016-10-11',6,729434054,'Cichoń Unions 82687','konstanty.malicki@yahoo.com'),
(239,'Paweł','Jędrzejczyk','M','2016-11-16',2,961511050,'Wincenty Drive 042','ludwik.majcher@yahoo.com'),
(240,'Paweł','Kędziora','M','2016-10-27',3,193796472,'Filipiak Causeway 3945','karolina.dudek@yahoo.com'),
(241,'Patrycy','Urbanek','M','2016-11-18',7,899089723,'Eliza Inlet 9762','prokop.jaworski@yahoo.com'),
(242,'Herman','Piątek','M','2016-10-02',8,650865147,'Zych Ridge 3306','hipolit.banasik@yahoo.com'),
(243,'Izabela','Czyż','K','2016-10-30',7,361379878,'Szczęsny Locks 8940','maksymilian.banasik@hotmail.com'),
(244,'Walery','Kos','M','2016-10-21',8,511713596,'Dariusz Points 253','edgar.molenda@gmail.com'),
(245,'Aaron','Kita','M','2016-11-05',4,610132192,'Trzciński Mall 930','krystyna.przybyła@yahoo.com'),
(246,'Tacjana','Świątek','K','2016-11-07',1,674551132,'Bibianna Village 110','jerzy.kacprzak@hotmail.com'),
(247,'Michalina','Bogusz','K','2016-10-03',2,266360063,'Walery Lock 78738','józef.klimek@gmail.com'),
(248,'Olaf','Orzechowski','M','2016-10-26',3,663087087,'Jagielski Expressway 81644','gracja.pawlak@hotmail.com'),
(249,'Pelagia','Witek','K','2016-10-06',4,978999054,'Pawłowski Junction 8222','kazimierz.andrzejewski@hotmail.com'),
(250,'Liliana','Janusz','K','2016-10-08',4,227873219,'Wolny Mills 447','aleksander.kalinowski@yahoo.com'),
(251,'Walentyn','Barański','M','2016-11-09',6,509607877,'Dorian Mall 706','bibiana.kostrzewa@yahoo.com'),
(252,'Sylwester','Żukowski','M','2016-10-26',2,244505111,'Walentyn Locks 50887','erast.cichoń@hotmail.com'),
(253,'Justyna','Skowroński','K','2016-10-16',2,604390547,'Lewandowski Drive 97639','justyn.kozak@gmail.com'),
(254,'Filip','Cichoń','M','2016-11-07',7,338930512,'Efraim Forge 156','nadzieja.czajka@yahoo.com'),
(255,'Feliks','Kaźmierczak','M','2016-10-14',5,442420196,'Natan Lane 595','natanael.dobrzyński@yahoo.com'),
(256,'Leila','Tomczyk','K','2016-10-28',8,531433415,'Marek Valley 10661','fryderyk.orłowski@yahoo.com'),
(257,'Patryk','Kruk','M','2016-10-12',7,144612959,'Marceli Burgs 273','katarzyna.markiewicz@yahoo.com'),
(258,'Demetriusz','Lipski','M','2016-11-13',5,960695607,'Stella Lock 076','leonid.krzemiński@hotmail.com'),
(259,'Konstantyn','Bober','M','2016-10-10',5,934660943,'Witek Squares 704','maurycy.pietrzyk@gmail.com'),
(260,'Porfiriusz','Kędziora','M','2016-10-22',2,750195690,'Śliwiński Underpass 289','lucjan.jurkowski@yahoo.com'),
(261,'Konrad','Kubicki','M','2016-11-18',6,667894926,'Jarząbek Lights 9627','nina.broda@gmail.com'),
(262,'Monika','Krajewski','K','2016-11-08',6,239967961,'Wilhelm Viaduct 308','wirginia.majcher@yahoo.com'),
(263,'Izajasz','Krawiec','M','2016-11-13',6,406690834,'Wasilewski Mount 07106','mojżesz.przybysz@gmail.com'),
(264,'Lilia','Szeląg','K','2016-10-25',5,129970232,'Jan Avenue 174','gedeon.kucharski@yahoo.com'),
(265,'Reginald','Czerwiński','M','2016-10-24',2,212896704,'Żurawski Throughway 837','gwido.gołąb@gmail.com'),
(266,'Tamara','Kruszewski','K','2016-11-15',1,547054191,'Frątczak Port 7184','zygmunt.janicki@yahoo.com'),
(267,'Stella','Stolarski','K','2016-10-06',5,620324646,'Łukasik Heights 80899','ruta.długosz@gmail.com'),
(268,'Klemens','Lisowski','M','2016-10-22',2,876939730,'Góra Stravenue 26829','cecyliusz.balcerzak@hotmail.com'),
(269,'Elwira','Gwóźdź','K','2016-10-10',5,595191298,'Kaszuba Road 6711','laura.dobrzyński@gmail.com'),
(270,'Tamara','Gruszka','K','2016-10-29',8,771840248,'Irma Common 2204','róża.czyż@yahoo.com'),
(271,'Hilary','Mucha','M','2016-11-10',2,185758493,'Łukasz Mount 43089','marcin.osiński@yahoo.com'),
(272,'Tekla','Stachurski','K','2016-10-15',3,253791704,'Węgrzyn Mills 56074','jozue.kasprzak@yahoo.com'),
(273,'Ksenia','Kaczmarczyk','K','2016-11-06',1,695750143,'Turek Pike 4803','apollo.banasik@hotmail.com'),
(274,'Włodzimierz','Pietrzyk','M','2016-10-12',5,287508860,'Jozue Garden 2182','filipa.banach@gmail.com'),
(275,'Krystian','Wolny','M','2016-10-01',3,635458054,'Ariadna Summit 25516','teresa.baranowski@gmail.com'),
(276,'Filip','Bartnik','M','2016-11-08',5,444933189,'Molenda Points 3049','wilfryd.kozak@yahoo.com'),
(277,'Eliza','Wąsik','K','2016-10-22',5,899091394,'Grzegorz Shoals 32160','laurencja.szymkowiak@hotmail.com'),
(278,'Julia','Bielski','K','2016-10-15',5,740583524,'Zoe Cliff 6748','filip.rakowski@hotmail.com'),
(279,'Osmund','Olejnik','M','2016-11-06',1,569052223,'Noga Point 867','salomon.drozd@yahoo.com'),
(280,'Cecylia','Kubica','K','2016-10-11',5,453229423,'Gadomski Knoll 41502','eustracjusz.filipowicz@yahoo.com'),
(281,'Konstanty','Piechota','M','2016-10-12',5,353127834,'Laurencja River 9540','maja.bartnik@yahoo.com'),
(282,'Eudoksja','Górski','K','2016-11-15',2,891390765,'Paweł Square 4304','kalistrat.wójtowicz@hotmail.com'),
(283,'Ewa','Gruszka','K','2016-10-05',1,823095373,'Czech Pass 8371','kira.miśkiewicz@hotmail.com'),
(284,'Roland','Drozdowski','M','2016-10-25',3,918663999,'Lilianna Stream 247','leila.kuciński@hotmail.com'),
(285,'Porfiriusz','Więcek','M','2016-11-12',7,433904670,'Bukowski Plaza 7265','donald.stec@hotmail.com'),
(286,'Krzysztof','Zarzycki','M','2016-10-12',6,255912181,'Grzegorczyk Motorway 834','walentyn.sawicki@hotmail.com'),
(287,'Renata','Gołębiewski','K','2016-11-19',4,277975379,'Mojżesz Springs 18732','berta.kuliński@gmail.com'),
(288,'Roland','Janiszewski','M','2016-10-31',5,313408639,'Joachim Circle 044','gabriel.głowacki@yahoo.com'),
(289,'Sergiusz','Stec','M','2016-11-03',3,819833977,'Góral Highway 0791','wiktor.orłowski@hotmail.com'),
(290,'Sebastian','Tracz','M','2016-11-07',9,758585376,'Karolina Gardens 7833','galfryd.bożek@gmail.com'),
(291,'Eudokia','Stec','K','2016-10-29',4,229106174,'Gadomski Circles 094','wiara.krysiak@hotmail.com'),
(292,'Tacjana','Szymczyk','K','2016-11-04',6,133610527,'Malec Cliffs 4484','cyra.urbańczyk@yahoo.com'),
(293,'Alan','Smoliński','M','2016-10-17',7,727905277,'Białas Harbors 306','emilia.lisiecki@hotmail.com'),
(294,'Prokles','Mierzejewski','M','2016-10-24',2,214272507,'Kawa Ranch 645','justyn.gawron@gmail.com'),
(295,'Sybilla','Matysiak','K','2016-11-15',7,199942230,'Gutowski Meadows 83032','walerian.rzepka@yahoo.com'),
(296,'Wanesa','Krakowiak','K','2016-10-30',6,100934281,'Robert Expressway 5032','henryk.niedziela@hotmail.com'),
(297,'—','Dec','M','2016-10-05',9,489797465,'Czyż Flat 6463','pantaleon.rudziński@gmail.com'),
(298,'Franciszek','Kuliński','M','2016-10-06',4,817009527,'Tymoteusz Tunnel 616','rudolf.ostrowski@gmail.com'),
(299,'Maksym','Polak','M','2016-10-22',7,268879289,'Kuczyński Lights 3716','gloria.mackiewicz@hotmail.com'),
(300,'Daniel','Wróbel','M','2016-10-28',1,540426980,'Patrycy Spurs 2503','ginewra.frankowski@yahoo.com'),
(301,'Arystarch','Kozieł','M','2016-10-31',8,224747164,'Cyryl Knoll 1777','liliana.wieczorek@gmail.com'),
(302,'Aleksy','Antczak','M','2016-11-14',5,354200202,'Alicja Place 1613','stanisław.smoliński@hotmail.com'),
(303,'Elżbieta','Ossowski','K','2016-10-31',9,598541504,'Wirginia Radial 31170','henryka.surma@gmail.com'),
(304,'Oliwia','Cichoń','K','2016-10-05',4,842195757,'Walenty Brook 891','efrem.dróżdż@gmail.com'),
(305,'Natalia','Pietruszka','K','2016-10-20',9,569952256,'Kubacki Shoal 03187','stefania.wojtczak@yahoo.com'),
(306,'Zoe','Górniak','M','2016-10-21',7,124879237,'Rogalski Motorway 918','klarencjusz.filipiak@gmail.com'),
(307,'Teodora','Kubiak','K','2016-11-12',2,197731980,'Jędrzejewski Turnpike 0674','kira.rzepka@gmail.com'),
(308,'Hilarion','Jaworski','M','2016-11-14',1,878563828,'Hilarion Hollow 287','eleonora.filipek@yahoo.com'),
(309,'Porfiriusz','Milczarek','M','2016-11-07',2,173427501,'Benedykt Flat 1565','zachary.sawicki@yahoo.com'),
(310,'Edgar','Szczerba','M','2016-11-05',7,675863544,'Pluta Station 94026','irma.kaczor@gmail.com'),
(311,'Porfiriusz','Woś','M','2016-10-27',8,854757268,'Kamila Roads 5970','walery.jankowiak@gmail.com'),
(312,'Oleg','Kałuża','M','2016-10-10',8,997967938,'Nikola Coves 97412','marceli.kłosowski@gmail.com'),
(313,'Cyra','Szwed','K','2016-11-11',8,857953623,'Fabian Cove 67817','eleazar.drzewiecki@yahoo.com'),
(314,'Gabriela','Niewiadomski','K','2016-10-11',4,114062228,'Julia Island 5059','platon.zygmunt@gmail.com'),
(315,'Pantaleon','Kozłowski','M','2016-11-18',6,466786273,'Orestes Estate 805','waleria.czekaj@gmail.com'),
(316,'Hilary','Florek','M','2016-10-02',2,948657106,'Ansgary Avenue 7324','tekla.gruszka@gmail.com'),
(317,'Larysa','Lipiński','K','2016-10-13',7,631747313,'Stachowiak Groves 6813','aleksander.knapik@hotmail.com'),
(318,'Ada','Kaszuba','K','2016-10-04',9,222131824,'Gwido Keys 1851','dominik.olczak@yahoo.com'),
(319,'Wincenty','Marczak','M','2016-10-12',5,425706891,'Cecylia Divide 1667','elżbieta.stelmach@gmail.com'),
(320,'Jozue','Szulc','M','2016-10-07',4,234724172,'Kwaśniewski Causeway 789','alan.gutowski@yahoo.com'),
(321,'Prokul','Kucharski','M','2016-11-17',7,655577168,'Gaweł Neck 7148','szczepan.trojanowski@hotmail.com'),
(322,'Monika','Skrzypek','K','2016-10-05',6,569266111,'Bartkowiak Bypass 61892','wirginia.jędrzejewski@gmail.com'),
(323,'Walentyna','Wysocki','K','2016-10-19',2,236665723,'Sobolewski Shores 56920','pankracy.zygmunt@gmail.com'),
(324,'Jan','Gawroński','M','2016-10-28',2,908788063,'Kołodziejczyk Walk 081','tymoteusz.urbanowicz@gmail.com'),
(325,'Mojżesz','Maliszewski','M','2016-11-17',3,664026486,'Kalistrat Loaf 01230','łazarz.marczak@hotmail.com'),
(326,'Erwin','Jaworski','M','2016-10-30',1,645080975,'Izolda Circle 7676','arnold.korzeniowski@yahoo.com'),
(327,'Julita','Niemiec','K','2016-10-20',7,880291150,'Matusiak Lock 46627','leila.szeląg@yahoo.com'),
(328,'Renata','Łapiński','K','2016-10-15',6,427082758,'Bujak Brooks 091','chloe.panek@gmail.com'),
(329,'Julian','Łukasik','M','2016-10-03',7,646913135,'Laurencjusz Grove 2691','fabian.janusz@gmail.com'),
(330,'Alwar','Nowicki','M','2016-11-05',1,666145514,'Kędziora Mills 9411','florian.lipski@hotmail.com'),
(331,'Łukasz','Zieliński','M','2016-10-13',7,873796342,'Szostak Route 3779','abraham.marcinkowski@yahoo.com'),
(332,'Leila','Zwoliński','K','2016-11-03',8,590359428,'Jagodziński Bypass 9406','amanda.szydłowski@yahoo.com'),
(333,'Magdalena','Kaczmarek','K','2016-11-09',1,560392670,'Kaźmierczak River 59023','natanael.żebrowski@yahoo.com'),
(334,'Kazimierz','Dębowski','M','2016-10-05',6,640214321,'Kowalczyk Point 602','larysa.czapla@yahoo.com'),
(335,'Eliza','Mikulski','K','2016-11-18',8,238738539,'Kos Highway 2122','erast.czaja@yahoo.com'),
(336,'Oliwier','Muszyński','M','2016-11-12',1,382502371,'Winiarski Prairie 3617','ewa.wójcicki@hotmail.com'),
(337,'Jeremiasz','Walkowiak','M','2016-11-12',5,772442854,'Wójtowicz Fords 10923','wiara.szczęsny@yahoo.com'),
(338,'Łukasz','Bieniek','M','2016-11-13',3,905813185,'Mackiewicz Forest 2959','pankracy.lach@yahoo.com'),
(339,'Andżelika','Grzelak','K','2016-11-04',9,160830374,'Agata Keys 744','justyna.duszyński@hotmail.com'),
(340,'Alina','Cichy','K','2016-11-13',9,362879996,'Sobieraj Cove 4431','józefina.borowiec@hotmail.com'),
(341,'Edwin','Aleksandrowicz','M','2016-10-20',3,397775968,'Maciejewski Camp 3884','eugenia.witek@yahoo.com'),
(342,'Jozue','Mucha','M','2016-10-08',6,759080788,'Samson Oval 820','edwin.orzechowski@hotmail.com'),
(343,'Wawrzyniec','Nowak','M','2016-10-08',6,773410602,'Walgierz Shoal 585','lucja.jóźwik@gmail.com'),
(344,'Wiktor','Płonka','M','2016-10-02',9,427420578,'Noemi Canyon 1294','kira.janiak@gmail.com'),
(345,'Apollinary','Urbaniak','M','2016-10-24',3,146233168,'Ksenia Junction 40607','izaak.ossowski@gmail.com'),
(346,'Tomasz','Kos','M','2016-10-15',1,375278714,'Laurentyna Mountain 546','eudoksja.jaśkiewicz@yahoo.com'),
(347,'Paula','Adamus','K','2016-11-15',5,926991702,'Skibiński Villages 2151','maurycy.osiński@hotmail.com'),
(348,'Leon','Wasilewski','M','2016-10-24',5,729156706,'Platon Rest 127','dina.grzybowski@yahoo.com'),
(349,'Stanisław','Rzepka','M','2016-11-04',3,101903875,'Zarzycki Courts 298','izolda.bogucki@hotmail.com'),
(350,'Kazimierz','Pawłowski','M','2016-10-12',6,185632770,'Mrozek Plain 307','arystarch.karczewski@hotmail.com'),
(351,'Wawrzyniec','Sroka','M','2016-11-17',3,959838259,'Wiśniewski Fords 023','rudolf.porębski@gmail.com'),
(352,'Monika','Górecki','K','2016-10-13',7,952624303,'Flak Garden 37722','monika.gruszczyński@hotmail.com'),
(353,'Baldwin','Pietruszka','M','2016-10-21',2,752091058,'Markowski Grove 33652','walter.piątek@yahoo.com'),
(354,'Cyrus','Flis','M','2016-10-31',3,578446190,'Katarzyna Squares 997','florencja.konopka@yahoo.com'),
(355,'Lidia','Kruszewski','K','2016-11-14',2,905114837,'Izabela Lights 118','edwin.bukowski@gmail.com'),
(356,'Filemon','Włodarski','M','2016-10-03',9,981208924,'Szwed Isle 105','gerazym.nowacki@gmail.com'),
(357,'Franciszek','Przybysz','M','2016-11-02',4,399933903,'Książek Freeway 3164','teodor.kaczorowski@yahoo.com'),
(358,'Walery','Flis','M','2016-10-17',9,930849739,'Adamiak Circles 492','izajasz.wąsik@yahoo.com'),
(359,'Julian','Michalak','M','2016-11-08',2,504232585,'Wanesa Ports 285','marcin.pawlikowski@yahoo.com'),
(360,'Maja','Mikulski','K','2016-11-14',4,346037137,'Sikorski Mountain 7446','nikola.kacprzak@yahoo.com'),
(361,'Magnus','Rybak','M','2016-11-20',4,316725789,'Banaś Alley 2304','cecyliusz.herman@gmail.com'),
(362,'Walery','Szczepański','M','2016-10-10',6,486261942,'Biernacki Ports 33000','leonard.bednarek@yahoo.com'),
(363,'Ireneusz','Herman','M','2016-11-20',1,404407378,'August Grove 69076','maksym.turek@hotmail.com'),
(364,'Helena','Grzywacz','K','2016-10-02',3,187531896,'Kaczmarski Fork 4189','jakubina.wilczyński@hotmail.com'),
(365,'Gracja','Maciejewski','K','2016-11-06',3,719037536,'Gertruda Camp 34357','apollinary.urban@yahoo.com'),
(366,'Roman','Skalski','M','2016-10-22',1,777559458,'Nadzieja Ranch 95784','tymoteusz.rybak@hotmail.com'),
(367,'Ksawery','Chmiel','M','2016-11-07',3,936582053,'Łukaszewski Cape 9958','judyta.matusiak@hotmail.com'),
(368,'Mojżesz','Koza','M','2016-10-21',4,590696563,'Klaudiusz Vista 9997','izajasz.mika@hotmail.com'),
(369,'Ariadna','Bielski','K','2016-10-04',9,706438177,'Wiktoria Valley 6797','aleksandra.bochenek@hotmail.com'),
(370,'Polikarp','Szatkowski','M','2016-10-24',9,748247743,'Kopczyński Greens 11308','sebastian.siwek@hotmail.com'),
(371,'Kleopatra','Janowski','K','2016-11-12',2,682204007,'Gracja Pine 126','agnieszka.rybarczyk@yahoo.com'),
(372,'Oliwia','Sosnowski','K','2016-11-15',9,887041858,'Gilbert Street 9223','izaak.gołąb@gmail.com'),
(373,'Konstanty','Wilczyński','M','2016-11-01',1,193173748,'Alina Rest 086','eleazar.karczewski@hotmail.com'),
(374,'Wilhelm','Komorowski','M','2016-10-03',1,941585879,'Igor Meadow 467','arseniusz.szymczyk@yahoo.com'),
(375,'Filemon','Kopeć','M','2016-11-02',1,772898885,'Miron Shores 6381','wilhelmina.jagodziński@gmail.com'),
(376,'Weronika','Krawiec','K','2016-11-15',4,967684372,'Innocenty Estate 44388','laurencjusz.kucharski@gmail.com'),
(377,'Tomasz','Wnuk','M','2016-10-16',5,510953678,'Kuś Mountain 5194','melania.pietras@gmail.com'),
(378,'Karolina','Jabłoński','K','2016-10-16',9,882913358,'Witkowski Avenue 83004','gedeon.sitek@yahoo.com'),
(379,'Małgorzata','Strzelecki','K','2016-10-21',2,673716899,'Olejnik Forest 0867','józefina.dębowski@hotmail.com'),
(380,'Adam','Malicki','M','2016-10-25',6,994713524,'Banaś Forge 9434','filip.czechowski@gmail.com'),
(381,'Lilia','Lipiński','K','2016-10-17',1,195074965,'Różycki Unions 1258','dorota.pawlik@gmail.com'),
(382,'Zoe','Ziętek','M','2016-10-19',1,742172241,'Kędziora Track 7695','mateusz.tomala@yahoo.com'),
(383,'Leonid','Prus','M','2016-11-16',1,107243433,'Nowak Isle 16333','robert.urbaniak@yahoo.com'),
(384,'Marek','Dobosz','M','2016-10-16',6,117177417,'Ruta Creek 7643','bazyli.pasternak@yahoo.com'),
(385,'Irena','Kruszewski','K','2016-10-26',3,986785033,'Łukaszewski Junctions 74303','kwintyn.strzelecki@gmail.com'),
(386,'Agata','Stasiak','K','2016-11-03',4,149160616,'Kuczyński Stream 075','alina.jastrzębski@hotmail.com'),
(387,'Ofelia','Zielonka','K','2016-11-13',8,751284275,'Zielonka Causeway 03735','paulina.żurawski@hotmail.com'),
(388,'Samson','Stanisławski','M','2016-10-09',3,318612815,'Dawid Turnpike 1803','serafina.kubiak@gmail.com'),
(389,'Wincenty','Bielski','M','2016-10-28',4,138870868,'Alina Trace 858','krystyna.różycki@yahoo.com'),
(390,'Michał','Kamiński','M','2016-11-10',4,161416243,'Rafał Cliff 809','ksawera.frankowski@gmail.com'),
(391,'Anastazja','Skibiński','K','2016-10-07',7,884936309,'Lilla Plaza 562','lucjan.strzelczyk@hotmail.com'),
(392,'Ireneusz','Puchalski','M','2016-10-12',5,804839087,'Eleazar Green 28470','angelina.wilczek@yahoo.com'),
(393,'Gwido','Cieśla','M','2016-10-07',9,491494220,'Banach Falls 0682','natanael.pilarski@gmail.com'),
(394,'Laurenty','Bieniek','M','2016-10-08',1,808748028,'Nestor Trail 751','wawrzyniec.zdunek@gmail.com'),
(395,'Witalis','Grabowski','M','2016-10-24',4,234547815,'Zych Plains 1600','koralia.skowron@gmail.com'),
(396,'Serafina','Kalinowski','K','2016-10-17',4,920848100,'Klementyna Pine 530','eleazar.piórkowski@gmail.com'),
(397,'Wanda','Woś','K','2016-11-15',5,156345574,'Wolny Stream 03280','lucjan.krakowiak@hotmail.com'),
(398,'Izabela','Krawczyk','K','2016-10-03',3,884251055,'Wąsik Garden 462','walery.kapusta@yahoo.com'),
(399,'Karolina','Skiba','K','2016-11-02',7,945459169,'Lipski Squares 6842','ksenia.makowski@yahoo.com'),
(400,'Zygmunt','Paszkowski','M','2016-10-07',1,436238164,'Orłowski Springs 048','daria.smoliński@gmail.com'),
(401,'Igor','Pilch','M','2016-10-17',1,155021757,'Brajan Knoll 4734','kornel.stanek@hotmail.com'),
(402,'Marcin','Zięba','M','2016-10-16',6,785621190,'Edgar Station 253','edmund.fijałkowski@gmail.com'),
(403,'Franciszka','Masłowski','K','2016-10-17',4,971465263,'Pelagia Squares 454','filip.bagiński@gmail.com'),
(404,'Rajmund','Bielawski','M','2016-11-02',2,937472748,'Maurycy Crest 178','koralia.kołodziej@hotmail.com'),
(405,'Julia','Januszewski','K','2016-11-13',8,758021717,'Dina Tunnel 4987','olimpia.adamus@yahoo.com'),
(406,'Izolda','Skowroński','K','2016-10-07',3,511349215,'Dorota Trail 8614','luiza.olczak@hotmail.com'),
(407,'Demetriusz','Kubica','M','2016-10-06',6,806149940,'Robert Turnpike 1316','eleonora.dudzik@yahoo.com'),
(408,'Wirginia','Bielski','K','2016-11-17',6,681567339,'Beatrycze Terrace 823','estera.gołębiewski@hotmail.com'),
(409,'Atanazy','Kowalewski','M','2016-10-17',5,433917453,'Stępniak Hollow 855','serafina.frąckowiak@yahoo.com'),
(410,'Lucjan','Niedzielski','M','2016-10-04',6,496606804,'Osmund Mill 424','randolf.cebula@gmail.com'),
(411,'Ignacy','Majcher','M','2016-10-26',9,594821651,'Bertrand Groves 57837','krystian.twardowski@hotmail.com'),
(412,'Efrem','Wnuk','M','2016-10-30',2,237524555,'Filipa Gardens 8947','karolina.kopeć@gmail.com'),
(413,'Wilhelm','Matuszewski','M','2016-10-31',1,477455694,'Rybicki Mission 91223','justyn.książek@hotmail.com'),
(414,'Igor','Szeląg','M','2016-10-30',1,519324170,'Marzec Point 6714','hanna.krzyżanowski@yahoo.com'),
(415,'Bruno','Wilk','M','2016-11-05',5,979443479,'Marek Turnpike 77933','błażej.czarnecki@hotmail.com'),
(416,'Andżelika','Rosiak','K','2016-10-08',6,299127767,'Frączek Tunnel 3141','laurentyna.wojtas@gmail.com'),
(417,'Stefania','Duda','K','2016-10-25',3,834742432,'Bochenek Expressway 998','bertrand.baranowski@yahoo.com'),
(418,'Ansgary','Mackiewicz','M','2016-10-13',8,491802763,'Rutkowski Hills 36310','terencjusz.jakubiak@hotmail.com'),
(419,'Weronika','Dudek','K','2016-11-18',2,304067921,'Rosiak Expressway 089','julita.andrzejczak@yahoo.com'),
(420,'Witalis','Andrzejczak','M','2016-11-20',9,835471609,'Krukowski Forges 1417','szymon.zawadzki@hotmail.com'),
(421,'Edwin','Witczak','M','2016-11-20',4,598925780,'Stachowicz Branch 155','eleonora.krzyżanowski@hotmail.com'),
(422,'Berta','Korzeniowski','K','2016-10-28',9,870947329,'Krysiak Road 53973','noemi.żurek@hotmail.com'),
(423,'Ariadna','Sokół','K','2016-10-07',4,977698766,'Szymkowiak Crescent 511','nadzieja.mikołajczak@gmail.com'),
(424,'Serafin','Sawicki','M','2016-11-08',8,335573295,'Kurek Meadows 898','edgar.misztal@yahoo.com'),
(425,'Helena','Furman','K','2016-10-11',3,240825629,'Turek Throughway 63725','ada.grabowski@gmail.com'),
(426,'Teresa','Chrzanowski','K','2016-11-06',6,884285984,'Wiara Trafficway 1298','tomasz.małecki@yahoo.com'),
(427,'Eleonora','Karpiński','K','2016-10-05',7,917730061,'Stępniak Row 345','wiara.płonka@yahoo.com'),
(428,'Leon','Sikora','M','2016-11-15',2,452053711,'Daniel View 907','nadzieja.bielak@gmail.com'),
(429,'Damian','Robak','M','2016-11-04',6,718368099,'Stefan Keys 949','leila.bartosik@hotmail.com'),
(430,'Walter','Kaczor','M','2016-10-14',5,819336134,'Kowalewski Cliffs 10107','pantaleon.stolarski@gmail.com'),
(431,'Ernest','Kołodziejski','M','2016-10-01',3,734949705,'Siwek Hills 92751','bernard.walkowiak@gmail.com'),
(432,'Regina','Skowron','K','2016-11-14',8,829911075,'Lea Ranch 599','franciszek.filipiak@gmail.com'),
(433,'Krystyna','Piwowarczyk','K','2016-10-28',2,989878217,'Wąsik Ports 18219','eudoksja.misiak@yahoo.com'),
(434,'Klementyna','Stępień','K','2016-11-02',6,956870753,'Stolarski Locks 70751','romeo.sienkiewicz@hotmail.com'),
(435,'Arnold','Florczak','M','2016-10-24',9,282373505,'Malec Points 33369','noemi.kozak@hotmail.com'),
(436,'Jonatan','Juszczak','M','2016-10-09',6,379750693,'Ksenia Land 1686','eudoksja.stelmach@yahoo.com'),
(437,'Marianna','Kuchta','K','2016-10-10',8,866610935,'Janusz Flats 8433','kamila.nawrot@hotmail.com'),
(438,'Natanael','Sławiński','M','2016-10-26',8,737547329,'Kucharczyk Station 44814','baldwin.prus@gmail.com'),
(439,'Karolina','Romanowski','K','2016-10-13',9,536529313,'Borkowski Falls 4496','wilhelmina.przybylski@gmail.com'),
(440,'Eleonora','Kowalik','K','2016-10-08',1,207742197,'Mika Circles 0258','helena.kaczorowski@yahoo.com'),
(441,'Patrycja','Grudzień','K','2016-10-03',3,942810367,'Ciszewski Knoll 5993','łucja.skowronek@gmail.com'),
(442,'Walter','Pawłowski','M','2016-11-02',6,627317470,'Jan Street 134','adrian.wieczorek@hotmail.com'),
(443,'Arkady','Jarząbek','M','2016-11-15',2,827641749,'Kaczyński Causeway 89782','harald.bielski@gmail.com'),
(444,'Nazariusz','Michalik','M','2016-10-07',6,777953542,'Jagodziński Creek 2660','harald.zwoliński@gmail.com'),
(445,'Judyta','Tracz','K','2016-10-31',3,482099668,'Edmund Crossing 178','donald.wnuk@yahoo.com'),
(446,'Elwira','Kulesza','K','2016-10-22',4,851027387,'Stefan Mews 3293','laura.filipowicz@yahoo.com'),
(447,'Jonatan','Sowa','M','2016-11-13',1,985436412,'Filemon Manor 8237','herman.kaleta@hotmail.com'),
(448,'Julian','Cichoń','M','2016-10-22',6,538153194,'Michalski Orchard 94807','janina.falkowski@yahoo.com'),
(449,'Eudokia','Żebrowski','K','2016-10-17',8,304831457,'Izabela Row 3446','konstantyn.żak@gmail.com'),
(450,'Olga','Koza','K','2016-11-07',9,410569391,'Hubert Lights 331','stefan.urbanowicz@hotmail.com'),
(451,'Laurentyna','Stanisławski','K','2016-11-02',1,681701028,'Dina Stravenue 38413','agnieszka.matuszak@gmail.com'),
(452,'Rajnold','Masłowski','M','2016-10-17',2,479389178,'Bartkowiak Drive 67797','cezary.górny@hotmail.com'),
(453,'Kleopatra','Szymczak','K','2016-10-08',1,165470990,'Izydor Corner 01490','eliasz.balcerzak@yahoo.com'),
(454,'Lea','Pawłowski','K','2016-11-13',2,468729097,'Karolina Rest 658','agrypina.mucha@gmail.com'),
(455,'Estera','Dobrzyński','K','2016-10-20',6,259313608,'Banach Ridge 553','nestor.duda@hotmail.com'),
(456,'Eleonora','Szczerba','K','2016-10-13',3,195151552,'Justyn Light 86341','nestor.urbaniak@hotmail.com'),
(457,'Janusz','Stefaniak','M','2016-10-11',5,541482935,'Melania Falls 89283','monika.dobosz@gmail.com'),
(458,'Wiktor','Kosowski','M','2016-11-14',6,603990505,'Grochowski Walk 59990','rachela.wilczek@yahoo.com'),
(459,'Roksana','Piotrowicz','K','2016-10-19',5,361234226,'Gałka Lake 6038','marta.prokop@hotmail.com'),
(460,'Nazary','Czaja','M','2016-11-17',2,971754431,'Joachim Hill 0445','maksymilian.żurek@hotmail.com'),
(461,'Ignacy','Partyka','M','2016-10-07',4,925656159,'Lea Course 9416','emil.maliszewski@hotmail.com'),
(462,'Hipolit','Stachowiak','M','2016-10-18',9,664827179,'Jakubina Junction 81684','aaron.jędrzejczyk@hotmail.com'),
(463,'Liza','Niemiec','K','2016-10-23',8,493298681,'Koza Wells 3405','julia.stolarski@gmail.com'),
(464,'Tobiasz','Kalinowski','M','2016-10-24',2,140263931,'Lech Port 875','leon.jagielski@gmail.com'),
(465,'Oliwia','Modzelewski','K','2016-10-08',5,579316162,'Laurencjusz Center 73335','onufry.szyszka@hotmail.com'),
(466,'Elżbieta','Tracz','K','2016-10-15',7,220327630,'Natalia Inlet 488','mikołaj.kowalski@gmail.com'),
(467,'Gilbert','Dziedzic','M','2016-10-11',6,892612004,'Urbaniak Gardens 2185','karolina.bartkowiak@hotmail.com'),
(468,'Patryk','Grześkowiak','M','2016-11-06',4,455439490,'Sroka Circle 194','gloria.kuchta@yahoo.com'),
(469,'Arseniusz','Adamczak','M','2016-10-22',7,314823359,'Wiara Harbor 35341','bibiana.zakrzewski@gmail.com'),
(470,'Sylwia','Jackowski','K','2016-10-01',7,713830869,'Filipa Common 918','walenty.stanek@hotmail.com'),
(471,'Walter','Sobieraj','M','2016-10-08',8,708932025,'Rogalski Turnpike 492','walenty.niedźwiecki@gmail.com'),
(472,'Błażej','Świderski','M','2016-10-05',2,492496208,'Eleonora Gardens 8924','franciszka.karaś@yahoo.com'),
(473,'Alina','Gołąb','K','2016-11-19',1,407469862,'Kołodziej Landing 803','helena.drzewiecki@gmail.com'),
(474,'Tobiasz','Kamiński','M','2016-11-08',1,459644624,'Oliwier Station 69920','sergiusz.sołtys@yahoo.com'),
(475,'Brajan','Gołębiewski','M','2016-11-10',3,413097705,'Matylda Station 057','alina.andrzejewski@yahoo.com'),
(476,'Walenty','Pawlak','M','2016-11-12',3,489448424,'Rosa Flats 117','amabela.karwowski@yahoo.com'),
(477,'Henryk','Słowiński','M','2016-10-29',5,105496273,'Szymczyk Glens 176','ariadna.kłos@gmail.com'),
(478,'Gonsalwy','Sadowski','M','2016-10-19',7,467185395,'Jeremiasz Walks 3579','walery.kawa@hotmail.com'),
(479,'Ksawery','Prus','M','2016-11-06',9,629203689,'Szymczyk Meadow 05489','olimpia.buczyński@gmail.com'),
(480,'Salwator','Zaręba','M','2016-11-09',6,181077541,'Erwin Locks 74295','borys.malec@gmail.com'),
(481,'Arkadiusz','Maślanka','M','2016-11-12',8,130491129,'Duda Plaza 87688','benedykt.stachurski@yahoo.com'),
(482,'Anastazja','Jarząbek','K','2016-10-02',8,423956012,'Waleria Loaf 8958','weronika.szcześniak@yahoo.com'),
(483,'Ofelia','Mroczek','K','2016-11-04',9,340405161,'Ilona Squares 10992','maksymilian.kozieł@gmail.com'),
(484,'Baldwin','Podgórski','M','2016-10-01',1,757644688,'Kowalik Harbor 1754','kwintyn.kalisz@hotmail.com'),
(485,'Cyrus','Bujak','M','2016-10-10',2,900544227,'Roksana Street 9121','klaudia.skoczylas@gmail.com'),
(486,'Aleksy','Łukasik','M','2016-10-02',4,110822919,'Igor Oval 380','greta.słowik@yahoo.com'),
(487,'Janusz','Graczyk','M','2016-10-13',2,902377937,'Piątkowski Harbors 5838','arkadiusz.woliński@yahoo.com'),
(488,'Jerzy','Zając','M','2016-11-17',3,666954909,'Niewiadomski Forest 8123','mateusz.lewicki@hotmail.com'),
(489,'Joanna','Mackiewicz','K','2016-11-10',6,936592940,'Rogalski Cove 81931','robert.puchalski@yahoo.com'),
(490,'Sylwester','Lech','M','2016-11-04',4,292129665,'Gałązka Harbors 484','nadzieja.wilk@hotmail.com'),
(491,'Eliasz','Czarnecki','M','2016-10-20',6,629088582,'Kos Street 3275','rozalia.wasilewski@hotmail.com'),
(492,'Zygmunt','Górka','M','2016-10-30',6,311559853,'Rosiak Street 2911','spirydion.miller@hotmail.com'),
(493,'Laurenty','Kulig','M','2016-11-11',2,554102953,'Wojtasik Via 4389','kwintyn.niemczyk@yahoo.com'),
(494,'Arkadiusz','Król','M','2016-10-27',3,591646016,'Irma Manors 504','dominik.matuszak@yahoo.com'),
(495,'Korneliusz','Jurkowski','M','2016-10-15',7,831346186,'Rosa Island 18100','sybilla.brzozowski@yahoo.com'),
(496,'Rebeka','Stawicki','K','2016-11-03',2,781392563,'Słowiński Via 289','teodor.jakubiak@yahoo.com'),
(497,'Melania','Przybyła','K','2016-11-02',1,108367820,'Maria Islands 310','agnieszka.flis@hotmail.com'),
(498,'Helena','Żuk','K','2016-10-18',2,213592414,'Maryna Crossing 303','chloe.stefański@yahoo.com'),
(499,'Filip','Góral','M','2016-10-16',3,789439377,'Zieliński Forest 4316','fryderyk.michalczyk@yahoo.com'),
(500,'Fryderyk','Cichy','M','2016-10-27',4,678940776,'Klaudiusz Mountain 22621','koralia.kania@gmail.com');

INSERT INTO Ponaglenia
VALUES 
(1,603,'2016-11-06',1,60.46),
(2,886,'2016-11-15',1,86.52),
(3,525,'2016-10-16',1,16.48),
(4,702,'2016-10-07',1,55.15),
(5,3,'2016-11-03',1,61.12),
(6,666,'2016-11-14',0,53.66),
(7,218,'2016-10-03',1,1.68),
(8,561,'2016-10-17',0,47.47),
(9,326,'2016-10-25',0,22.03),
(10,106,'2016-10-07',0,95.61),
(11,132,'2016-10-31',1,53.42),
(12,401,'2016-11-15',0,14.33),
(13,754,'2016-10-07',0,15.94),
(14,90,'2016-10-05',1,87.73),
(15,875,'2016-10-27',1,45.79),
(16,185,'2016-11-19',1,57.36),
(17,987,'2016-11-04',1,90.36),
(18,327,'2016-10-24',1,78.77),
(19,858,'2016-10-04',1,40.75),
(20,416,'2016-10-10',0,12.49),
(21,861,'2016-10-10',0,38.06),
(22,29,'2016-10-19',0,76.61),
(23,322,'2016-11-17',1,18.27),
(24,233,'2016-10-28',0,7.55),
(25,97,'2016-10-16',0,22.1),
(26,364,'2016-11-13',0,93.94),
(27,260,'2016-11-15',0,9.83),
(28,92,'2016-11-04',1,65.11),
(29,844,'2016-11-11',0,26.7),
(30,521,'2016-10-16',0,43.6),
(31,84,'2016-10-19',0,70.77),
(32,583,'2016-10-29',1,95.21),
(33,119,'2016-11-08',0,62.62),
(34,63,'2016-11-05',0,29.64),
(35,196,'2016-11-18',0,81.2),
(36,187,'2016-11-05',1,85.61),
(37,731,'2016-10-27',1,55.89),
(38,936,'2016-10-09',1,66.83),
(39,314,'2016-10-10',0,59.91),
(40,472,'2016-10-06',1,72.31),
(41,151,'2016-10-17',0,96.04),
(42,385,'2016-10-28',1,32.22),
(43,585,'2016-10-05',1,56.38),
(44,572,'2016-10-19',1,36.25),
(45,745,'2016-10-18',0,96.69),
(46,508,'2016-11-02',0,47.02),
(47,855,'2016-10-07',0,8.1),
(48,635,'2016-11-16',1,34.87),
(49,121,'2016-11-17',0,56.03),
(50,850,'2016-11-19',1,66.69),
(51,225,'2016-10-31',1,81.54),
(52,928,'2016-10-24',1,7.63),
(53,481,'2016-10-14',0,6.96),
(54,576,'2016-10-09',0,70.91),
(55,295,'2016-10-08',0,25.92),
(56,531,'2016-10-12',1,99.41),
(57,544,'2016-11-13',0,17.77),
(58,833,'2016-10-11',1,25.37),
(59,734,'2016-11-16',0,6.4),
(60,524,'2016-10-02',1,37.44),
(61,386,'2016-11-19',1,53.63),
(62,392,'2016-10-14',1,63.62),
(63,277,'2016-10-17',1,16.49),
(64,108,'2016-11-01',1,56.65),
(65,250,'2016-10-14',1,64.54),
(66,501,'2016-10-24',1,78.84),
(67,713,'2016-10-06',1,30.09),
(68,290,'2016-10-25',0,98.35),
(69,195,'2016-10-08',1,33.48),
(70,352,'2016-10-27',1,91.36),
(71,339,'2016-10-26',1,96.4),
(72,388,'2016-10-25',1,13.75),
(73,439,'2016-10-06',1,14.51),
(74,498,'2016-11-02',1,26.19),
(75,756,'2016-10-22',0,24.49),
(76,15,'2016-10-28',1,33.11),
(77,586,'2016-11-07',1,39.51),
(78,256,'2016-11-04',0,38.79),
(79,604,'2016-10-31',1,91.45),
(80,103,'2016-10-09',0,54.12),
(81,899,'2016-11-14',0,79.8),
(82,483,'2016-11-13',0,8.95),
(83,671,'2016-10-11',0,48.83),
(84,220,'2016-10-30',0,63.71),
(85,342,'2016-10-04',0,64.35),
(86,32,'2016-11-04',0,35.14),
(87,871,'2016-10-09',0,6.53),
(88,518,'2016-10-17',1,64.06),
(89,371,'2016-10-01',1,63.33),
(90,65,'2016-11-17',0,37.5),
(91,796,'2016-10-19',1,18.09),
(92,782,'2016-10-17',1,98.08),
(93,528,'2016-10-03',0,25.57),
(94,662,'2016-11-11',0,50.26),
(95,457,'2016-11-13',0,56.31),
(96,211,'2016-10-26',0,2.89),
(97,311,'2016-10-29',1,47.29),
(98,469,'2016-10-29',1,60.17),
(99,878,'2016-10-04',1,82.14),
(100,828,'2016-11-18',1,6.68),
(101,384,'2016-10-07',1,6.89),
(102,885,'2016-11-18',1,10.37),
(103,171,'2016-11-02',1,63.88),
(104,418,'2016-11-18',0,84.73),
(105,166,'2016-11-12',0,87.03),
(106,841,'2016-10-21',1,44.16),
(107,672,'2016-11-12',0,64.44),
(108,775,'2016-11-14',1,75.06),
(109,47,'2016-10-27',0,58.31),
(110,825,'2016-10-25',0,98.29),
(111,826,'2016-10-30',0,24.99),
(112,837,'2016-10-22',0,92.12),
(113,814,'2016-10-26',0,95.53),
(114,24,'2016-10-01',1,38.59),
(115,265,'2016-10-16',0,58.11),
(116,341,'2016-11-01',0,65.95),
(117,249,'2016-11-15',1,83.39),
(118,202,'2016-10-20',1,51.41),
(119,378,'2016-11-01',0,60.38),
(120,706,'2016-10-08',0,26.42),
(121,123,'2016-10-20',1,25.76),
(122,164,'2016-11-19',0,87.81),
(123,224,'2016-10-29',0,35.55),
(124,818,'2016-11-17',1,12.49),
(125,684,'2016-10-05',0,94.98),
(126,991,'2016-10-26',1,11.97),
(127,675,'2016-10-26',1,24.88),
(128,613,'2016-11-12',1,23.55),
(129,539,'2016-11-15',0,76.72),
(130,533,'2016-11-10',1,49.2),
(131,332,'2016-11-07',0,33.83),
(132,909,'2016-11-08',0,73.31),
(133,995,'2016-11-10',0,35.13),
(134,546,'2016-10-19',0,59.94),
(135,5,'2016-11-01',1,76.62),
(136,467,'2016-10-17',1,83.61),
(137,126,'2016-10-14',1,72.58),
(138,862,'2016-10-05',1,40.69),
(139,155,'2016-10-05',0,73.72),
(140,888,'2016-10-24',1,14.23),
(141,212,'2016-10-15',1,94.43),
(142,227,'2016-11-18',1,73.79),
(143,856,'2016-11-08',0,67.52),
(144,127,'2016-11-12',1,75.48),
(145,623,'2016-10-10',1,55.59),
(146,430,'2016-10-30',0,34.82),
(147,369,'2016-10-01',1,59.2),
(148,336,'2016-10-22',1,51.63),
(149,753,'2016-10-16',1,99.28),
(150,315,'2016-10-15',1,81.59),
(151,772,'2016-11-02',1,72.58),
(152,935,'2016-10-12',1,59.0),
(153,644,'2016-10-10',1,98.6),
(154,589,'2016-10-11',1,45.68),
(155,50,'2016-11-14',1,30.77),
(156,178,'2016-10-05',0,38.15),
(157,48,'2016-11-06',0,63.43),
(158,82,'2016-11-15',1,19.12),
(159,83,'2016-10-08',0,97.97),
(160,943,'2016-10-02',0,20.37),
(161,894,'2016-10-28',0,42.31),
(162,245,'2016-11-09',1,28.83),
(163,282,'2016-10-20',1,13.09),
(164,940,'2016-10-25',0,23.87),
(165,102,'2016-10-12',1,55.86),
(166,729,'2016-10-31',1,72.34),
(167,452,'2016-10-22',1,34.96),
(168,228,'2016-10-08',0,5.61),
(169,898,'2016-10-17',0,90.57),
(170,674,'2016-10-15',1,40.67),
(171,300,'2016-11-17',1,67.99),
(172,859,'2016-10-04',1,7.64),
(173,413,'2016-10-01',1,80.5),
(174,981,'2016-11-04',0,32.48),
(175,958,'2016-10-06',1,70.96),
(176,287,'2016-10-17',1,27.78),
(177,252,'2016-10-11',1,62.0),
(178,932,'2016-10-01',1,46.69),
(179,239,'2016-10-17',1,86.89),
(180,1,'2016-11-05',0,4.47),
(181,135,'2016-10-14',0,91.75),
(182,477,'2016-10-11',1,16.69),
(183,711,'2016-10-13',0,99.69),
(184,437,'2016-10-30',1,53.96),
(185,234,'2016-10-21',1,82.02),
(186,997,'2016-10-13',1,76.68),
(187,144,'2016-10-29',1,84.39),
(188,67,'2016-11-15',1,30.63),
(189,854,'2016-11-16',0,47.15),
(190,761,'2016-11-04',1,60.87),
(191,146,'2016-10-23',0,30.23),
(192,431,'2016-10-11',1,86.8),
(193,698,'2016-10-29',1,93.89),
(194,618,'2016-11-18',1,51.66),
(195,130,'2016-10-21',0,40.94),
(196,965,'2016-10-20',1,79.05),
(197,541,'2016-10-03',0,26.2),
(198,738,'2016-11-09',0,96.37),
(199,607,'2016-10-08',0,93.33),
(200,393,'2016-10-09',0,29.55),
(201,517,'2016-10-28',0,64.25),
(202,419,'2016-11-05',0,95.39),
(203,94,'2016-10-24',0,21.79),
(204,58,'2016-10-25',1,50.45),
(205,733,'2016-10-13',1,29.93),
(206,758,'2016-10-06',1,26.19),
(207,359,'2016-11-07',1,92.73),
(208,633,'2016-11-09',1,50.34),
(209,606,'2016-10-28',1,32.3),
(210,641,'2016-11-14',1,58.14),
(211,571,'2016-10-25',0,37.06),
(212,251,'2016-10-11',0,8.32),
(213,158,'2016-10-27',0,1.58),
(214,557,'2016-11-03',1,39.04),
(215,340,'2016-11-14',1,40.48),
(216,922,'2016-11-01',0,84.55),
(217,681,'2016-11-12',1,90.95),
(218,415,'2016-10-23',0,34.17),
(219,284,'2016-11-17',1,50.96),
(220,867,'2016-11-13',0,59.87),
(221,425,'2016-10-17',1,2.78),
(222,901,'2016-10-24',1,78.8),
(223,192,'2016-10-18',0,65.49),
(224,351,'2016-10-21',0,52.73),
(225,230,'2016-10-27',0,44.03),
(226,642,'2016-10-06',1,65.59),
(227,319,'2016-10-31',1,34.48),
(228,599,'2016-10-19',1,93.62),
(229,293,'2016-11-06',1,25.24),
(230,648,'2016-10-07',0,68.29),
(231,110,'2016-10-15',1,41.21),
(232,176,'2016-11-09',0,28.65),
(233,390,'2016-11-03',1,23.01),
(234,6,'2016-10-30',1,62.52),
(235,806,'2016-10-12',1,63.69),
(236,677,'2016-10-17',1,54.04),
(237,874,'2016-11-14',1,1.46),
(238,247,'2016-10-17',0,58.69),
(239,659,'2016-10-31',0,32.39),
(240,811,'2016-11-08',1,86.74),
(241,614,'2016-10-22',1,38.72),
(242,815,'2016-10-24',1,34.98),
(243,440,'2016-11-14',0,7.78),
(244,154,'2016-11-12',0,17.48),
(245,306,'2016-10-15',1,30.55),
(246,556,'2016-11-04',1,59.85),
(247,971,'2016-10-15',0,26.43),
(248,857,'2016-10-15',1,18.11),
(249,451,'2016-10-06',1,67.97),
(250,884,'2016-11-08',0,85.68),
(251,22,'2016-11-10',0,98.54),
(252,59,'2016-10-21',0,12.06),
(253,438,'2016-11-12',0,44.12),
(254,742,'2016-10-25',0,28.69),
(255,548,'2016-11-10',1,5.15),
(256,947,'2016-11-19',0,25.75),
(257,111,'2016-10-09',1,62.37),
(258,676,'2016-11-02',1,46.07),
(259,449,'2016-11-13',1,3.53),
(260,216,'2016-10-05',0,20.06),
(261,231,'2016-10-01',1,70.82),
(262,236,'2016-10-17',1,67.87),
(263,700,'2016-10-24',1,22.47),
(264,330,'2016-11-19',1,40.76),
(265,447,'2016-10-06',0,26.13),
(266,117,'2016-11-05',0,51.75),
(267,560,'2016-10-08',1,85.68),
(268,620,'2016-11-01',1,23.6),
(269,914,'2016-10-25',0,87.34),
(270,763,'2016-11-18',1,6.89),
(271,406,'2016-11-19',0,25.15),
(272,619,'2016-11-06',0,15.74),
(273,309,'2016-11-05',0,83.07),
(274,543,'2016-10-28',1,6.27),
(275,368,'2016-11-18',0,66.94),
(276,927,'2016-10-18',0,85.43),
(277,892,'2016-10-27',1,86.34),
(278,289,'2016-10-31',0,63.63),
(279,363,'2016-10-23',1,96.36),
(280,668,'2016-11-10',0,14.35),
(281,579,'2016-10-07',1,31.24),
(282,646,'2016-10-25',1,49.59),
(283,179,'2016-10-09',0,93.11),
(284,427,'2016-10-06',0,8.66),
(285,200,'2016-11-18',0,15.11),
(286,405,'2016-10-16',1,20.04),
(287,226,'2016-10-26',1,48.11),
(288,654,'2016-11-07',0,97.49),
(289,931,'2016-10-13',0,38.52),
(290,254,'2016-10-12',1,88.51),
(291,937,'2016-11-15',0,94.53),
(292,751,'2016-10-08',0,63.13),
(293,360,'2016-11-09',0,95.97),
(294,344,'2016-11-13',0,21.06),
(295,655,'2016-11-05',0,68.68),
(296,391,'2016-10-15',0,64.5),
(297,822,'2016-10-17',1,54.36),
(298,600,'2016-10-24',0,1.37),
(299,714,'2016-11-17',1,4.09),
(300,933,'2016-10-15',0,87.47),
(301,834,'2016-10-10',0,78.59),
(302,802,'2016-10-26',1,40.63),
(303,653,'2016-10-09',0,57.56),
(304,329,'2016-10-17',1,22.92),
(305,197,'2016-10-25',1,50.01),
(306,847,'2016-11-05',1,31.66),
(307,334,'2016-10-22',1,89.81),
(308,40,'2016-10-23',1,12.23),
(309,27,'2016-11-11',1,5.91),
(310,441,'2016-11-03',0,22.95),
(311,210,'2016-10-14',1,95.77),
(312,276,'2016-10-18',1,77.29),
(313,337,'2016-10-13',0,18.18),
(314,191,'2016-11-19',1,65.55),
(315,970,'2016-10-09',1,55.5),
(316,638,'2016-11-03',1,9.05),
(317,625,'2016-11-06',1,51.7),
(318,779,'2016-10-11',0,87.94),
(319,660,'2016-10-20',0,85.73),
(320,480,'2016-11-15',1,56.59),
(321,846,'2016-10-30',1,38.94),
(322,112,'2016-10-24',1,15.35),
(323,199,'2016-11-07',0,36.25),
(324,442,'2016-11-15',1,80.05),
(325,838,'2016-11-16',1,35.59),
(326,189,'2016-11-01',0,86.72),
(327,967,'2016-10-30',0,79.88),
(328,540,'2016-10-20',1,22.92),
(329,75,'2016-11-13',1,18.02),
(330,25,'2016-10-08',1,19.5),
(331,687,'2016-11-03',0,28.73),
(332,421,'2016-11-11',1,31.98),
(333,817,'2016-11-01',0,44.81),
(334,562,'2016-10-30',1,6.34),
(335,545,'2016-10-24',1,43.19),
(336,435,'2016-10-30',1,13.77),
(337,424,'2016-11-07',0,85.98),
(338,101,'2016-10-12',0,5.11),
(339,484,'2016-11-10',0,13.22),
(340,691,'2016-11-12',1,44.2),
(341,748,'2016-10-13',0,12.87),
(342,182,'2016-10-21',0,27.07),
(343,962,'2016-11-16',0,48.38),
(344,443,'2016-11-01',1,96.41),
(345,495,'2016-10-11',1,71.26),
(346,150,'2016-11-13',0,74.29),
(347,757,'2016-10-21',0,57.03),
(348,868,'2016-10-18',1,32.37),
(349,429,'2016-11-08',0,4.05),
(350,750,'2016-10-22',0,42.48),
(351,361,'2016-11-07',0,75.44),
(352,41,'2016-11-11',1,48.64),
(353,165,'2016-10-09',0,26.43),
(354,105,'2016-11-01',1,32.35),
(355,683,'2016-10-03',0,16.66),
(356,396,'2016-10-04',0,57.55),
(357,270,'2016-11-20',0,72.86),
(358,707,'2016-10-21',1,94.0),
(359,781,'2016-11-03',0,5.22),
(360,801,'2016-11-03',1,42.98),
(361,61,'2016-11-18',1,29.87),
(362,827,'2016-10-09',0,54.25),
(363,7,'2016-11-08',0,98.55),
(364,398,'2016-10-01',0,74.1),
(365,18,'2016-10-11',0,96.13),
(366,128,'2016-10-11',1,2.23),
(367,145,'2016-11-10',1,11.42),
(368,88,'2016-11-02',0,97.47),
(369,851,'2016-11-13',0,67.5),
(370,762,'2016-10-05',1,37.52),
(371,78,'2016-10-13',1,60.57),
(372,238,'2016-11-18',0,2.36),
(373,454,'2016-11-07',0,72.26),
(374,507,'2016-10-03',1,79.91),
(375,37,'2016-11-17',1,59.27),
(376,842,'2016-10-31',1,30.54),
(377,264,'2016-10-23',1,18.4),
(378,248,'2016-10-23',1,37.16),
(379,820,'2016-10-12',0,98.59),
(380,325,'2016-10-16',0,57.89),
(381,140,'2016-11-04',1,45.56),
(382,882,'2016-11-20',0,39.54),
(383,375,'2016-10-13',0,57.29),
(384,237,'2016-10-21',0,54.79),
(385,938,'2016-10-23',0,79.53),
(386,372,'2016-10-08',1,8.47),
(387,906,'2016-10-17',0,70.62),
(388,716,'2016-10-04',0,32.58),
(389,345,'2016-10-22',0,5.8),
(390,615,'2016-10-13',0,59.81),
(391,977,'2016-11-06',0,75.08),
(392,845,'2016-10-28',0,11.67),
(393,143,'2016-11-04',1,2.45),
(394,980,'2016-11-18',0,31.52),
(395,975,'2016-11-03',1,18.51),
(396,172,'2016-10-22',1,50.54),
(397,749,'2016-11-14',0,69.72),
(398,253,'2016-11-01',0,16.48),
(399,542,'2016-11-04',1,63.23),
(400,689,'2016-10-08',1,13.11),
(401,417,'2016-11-14',1,89.21),
(402,759,'2016-10-27',1,81.83),
(403,312,'2016-10-12',1,96.48),
(404,377,'2016-11-06',0,57.18),
(405,471,'2016-11-08',0,73.34),
(406,407,'2016-11-11',0,12.9),
(407,594,'2016-10-29',1,96.36),
(408,255,'2016-11-15',1,85.85),
(409,57,'2016-11-09',0,87.61),
(410,168,'2016-11-02',0,53.95),
(411,736,'2016-10-19',0,22.65),
(412,835,'2016-10-11',0,49.65),
(413,8,'2016-10-06',1,43.23),
(414,697,'2016-10-07',0,41.26),
(415,680,'2016-10-07',0,61.14),
(416,595,'2016-11-03',0,20.41),
(417,941,'2016-10-31',1,72.58),
(418,504,'2016-10-14',1,2.99),
(419,120,'2016-10-12',1,7.76),
(420,908,'2016-10-27',1,99.93),
(421,527,'2016-10-08',0,60.65),
(422,261,'2016-10-29',1,53.9),
(423,434,'2016-10-21',0,45.12),
(424,823,'2016-11-03',0,41.87),
(425,550,'2016-10-07',1,5.35),
(426,916,'2016-10-13',0,14.79),
(427,915,'2016-11-02',0,50.01),
(428,19,'2016-11-10',1,42.64),
(429,667,'2016-10-02',0,81.4),
(430,458,'2016-10-08',0,63.88),
(431,880,'2016-10-08',1,44.17),
(432,116,'2016-10-16',0,22.69),
(433,624,'2016-10-06',1,41.17),
(434,639,'2016-10-22',1,37.97),
(435,356,'2016-10-06',0,41.38),
(436,568,'2016-11-13',1,31.0),
(437,807,'2016-10-08',0,97.87),
(438,934,'2016-11-03',1,57.13),
(439,366,'2016-11-14',0,95.38),
(440,627,'2016-10-20',0,46.64),
(441,798,'2016-10-09',0,29.25),
(442,581,'2016-11-18',0,32.53),
(443,663,'2016-10-03',0,2.53),
(444,787,'2016-11-12',0,55.63),
(445,408,'2016-11-08',1,15.9),
(446,379,'2016-11-07',0,96.74),
(447,923,'2016-10-21',1,52.88),
(448,929,'2016-11-12',0,89.26),
(449,701,'2016-11-04',1,53.69),
(450,516,'2016-10-14',1,10.25),
(451,302,'2016-11-17',0,29.15),
(452,4,'2016-10-02',1,61.38),
(453,118,'2016-11-11',0,33.35),
(454,727,'2016-11-12',1,55.01),
(455,652,'2016-10-14',0,75.72),
(456,952,'2016-11-19',1,16.85),
(457,692,'2016-10-12',0,45.79),
(458,535,'2016-10-11',1,40.45),
(459,69,'2016-11-02',1,24.43),
(460,877,'2016-10-08',1,11.78),
(461,229,'2016-11-07',1,11.84),
(462,54,'2016-10-23',0,78.42),
(463,445,'2016-11-19',1,73.16),
(464,11,'2016-11-14',0,53.41),
(465,423,'2016-10-27',0,7.98),
(466,183,'2016-10-17',1,90.31),
(467,455,'2016-10-10',0,9.56),
(468,870,'2016-10-16',0,49.81),
(469,904,'2016-10-04',1,31.22),
(470,664,'2016-11-03',0,45.47),
(471,320,'2016-11-12',1,42.2),
(472,279,'2016-10-15',1,85.29),
(473,10,'2016-10-28',0,62.36),
(474,174,'2016-10-02',0,48.8),
(475,752,'2016-11-06',1,74.61),
(476,348,'2016-10-24',1,35.09),
(477,409,'2016-10-04',1,46.83),
(478,946,'2016-10-14',0,7.43),
(479,739,'2016-10-03',0,68.24),
(480,741,'2016-10-14',0,2.83),
(481,358,'2016-10-16',0,83.31),
(482,573,'2016-10-12',0,60.58),
(483,355,'2016-10-28',1,3.19),
(484,961,'2016-11-18',1,52.92),
(485,362,'2016-10-26',0,75.84),
(486,79,'2016-10-13',0,45.69),
(487,381,'2016-10-23',0,29.44),
(488,910,'2016-10-26',1,44.58),
(489,464,'2016-11-20',0,15.23),
(490,799,'2016-11-13',0,74.22),
(491,122,'2016-11-02',0,98.38),
(492,333,'2016-10-09',0,78.58),
(493,705,'2016-10-13',0,55.86),
(494,911,'2016-11-04',0,7.48),
(495,74,'2016-11-08',0,95.63),
(496,493,'2016-10-15',0,9.83),
(497,658,'2016-10-03',0,54.13),
(498,444,'2016-10-26',0,39.92),
(499,592,'2016-11-12',1,22.28);

INSERT INTO BierzeUdzial
VALUES 
(1,791,92),
(2,785,355),
(3,824,461),
(4,235,169),
(5,572,153),
(6,462,277),
(7,246,410),
(8,730,470),
(9,570,75),
(10,640,291),
(11,548,16),
(12,325,246),
(13,449,291),
(14,70,462),
(15,604,39),
(16,54,467),
(17,663,241),
(18,394,422),
(19,479,478),
(20,167,443),
(21,62,314),
(22,283,298),
(23,291,381),
(24,9,119),
(25,11,494),
(26,618,198),
(27,469,94),
(28,274,155),
(29,603,453),
(30,422,447),
(31,524,55),
(32,601,150),
(33,334,184),
(34,885,170),
(35,793,489),
(36,105,376),
(37,387,78),
(38,363,76),
(39,180,302),
(40,432,475),
(41,428,254),
(42,886,129),
(43,132,117),
(44,643,307),
(45,543,165),
(46,571,421),
(47,875,254),
(48,278,233),
(49,431,430),
(50,356,143),
(51,100,15),
(52,588,81),
(53,324,475),
(54,922,25),
(55,120,327),
(56,815,132),
(57,156,72),
(58,489,206),
(59,475,123),
(60,700,331),
(61,85,433),
(62,670,155),
(63,421,280),
(64,906,337),
(65,10,277),
(66,531,435),
(67,749,269),
(68,412,71),
(69,179,20),
(70,705,289),
(71,493,388),
(72,994,448),
(73,465,73),
(74,985,404),
(75,488,153),
(76,584,163),
(77,735,216),
(78,578,106),
(79,529,85),
(80,871,214),
(81,620,455),
(82,258,244),
(83,699,407),
(84,285,436),
(85,895,147),
(86,910,13),
(87,788,239),
(88,882,382),
(89,392,243),
(90,50,263),
(91,648,253),
(92,853,66),
(93,430,353),
(94,240,156),
(95,63,82),
(96,340,354),
(97,656,234),
(98,655,114),
(99,505,135),
(100,830,494),
(101,347,261),
(102,135,323),
(103,957,141),
(104,518,29),
(105,171,470),
(106,91,48),
(107,196,452),
(108,608,248),
(109,852,47),
(110,294,35),
(111,832,252),
(112,672,296),
(113,516,413),
(114,738,430),
(115,771,192),
(116,865,100),
(117,407,480),
(118,836,255),
(119,415,61),
(120,396,434),
(121,806,473),
(122,539,266),
(123,610,414),
(124,69,132),
(125,60,79),
(126,586,188),
(127,6,43),
(128,683,371),
(129,915,92),
(130,780,280),
(131,647,93),
(132,722,193),
(133,472,96),
(134,147,167),
(135,317,92),
(136,526,229),
(137,358,299),
(138,207,484),
(139,320,372),
(140,438,264),
(141,198,400),
(142,259,64),
(143,371,70),
(144,127,240),
(145,113,380),
(146,305,313),
(147,779,35),
(148,888,413),
(149,966,216),
(150,753,433),
(151,301,148),
(152,577,76),
(153,280,445),
(154,520,440),
(155,858,94),
(156,455,381),
(157,471,455),
(158,920,65),
(159,22,261),
(160,373,344),
(161,560,246),
(162,314,30),
(163,541,24),
(164,313,171),
(165,52,19),
(166,460,65),
(167,545,190),
(168,437,231),
(169,971,260),
(170,230,410),
(171,332,241),
(172,534,212),
(173,276,199),
(174,933,299),
(175,777,5),
(176,44,91),
(177,746,360),
(178,329,466),
(179,61,436),
(180,298,32),
(181,596,427),
(182,138,212),
(183,935,57),
(184,623,55),
(185,264,114),
(186,32,405),
(187,940,230),
(188,669,182),
(189,494,95),
(190,227,448),
(191,343,125),
(192,160,488),
(193,718,172),
(194,350,181),
(195,19,54),
(196,653,405),
(197,627,278),
(198,81,18),
(199,723,13),
(200,124,497),
(201,599,236),
(202,181,273),
(203,563,22),
(204,768,391),
(205,133,159),
(206,681,6),
(207,448,228),
(208,7,234),
(209,619,207),
(210,776,78),
(211,896,115),
(212,266,414),
(213,162,301),
(214,59,59),
(215,659,207),
(216,835,344),
(217,288,43),
(218,818,45),
(219,416,490),
(220,201,478),
(221,817,396),
(222,146,194),
(223,381,441),
(224,397,178),
(225,712,363),
(226,945,366),
(227,306,49),
(228,121,31),
(229,232,320),
(230,807,28),
(231,218,90),
(232,436,117),
(233,641,118),
(234,390,270),
(235,173,477),
(236,538,137),
(237,159,158),
(238,424,189),
(239,511,44),
(240,506,99),
(241,339,495),
(242,374,480),
(243,955,292),
(244,567,42),
(245,925,259),
(246,542,226),
(247,136,377),
(248,165,133),
(249,661,404),
(250,986,361),
(251,427,418),
(252,104,397),
(253,642,368),
(254,961,479),
(255,566,204),
(256,16,463),
(257,764,66),
(258,228,480),
(259,482,425),
(260,942,133),
(261,145,243),
(262,716,218),
(263,49,378),
(264,589,24),
(265,748,489),
(266,163,142),
(267,783,308),
(268,8,448),
(269,299,455),
(270,345,164),
(271,1,103),
(272,303,440),
(273,82,177),
(274,646,412),
(275,434,203),
(276,192,51),
(277,900,1),
(278,366,480),
(279,789,175),
(280,633,330),
(281,261,396),
(282,322,15),
(283,372,142),
(284,112,481),
(285,152,248),
(286,275,260),
(287,522,181),
(288,631,67),
(289,810,428),
(290,423,293),
(291,899,424),
(292,272,464),
(293,200,61),
(294,558,134),
(295,439,340),
(296,979,211),
(297,857,283),
(298,609,166),
(299,550,191),
(300,903,214),
(301,786,160),
(302,665,371),
(303,486,204),
(304,702,195),
(305,704,337),
(306,555,216),
(307,652,60),
(308,739,179),
(309,213,266),
(310,409,195),
(311,844,218),
(312,211,374),
(313,559,402),
(314,267,450),
(315,226,102),
(316,854,393),
(317,969,180),
(318,909,272),
(319,477,73),
(320,402,148),
(321,154,167),
(322,809,100),
(323,220,293),
(324,536,8),
(325,708,7),
(326,867,347),
(327,615,237),
(328,999,346),
(329,86,59),
(330,770,319),
(331,24,132),
(332,199,436),
(333,706,44),
(334,703,197),
(335,257,432),
(336,369,222),
(337,904,419),
(338,811,486),
(339,745,448),
(340,540,76),
(341,464,146),
(342,234,333),
(343,500,489),
(344,597,84),
(345,804,90),
(346,88,52),
(347,870,279),
(348,666,157),
(349,819,224),
(350,459,107),
(351,476,348),
(352,950,245),
(353,717,71),
(354,202,303),
(355,418,240),
(356,451,127),
(357,498,9),
(358,754,199),
(359,709,216),
(360,492,490),
(361,713,384),
(362,565,276),
(363,101,230),
(364,995,357),
(365,851,186),
(366,413,342),
(367,76,148),
(368,268,381),
(369,587,228),
(370,279,294),
(371,289,305),
(372,229,298),
(373,849,139),
(374,83,42),
(375,204,313),
(376,908,368),
(377,711,151),
(378,223,450),
(379,178,23),
(380,103,429),
(381,784,196),
(382,944,146),
(383,575,211),
(384,914,315),
(385,255,284),
(386,502,451),
(387,644,491),
(388,208,424),
(389,142,9),
(390,48,398),
(391,33,95),
(392,973,100),
(393,254,103),
(394,118,292),
(395,913,165),
(396,269,323),
(397,457,395),
(398,842,401),
(399,134,147),
(400,600,281),
(401,651,367),
(402,304,11),
(403,798,115),
(404,617,277),
(405,417,247),
(406,968,244),
(407,636,307),
(408,491,244),
(409,58,488),
(410,630,120),
(411,440,423),
(412,756,192),
(413,976,290),
(414,918,425),
(415,905,138),
(416,13,338),
(417,743,493),
(418,612,178),
(419,514,188),
(420,336,80),
(421,530,344),
(422,335,476),
(423,231,453),
(424,277,194),
(425,191,128),
(426,507,90),
(427,650,251),
(428,311,104),
(429,637,445),
(430,614,51),
(431,443,82),
(432,729,376),
(433,282,154),
(434,386,426),
(435,433,448),
(436,74,458),
(437,924,136),
(438,750,407),
(439,833,428),
(440,337,463),
(441,525,298),
(442,671,371),
(443,43,264),
(444,829,177),
(445,187,154),
(446,193,36),
(447,312,9),
(448,838,313),
(449,188,74),
(450,639,439),
(451,787,309),
(452,263,67),
(453,253,382),
(454,209,425),
(455,876,485),
(456,97,395),
(457,90,191),
(458,148,65),
(459,929,68),
(460,864,144),
(461,454,172),
(462,474,104),
(463,326,389),
(464,958,119),
(465,611,288),
(466,66,160),
(467,270,346),
(468,561,189),
(469,37,451),
(470,149,235),
(471,310,38),
(472,568,260),
(473,805,329),
(474,452,294),
(475,509,57),
(476,951,236),
(477,774,472),
(478,98,326),
(479,129,124),
(480,296,266),
(481,682,37),
(482,593,33),
(483,731,334),
(484,248,421),
(485,678,75),
(486,868,477),
(487,137,276),
(488,721,479),
(489,727,124),
(490,368,76),
(491,380,468),
(492,980,356),
(493,629,297),
(494,360,131),
(495,321,239),
(496,78,293),
(497,841,238),
(498,420,382),
(499,186,64),
(500,528,490),
(501,626,337),
(502,130,100),
(503,487,306),
(504,800,152),
(505,998,231),
(506,377,376),
(507,582,79),
(508,595,191),
(509,658,449),
(510,812,175),
(511,28,135),
(512,991,121),
(513,128,47),
(514,898,89),
(515,792,462),
(516,781,5),
(517,206,238),
(518,813,446),
(519,183,57),
(520,67,266),
(521,590,449),
(522,170,279),
(523,537,111),
(524,782,1),
(525,684,238),
(526,352,327),
(527,763,222),
(528,912,462),
(529,47,327),
(530,878,377),
(531,801,292),
(532,778,14),
(533,576,282),
(534,649,158),
(535,395,89),
(536,470,11),
(537,759,479),
(538,400,204),
(539,94,172),
(540,17,37),
(541,478,20),
(542,803,416),
(543,668,301),
(544,677,392),
(545,657,313),
(546,42,74),
(547,740,389),
(548,64,217),
(549,831,365),
(550,349,318),
(551,680,216),
(552,724,138),
(553,125,219),
(554,102,77),
(555,442,336),
(556,794,425),
(557,869,9),
(558,726,276),
(559,453,226),
(560,890,119),
(561,355,341),
(562,883,177),
(563,872,146),
(564,150,484),
(565,108,268),
(566,233,155),
(567,212,278),
(568,693,201),
(569,613,145),
(570,403,431),
(571,109,457),
(572,891,474),
(573,57,207),
(574,450,107),
(575,73,378),
(576,77,207),
(577,564,203),
(578,210,393),
(579,710,443),
(580,992,266),
(581,816,62),
(582,182,145),
(583,839,164),
(584,111,37),
(585,221,409),
(586,365,258),
(587,256,5),
(588,353,13),
(589,796,193),
(590,106,322),
(591,987,421),
(592,110,342),
(593,388,177),
(594,379,309),
(595,287,356),
(596,410,44),
(597,795,55),
(598,99,33),
(599,741,462),
(600,930,475),
(601,117,319),
(602,131,104),
(603,39,312),
(604,797,195),
(605,517,170),
(606,501,92),
(607,734,121),
(608,825,468),
(609,467,410),
(610,245,193),
(611,414,259),
(612,638,90),
(613,244,337),
(614,808,253),
(615,481,418),
(616,694,363),
(617,927,43),
(618,701,435),
(619,293,344),
(620,79,299),
(621,523,221),
(622,190,323),
(623,936,296),
(624,389,437),
(625,444,272),
(626,583,496),
(627,733,78),
(628,826,8),
(629,262,371),
(630,698,230),
(631,953,251),
(632,591,184),
(633,880,141),
(634,25,450),
(635,468,173),
(636,155,249),
(637,894,422),
(638,195,379),
(639,265,227),
(640,790,126),
(641,860,101),
(642,292,425),
(643,327,434),
(644,707,65),
(645,29,385),
(646,761,390),
(647,846,365),
(648,3,435),
(649,497,380),
(650,691,168),
(651,689,407),
(652,140,295),
(653,463,102),
(654,26,261),
(655,960,246),
(656,970,318),
(657,845,318),
(658,954,419),
(659,686,175),
(660,765,283),
(661,881,401),
(662,947,424),
(663,503,454),
(664,92,93),
(665,382,390),
(666,840,432),
(667,654,175),
(668,53,10),
(669,758,28),
(670,549,491),
(671,757,479),
(672,217,346),
(673,585,337),
(674,41,180),
(675,36,374),
(676,308,282),
(677,557,22),
(678,893,131),
(679,892,350),
(680,426,494),
(681,40,14),
(682,309,16),
(683,319,158),
(684,728,314),
(685,837,195),
(686,553,405),
(687,485,60),
(688,164,439),
(689,822,8),
(690,2,494),
(691,823,251),
(692,674,125),
(693,688,2),
(694,441,150),
(695,562,458),
(696,877,328),
(697,458,257),
(698,512,43),
(699,744,399),
(700,769,382),
(701,685,212),
(702,239,200),
(703,194,416),
(704,346,75),
(705,89,347),
(706,348,392),
(707,527,270),
(708,965,136),
(709,316,292),
(710,399,486),
(711,378,121),
(712,273,36),
(713,660,90),
(714,176,434),
(715,480,294),
(716,361,24),
(717,216,129),
(718,300,398),
(719,606,355),
(720,260,172),
(721,122,469),
(722,490,134),
(723,158,331),
(724,902,348),
(725,406,312),
(726,747,204),
(727,859,114),
(728,401,371),
(729,359,213),
(730,592,270),
(731,515,435),
(732,141,269),
(733,295,195),
(734,14,317),
(735,241,290),
(736,425,117),
(737,364,313),
(738,625,116),
(739,405,20),
(740,862,271),
(741,981,92),
(742,921,300),
(743,917,313),
(744,946,185),
(745,18,369),
(746,963,39),
(747,251,51),
(748,126,392),
(749,375,363),
(750,35,100),
(751,370,236),
(752,496,112),
(753,919,185),
(754,419,277),
(755,31,398),
(756,695,79),
(757,203,262),
(758,983,389),
(759,20,389),
(760,863,401),
(761,95,182),
(762,376,455),
(763,855,454),
(764,943,36),
(765,884,20),
(766,799,410),
(767,594,54),
(768,96,306),
(769,952,55),
(770,72,280),
(771,323,418),
(772,581,453),
(773,907,396),
(774,687,68),
(775,93,235),
(776,344,240),
(777,331,258),
(778,984,210),
(779,977,83),
(780,938,292),
(781,554,252),
(782,242,394),
(783,5,348),
(784,435,184),
(785,23,393),
(786,473,238),
(787,466,467),
(788,508,203),
(789,338,47),
(790,843,98),
(791,607,398),
(792,495,121),
(793,866,495),
(794,456,431),
(795,645,48),
(796,552,313),
(797,391,276),
(798,250,343),
(799,446,23),
(800,574,361),
(801,923,26),
(802,850,265),
(803,856,283),
(804,766,61),
(805,974,140),
(806,602,212),
(807,772,262),
(808,751,414),
(809,519,138),
(810,184,288),
(811,237,488),
(812,30,492),
(813,956,302),
(814,286,199),
(815,988,303),
(816,297,107),
(817,75,60),
(818,115,406),
(819,219,192),
(820,139,434),
(821,624,232),
(822,84,31),
(823,679,333),
(824,978,189),
(825,302,249),
(826,569,384),
(827,848,50),
(828,351,310),
(829,243,241),
(830,675,362),
(831,667,448),
(832,828,135),
(833,762,278),
(834,847,442),
(835,834,319),
(836,107,29),
(837,802,373),
(838,697,379),
(839,144,205),
(840,383,326),
(841,357,205),
(842,719,70),
(843,393,60),
(844,174,225),
(845,874,169),
(846,205,427),
(847,546,250),
(848,887,199),
(849,385,120),
(850,384,154),
(851,916,190),
(852,573,88),
(853,827,41),
(854,214,151),
(855,27,359),
(856,166,361),
(857,21,492),
(858,551,203),
(859,51,304),
(860,635,29),
(861,959,309),
(862,38,436),
(863,521,312),
(864,934,82),
(865,408,307),
(866,941,375),
(867,861,115),
(868,157,319),
(869,169,113),
(870,605,440),
(871,621,375),
(872,732,292),
(873,197,103),
(874,185,115),
(875,982,106),
(876,510,62),
(877,4,167),
(878,664,403),
(879,926,56),
(880,911,160),
(881,533,262),
(882,177,159),
(883,901,113),
(884,330,374),
(885,773,240),
(886,367,179),
(887,46,355),
(888,879,430),
(889,755,109),
(890,598,358),
(891,341,241),
(892,989,258),
(893,532,120),
(894,662,355),
(895,725,375),
(896,12,282),
(897,628,443),
(898,820,481),
(899,271,128),
(900,172,214),
(901,238,158),
(902,161,153),
(903,247,359),
(904,752,170),
(905,616,379),
(906,975,96),
(907,736,32),
(908,153,193),
(909,889,134),
(910,715,403),
(911,175,328),
(912,71,441),
(913,622,469),
(914,990,459),
(915,116,150),
(916,114,72),
(917,215,441),
(918,928,107),
(919,252,336),
(920,775,429),
(921,967,411),
(922,742,340),
(923,284,488),
(924,937,369),
(925,143,45),
(926,342,444),
(927,676,368),
(928,55,498),
(929,948,327),
(930,932,362),
(931,513,382),
(932,931,135),
(933,56,25),
(934,632,66),
(935,15,329),
(936,997,199),
(937,873,408),
(938,634,486),
(939,290,178),
(940,580,190),
(941,993,19),
(942,897,127),
(943,68,205),
(944,307,496),
(945,362,132),
(946,692,345),
(947,411,410),
(948,484,65),
(949,236,45),
(950,972,299),
(951,398,141),
(952,168,166),
(953,547,103),
(954,249,84),
(955,499,383),
(956,814,409),
(957,224,22),
(958,461,282),
(959,504,106),
(960,690,125),
(961,318,404),
(962,544,350),
(963,445,369),
(964,720,316),
(965,535,96),
(966,737,233),
(967,673,245),
(968,579,388),
(969,949,163),
(970,767,138),
(971,222,132),
(972,119,318),
(973,328,428),
(974,404,88),
(975,556,41),
(976,429,128),
(977,354,489),
(978,696,109),
(979,45,409),
(980,714,258),
(981,821,394),
(982,447,39),
(983,333,496),
(984,760,256),
(985,225,233),
(986,151,323),
(987,939,150),
(988,962,394),
(989,189,103),
(990,87,99),
(991,964,478),
(992,123,109),
(993,65,241),
(994,315,452),
(995,34,56),
(996,281,211),
(997,996,369),
(998,483,416),
(999,80,75);

